concentration_g_L,shear_rate_s_inv,eta_mPa_s,eta_Pa_s,x_pdf_pt,y_pdf_pt
0.6,4.210543906345235,2.721687833263778,0.0027216878332637783,296.3451232910156,198.97354125976562
0.6,4.262167024398997,2.721687833263778,0.0027216878332637783,296.4482727050781,198.97354125976562
0.6,4.31440750982965,2.721687833263778,0.0027216878332637783,296.5513916015625,198.97354125976562
0.6,4.367288295910748,2.721687833263778,0.0027216878332637783,296.6545104980469,198.97354125976562
0.6,4.420817230672791,2.721687833263778,0.0027216878332637783,296.75762939453125,198.97354125976562
0.6,4.4750022583379385,2.721687833263778,0.0027216878332637783,296.8607482910156,198.97354125976562
0.6,4.5298677519680846,2.721687833263778,0.0027216878332637783,296.9638977050781,198.97354125976562
0.6,4.585389388953401,2.721687833263778,0.0027216878332637783,297.0670166015625,198.97354125976562
0.6,4.641591542974163,2.721687833263778,0.0027216878332637783,297.1701354980469,198.97354125976562
0.6,4.6984825549846505,2.721687833263778,0.0027216878332637783,297.27325439453125,198.97354125976562
0.6,4.75607086817246,2.721687833263778,0.0027216878332637783,297.3763732910156,198.97354125976562
0.6,4.814382386437294,2.721687833263778,0.0027216878332637783,297.4795227050781,198.97354125976562
0.6,4.87339125950034,2.721687833263778,0.0027216878332637783,297.5826416015625,198.97354125976562
0.6,4.93312339191852,2.721687833263778,0.0027216878332637783,297.6857604980469,198.97354125976562
0.6,4.993587648529736,2.721687833263778,0.0027216878332637783,297.78887939453125,198.97354125976562
0.6,5.054793002826355,2.721687833263778,0.0027216878332637783,297.8919982910156,198.97354125976562
0.6,5.116766985695646,2.721687833263778,0.0027216878332637783,297.9951477050781,198.97354125976562
0.6,5.179482123239082,2.721687833263778,0.0027216878332637783,298.0982666015625,198.97354125976562
0.6,5.242965947042431,2.721687833263778,0.0027216878332637783,298.2013854980469,198.97354125976562
0.6,5.307227878731629,2.721687833263778,0.0027216878332637783,298.30450439453125,198.97354125976562
0.6,5.372277455411493,2.721687833263778,0.0027216878332637783,298.4076232910156,198.97354125976562
0.6,5.4381439371456795,2.721687833263778,0.0027216878332637783,298.5107727050781,198.97354125976562
0.6,5.504798124438658,2.721687833263778,0.0027216878332637783,298.6138916015625,198.97354125976562
0.6,5.572269278096456,2.721687833263778,0.0027216878332637783,298.7170104980469,198.97354125976562
0.6,5.6405674115041,2.721687833263778,0.0027216878332637783,298.82012939453125,198.97354125976562
0.6,5.70970266077858,2.721687833263778,0.0027216878332637783,298.9232482910156,198.97354125976562
0.6,5.77970612376707,2.721687833263778,0.0027216878332637783,299.0263977050781,198.97354125976562
0.6,5.8505467669947215,2.721687833263778,0.0027216878332637783,299.1295166015625,198.97354125976562
0.6,5.922255689097706,2.721687833263778,0.0027216878332637783,299.2326354980469,198.97354125976562
0.6,5.994843532387713,2.721687833263778,0.0027216878332637783,299.33575439453125,198.97354125976562
0.6,6.068321069617005,2.721687833263778,0.0027216878332637783,299.4388732910156,198.97354125976562
0.6,6.142721351844888,2.721687833263778,0.0027216878332637783,299.5420227050781,198.97354125976562
0.6,6.218011396427515,2.721687833263778,0.0027216878332637783,299.6451416015625,198.97354125976562
0.6,6.2942242552627485,2.721687833263778,0.0027216878332637783,299.7482604980469,198.97354125976562
0.6,6.371371239090928,2.721687833263778,0.0027216878332637783,299.85137939453125,198.97354125976562
0.6,6.449463797285767,2.721687833263778,0.0027216878332637783,299.9544982910156,198.97354125976562
0.6,6.528537056797209,2.721687833263778,0.0027216878332637783,300.0576477050781,198.97354125976562
0.6,6.6085559633878495,2.721687833263778,0.0027216878332637783,300.1607666015625,198.97354125976562
0.6,6.68955564489885,2.721687833263778,0.0027216878332637783,300.2638854980469,198.97354125976562
0.6,6.771548122482281,2.721687833263778,0.0027216878332637783,300.36700439453125,198.97354125976562
0.6,6.854545564630945,2.721687833263778,0.0027216878332637783,300.4701232910156,198.97354125976562
0.6,6.938585304569197,2.721687833263778,0.0027216878332637783,300.5732727050781,198.97354125976562
0.6,7.02363008635219,2.721687833263778,0.0027216878332637783,300.6763916015625,198.97354125976562
0.6,7.109717244151483,2.721687833263778,0.0027216878332637783,300.7795104980469,198.97354125976562
0.6,7.196859554150825,2.721687833263778,0.0027216878332637783,300.88262939453125,198.97354125976562
0.6,7.28506994912897,2.721687833263778,0.0027216878332637783,300.9857482910156,198.97354125976562
0.6,7.37438810715769,2.721687833263778,0.0027216878332637783,301.0888977050781,198.97354125976562
0.6,7.464774432298544,2.721687833263778,0.0027216878332637783,301.1920166015625,198.97354125976562
0.6,7.556268603629988,2.721687833263778,0.0027216878332637783,301.2951354980469,198.97354125976562
0.6,7.648884199789945,2.721687833263778,0.0027216878332637783,301.39825439453125,198.97354125976562
0.6,7.7426349658468485,2.721687833263778,0.0027216878332637783,301.5013732910156,198.97354125976562
0.6,7.837563071996453,2.721687833263778,0.0027216878332637783,301.6045227050781,198.97354125976562
0.6,7.9336264353350066,2.721687833263778,0.0027216878332637783,301.7076416015625,198.97354125976562
0.6,8.030867227128189,2.721687833263778,0.0027216878332637783,301.8107604980469,198.97354125976562
0.6,8.129299878869109,2.721687833263778,0.0027216878332637783,301.91387939453125,198.97354125976562
0.6,8.228938998934645,2.721687833263778,0.0027216878332637783,302.0169982910156,198.97354125976562
0.6,8.329829406171356,2.721687833263778,0.0027216878332637783,302.1201477050781,198.97354125976562
0.6,8.43192637450738,2.721687833263778,0.0027216878332637783,302.2232666015625,198.97354125976562
0.6,8.535274723926394,2.721687833263778,0.0027216878332637783,302.3263854980469,198.97354125976562
0.6,8.639889792343325,2.721687833263778,0.0027216878332637783,302.42950439453125,198.97354125976562
0.6,8.745787105666706,2.721687833263778,0.0027216878332637783,302.5326232910156,198.97354125976562
0.6,8.85301429775192,2.721687833263778,0.0027216878332637783,302.6357727050781,198.97354125976562
0.6,8.961523833345327,2.721687833263778,0.0027216878332637783,302.7388916015625,198.97354125976562
0.6,9.071363347510852,2.721687833263778,0.0027216878332637783,302.8420104980469,198.97354125976562
0.6,9.182549141516338,2.721687833263778,0.0027216878332637783,302.94512939453125,198.97354125976562
0.6,9.295097716430826,2.721687833263778,0.0027216878332637783,303.0482482910156,198.97354125976562
0.6,9.409059697925297,2.721687833263778,0.0027216878332637783,303.1513977050781,198.97354125976562
0.6,9.524384565123553,2.721687833263778,0.0027216878332637783,303.2545166015625,198.97354125976562
0.6,9.641122944981023,2.721687833263778,0.0027216878332637783,303.3576354980469,198.97354125976562
0.6,9.759292162625286,2.721687833263778,0.0027216878332637783,303.46075439453125,198.97354125976562
0.6,9.878909755534377,2.721687833263778,0.0027216878332637783,303.5638732910156,198.97354125976562
0.6,10.000029529106593,2.721687833263778,0.0027216878332637783,303.6670227050781,198.97354125976562
0.6,10.122597789320436,2.721687833263778,0.0027216878332637783,303.7701416015625,198.97354125976562
0.6,10.246668342939325,2.693697935716598,0.002693697935716598,303.8732604980469,199.0767059326172
0.6,10.37225960325778,2.693697935716598,0.002693697935716598,303.97637939453125,199.0767059326172
0.6,10.49939020925822,2.693697935716598,0.002693697935716598,304.0794982910156,199.0767059326172
0.6,10.628117345780474,2.693697935716598,0.002693697935716598,304.1826477050781,199.0767059326172
0.6,10.758383946356927,2.693697935716598,0.002693697935716598,304.2857666015625,199.0767059326172
0.6,10.890247197278278,2.693697935716598,0.002693697935716598,304.3888854980469,199.0767059326172
0.6,11.023726668352232,2.693697935716598,0.002693697935716598,304.49200439453125,199.0767059326172
0.6,11.15884216924951,2.693697935716598,0.002693697935716598,304.5951232910156,199.0767059326172
0.6,11.295654476509478,2.693697935716598,0.002693697935716598,304.6982727050781,199.0767059326172
0.6,11.434102939399777,2.693697935716598,0.002693697935716598,304.8013916015625,199.0767059326172
0.6,11.57424833600176,2.693697935716598,0.002693697935716598,304.9045104980469,199.0767059326172
0.6,11.716111465275283,2.693697935716598,0.002693697935716598,305.00762939453125,199.0767059326172
0.6,11.859713381108673,2.693697935716598,0.002693697935716598,305.1107482910156,199.0767059326172
0.6,12.005075395443363,2.693697935716598,0.002693697935716598,305.2138671875,199.0767059326172
0.6,12.152262893820799,2.693697935716598,0.002693697935716598,305.3170166015625,199.0767059326172
0.6,12.30121062604713,2.693697935716598,0.002693697935716598,305.4201354980469,199.0767059326172
0.6,12.451983979322751,2.693697935716598,0.002693697935716598,305.52325439453125,199.0767059326172
0.6,12.60460532990116,2.693697935716598,0.002693697935716598,305.6263732910156,199.0767059326172
0.6,12.759097328296894,2.693697935716598,0.002693697935716598,305.7294921875,199.0767059326172
0.6,12.915529466825491,2.693697935716598,0.002693697935716598,305.8326416015625,199.0767059326172
0.6,13.073832397020023,2.693697935716598,0.002693697935716598,305.9357604980469,199.0767059326172
0.6,13.234075612959126,2.693697935716598,0.002693697935716598,306.03887939453125,199.0767059326172
0.6,13.396282896317393,2.693697935716598,0.002693697935716598,306.1419982910156,199.0767059326172
0.6,13.560478320256383,2.693697935716598,0.002693697935716598,306.2451171875,199.0767059326172
0.6,13.726686252997334,2.693697935716598,0.002693697935716598,306.3482360839844,199.0767059326172
0.6,13.894981456820666,2.693697935716598,0.002693697935716598,306.4513854980469,199.0767059326172
0.6,14.065289324203354,2.693697935716598,0.002693697935716598,306.55450439453125,199.0767059326172
0.6,14.237684619322641,2.693697935716598,0.002693697935716598,306.6576232910156,199.0767059326172
0.6,14.412192927341573,2.693697935716598,0.002693697935716598,306.7607421875,199.0767059326172
0.6,14.588840147015164,2.693697935716598,0.002693697935716598,306.8638610839844,199.0767059326172
0.6,14.767705736337694,2.693697935716598,0.002693697935716598,306.9670104980469,199.0767059326172
0.6,14.948710401792377,2.693697935716598,0.002693697935716598,307.07012939453125,199.0767059326172
0.6,15.131933603389449,2.693697935716598,0.002693697935716598,307.1732482910156,199.0767059326172
0.6,15.31740253326015,2.693697935716598,0.002693697935716598,307.2763671875,199.0767059326172
0.6,15.505144716823935,2.693697935716598,0.002693697935716598,307.3794860839844,199.0767059326172
0.6,15.695188016873544,2.693697935716598,0.002693697935716598,307.48260498046875,199.0767059326172
0.6,15.887617917117558,2.693697935716598,0.002693697935716598,307.58575439453125,199.0767059326172
0.6,16.082349110798077,2.693697935716598,0.002693697935716598,307.6888732910156,199.0767059326172
0.6,16.279467083792518,2.693697935716598,0.002693697935716598,307.7919921875,199.0767059326172
0.6,16.479001090353318,2.693697935716598,0.002693697935716598,307.8951110839844,199.0767059326172
0.6,16.68098074329611,2.693697935716598,0.002693697935716598,307.99822998046875,199.0767059326172
0.6,16.885496895441207,2.693697935716598,0.002693697935716598,308.10137939453125,199.0767059326172
0.6,17.092458882032997,2.693697935716598,0.002693697935716598,308.2044982910156,199.0767059326172
0.6,17.30195755819686,2.693697935716598,0.002693697935716598,308.3076171875,199.0767059326172
0.6,17.51402401560374,2.693697935716598,0.002693697935716598,308.4107360839844,199.0767059326172
0.6,17.728689727008675,2.693697935716598,0.002693697935716598,308.51385498046875,199.0767059326172
0.6,17.94605125157007,2.693697935716598,0.002693697935716598,308.61700439453125,199.0767059326172
0.6,18.166012230006288,2.693697935716598,0.002693697935716598,308.7201232910156,199.0767059326172
0.6,18.388669223925604,2.693697935716598,0.002693697935716598,308.8232421875,199.0767059326172
0.6,18.61405527782315,2.693697935716598,0.002693697935716598,308.9263610839844,199.0767059326172
0.6,18.842203841213532,2.693697935716598,0.002693697935716598,309.02947998046875,199.0767059326172
0.6,19.07314877359499,2.693697935716598,0.002693697935716598,309.1325988769531,199.0767059326172
0.6,19.306993956710755,2.693697935716598,0.002693697935716598,309.2357482910156,199.0767059326172
0.6,19.543635723852077,2.693697935716598,0.002693697935716598,309.3388671875,199.0767059326172
0.6,19.78317795939782,2.693697935716598,0.002693697935716598,309.4419860839844,199.0767059326172
0.6,20.02565621377961,2.693697935716598,0.002693697935716598,309.54510498046875,199.0767059326172
0.6,20.271106473163268,2.693697935716598,0.002693697935716598,309.6482238769531,199.0767059326172
0.6,20.519639143958493,2.693697935716598,0.002693697935716598,309.7513732910156,199.0767059326172
0.6,20.77114404829605,2.693697935716598,0.002693697935716598,309.8544921875,199.0767059326172
0.6,21.025731595386844,2.693697935716598,0.002693697935716598,309.9576110839844,199.0767059326172
0.6,21.2834395685352,2.693697935716598,0.002693697935716598,310.06072998046875,199.0767059326172
0.6,21.544306214147472,2.693697935716598,0.002693697935716598,310.1638488769531,199.0767059326172
0.6,21.808370247408206,2.693697935716598,0.002693697935716598,310.2669677734375,199.0767059326172
0.6,22.075750447421203,2.693697935716598,0.002693697935716598,310.3701171875,199.0767059326172
0.6,22.346328280954573,2.693697935716598,0.002693697935716598,310.4732360839844,199.0767059326172
0.6,22.62022253012572,2.693697935716598,0.002693697935716598,310.57635498046875,199.0767059326172
0.6,22.89747384354411,2.693697935716598,0.002693697935716598,310.6794738769531,199.0767059326172
0.6,23.178123368040637,2.693697935716598,0.002693697935716598,310.7825927734375,199.0767059326172
0.6,23.46229734306793,2.693697935716598,0.002693697935716598,310.8857421875,199.0767059326172
0.6,23.749869790488145,2.693697935716598,0.002693697935716598,310.9888610839844,199.0767059326172
0.6,24.04096695295677,2.693697935716598,0.002693697935716598,311.09197998046875,199.0767059326172
0.6,24.335632032165353,2.693697935716598,0.002693697935716598,311.1950988769531,199.0767059326172
0.6,24.633908759319503,2.693697935716598,0.002693697935716598,311.2982177734375,199.0767059326172
0.6,24.9359313027946,2.693697935716598,0.002693697935716598,311.4013671875,199.0767059326172
0.6,25.24156577194286,2.693697935716598,0.002693697935716598,311.5044860839844,199.0767059326172
0.6,25.5509463385437,2.693697935716598,0.002693697935716598,311.60760498046875,199.0767059326172
0.6,25.86411891772631,2.693697935716598,0.002693697935716598,311.7107238769531,199.0767059326172
0.6,26.181129987391902,2.693697935716598,0.002693697935716598,311.8138427734375,199.0767059326172
0.6,26.502122142843188,2.693697935716598,0.002693697935716598,311.9169921875,199.0767059326172
0.6,26.82695308394874,2.693697935716598,0.002693697935716598,312.0201110839844,199.0767059326172
0.6,27.155765409629115,2.693697935716598,0.002693697935716598,312.12322998046875,199.0767059326172
0.6,27.488607918878255,2.693697935716598,0.002693697935716598,312.2263488769531,199.0767059326172
0.6,27.825530008809157,2.693697935716598,0.002693697935716598,312.3294677734375,199.0767059326172
0.6,28.166683230935295,2.693697935716598,0.002693697935716598,312.4326171875,199.0767059326172
0.6,28.51191634745376,2.693697935716598,0.002693697935716598,312.5357360839844,199.0767059326172
0.6,28.861380913723117,2.693697935716598,0.002693697935716598,312.63885498046875,199.0767059326172
0.6,29.21512879373362,2.693697935716598,0.002693697935716598,312.7419738769531,199.0767059326172
0.6,29.573212487161587,2.693697935716598,0.002693697935716598,312.8450927734375,199.0767059326172
0.6,29.935793064258323,2.693697935716598,0.002693697935716598,312.9482421875,199.0767059326172
0.6,30.302709788186778,2.693697935716598,0.002693697935716598,313.0513610839844,199.0767059326172
0.6,30.67412373328488,2.693697935716598,0.002693697935716598,313.15447998046875,199.0767059326172
0.6,31.050090021047303,2.693697935716598,0.002693697935716598,313.2575988769531,199.0767059326172
0.6,31.4306644485813,2.693697935716598,0.002693697935716598,313.3607177734375,199.0767059326172
0.6,31.816018202734583,2.693697935716598,0.002693697935716598,313.4638671875,199.0767059326172
0.6,32.205980451015016,2.693697935716598,0.002693697935716598,313.5669860839844,199.0767059326172
0.6,32.600722384613526,2.693697935716598,0.002693697935716598,313.67010498046875,199.0767059326172
0.6,33.00030258712854,2.6798111159461526,0.0026798111159461527,313.7732238769531,199.12828826904297
0.6,33.40478036020528,2.665995886891497,0.002665995886891497,313.8763427734375,199.17987060546875
0.6,33.81433764269701,2.665995886891497,0.002665995886891497,313.9794921875,199.17987060546875
0.6,34.228792872362625,2.665995886891497,0.002665995886891497,314.0826110839844,199.17987060546875
0.6,34.64832799267142,2.665995886891497,0.002665995886891497,314.18572998046875,199.17987060546875
0.6,35.0730052667754,2.665995886891497,0.002665995886891497,314.2888488769531,199.17987060546875
0.6,35.50288772097287,2.665995886891497,0.002665995886891497,314.3919677734375,199.17987060546875
0.6,35.93816872144108,2.665995886891497,0.002665995886891497,314.4951171875,199.17987060546875
0.6,36.378655302269415,2.665995886891497,0.002665995886891497,314.5982360839844,199.17987060546875
0.6,36.82454083454109,2.665995886891497,0.002665995886891497,314.70135498046875,199.17987060546875
0.6,37.275891492069235,2.665995886891497,0.002665995886891497,314.8044738769531,199.17987060546875
0.6,37.732774259745526,2.665995886891497,0.002665995886891497,314.9075927734375,199.17987060546875
0.6,38.19539464880535,2.665995886891497,0.002665995886891497,315.0107421875,199.17987060546875
0.6,38.663547573420075,2.665995886891497,0.002665995886891497,315.1138610839844,199.17987060546875
0.6,39.137438550039285,2.665995886891497,0.002665995886891497,315.21697998046875,199.17987060546875
0.6,39.61713790876038,2.665995886891497,0.002665995886891497,315.3200988769531,199.17987060546875
0.6,40.10271684170201,2.665995886891497,0.002665995886891497,315.4232177734375,199.17987060546875
0.6,40.59439376797181,2.665995886891497,0.002665995886891497,315.5263671875,199.17987060546875
0.6,41.09195072058815,2.665995886891497,0.002665995886891497,315.6294860839844,199.17987060546875
0.6,41.59560612420029,2.665995886891497,0.002665995886891497,315.73260498046875,199.17987060546875
0.6,42.10543472624032,2.665995886891497,0.002665995886891497,315.8357238769531,199.17987060546875
0.6,42.621512190303946,2.665995886891497,0.002665995886891497,315.9388427734375,199.17987060546875
0.6,43.14407065409628,2.665995886891497,0.002665995886891497,316.0419921875,199.17987060546875
0.6,43.67287846043563,2.665995886891497,0.002665995886891497,316.1451110839844,199.17987060546875
0.6,44.20816775291677,2.665995886891497,0.002665995886891497,316.24822998046875,199.17987060546875
0.6,44.750017973753145,2.665995886891497,0.002665995886891497,316.3513488769531,199.17987060546875
0.6,45.298509538864664,2.665995886891497,0.002665995886891497,316.4544677734375,199.17987060546875
0.6,45.85388916619981,2.665995886891497,0.002665995886891497,316.5576171875,199.17987060546875
0.6,46.415910648514526,2.665995886891497,0.002665995886891497,316.6607360839844,199.17987060546875
0.6,46.9848207100169,2.665995886891497,0.002665995886891497,316.76385498046875,199.17987060546875
0.6,47.560703782574215,2.665995886891497,0.002665995886891497,316.8669738769531,199.17987060546875
0.6,48.1436453329175,2.665995886891497,0.002665995886891497,316.9700927734375,199.17987060546875
0.6,48.73390757500321,2.665995886891497,0.002665995886891497,317.0732421875,199.17987060546875
0.6,49.331228837655914,2.665995886891497,0.002665995886891497,317.1763610839844,199.17987060546875
0.6,49.935871341484855,2.665995886891497,0.002665995886891497,317.27947998046875,199.17987060546875
0.6,50.547924821404415,2.665995886891497,0.002665995886891497,317.3825988769531,199.17987060546875
0.6,51.16748011219093,2.665995886891497,0.002665995886891497,317.4857177734375,199.17987060546875
0.6,51.79481589709147,2.665995886891497,0.002665995886891497,317.5888671875,199.17987060546875
0.6,52.429654069731306,2.665995886891497,0.002665995886891497,317.6919860839844,199.17987060546875
0.6,53.07227332042813,2.665995886891497,0.002665995886891497,317.79510498046875,199.17987060546875
0.6,53.72276902022028,2.665995886891497,0.002665995886891497,317.8982238769531,199.17987060546875
0.6,54.381237709088886,2.665995886891497,0.002665995886891497,318.0013427734375,199.17987060546875
0.6,55.047975573984566,2.665995886891497,0.002665995886891497,318.1044921875,199.17987060546875
0.6,55.72268704106161,2.665995886891497,0.002665995886891497,318.2076110839844,199.17987060546875
0.6,56.405668304785266,2.665995886891497,0.002665995886891497,318.31072998046875,199.17987060546875
0.6,57.09702072631499,2.665995886891497,0.002665995886891497,318.4138488769531,199.17987060546875
0.6,57.7968469091726,2.665995886891497,0.002665995886891497,318.5169677734375,199.17987060546875
0.6,58.50546164339521,2.665995886891497,0.002665995886891497,318.6201171875,199.17987060546875
0.6,59.22255079055888,2.665995886891497,0.002665995886891497,318.7232360839844,199.17987060546875
0.6,59.9484291486874,2.665995886891497,0.002665995886891497,318.82635498046875,199.17987060546875
0.6,60.683204445292304,2.665995886891497,0.002665995886891497,318.9294738769531,199.17987060546875
0.6,61.42698572827866,2.665995886891497,0.002665995886891497,319.0325927734375,199.17987060546875
0.6,62.18010755920387,2.665995886891497,0.002665995886891497,319.1357421875,199.17987060546875
0.6,62.94223606905059,2.665995886891497,0.002665995886891497,319.2388610839844,199.17987060546875
0.6,63.71370582786456,2.6385787265458838,0.0026385787265458837,319.34197998046875,199.2830352783203
0.6,64.49463132937107,2.6385787265458838,0.0026385787265458837,319.4450988769531,199.2830352783203
0.6,65.28512847062105,2.6385787265458838,0.0026385787265458837,319.5482177734375,199.2830352783203
0.6,66.08555282651369,2.6385787265458838,0.0026385787265458837,319.6513671875,199.2830352783203
0.6,66.89554955818724,2.6385787265458838,0.0026385787265458837,319.7544860839844,199.2830352783203
0.6,67.71547424956246,2.6385787265458838,0.0026385787265458837,319.85760498046875,199.2830352783203
0.6,68.54544858555481,2.6385787265458838,0.0026385787265458837,319.9607238769531,199.2830352783203
0.6,69.38559574254616,2.6385787265458838,0.0026385787265458837,320.0638427734375,199.2830352783203
0.6,70.23629362859607,2.6385787265458838,0.0026385787265458837,320.1669921875,199.2830352783203
0.6,71.097165117912,2.6385787265458838,0.0026385787265458837,320.2701110839844,199.2830352783203
0.6,71.96858812814156,2.6385787265458838,0.0026385787265458837,320.37322998046875,199.2830352783203
0.6,72.85069198705897,2.6385787265458838,0.0026385787265458837,320.4763488769531,199.2830352783203
0.6,73.74360760758174,2.6385787265458838,0.0026385787265458837,320.5794677734375,199.2830352783203
0.6,74.64773663364404,2.6385787265458838,0.0026385787265458837,320.6826171875,199.2830352783203
0.6,75.56267825271188,2.6385787265458838,0.0026385787265458837,320.7857360839844,199.2830352783203
0.6,76.48883411890962,2.6385787265458838,0.0026385787265458837,320.88885498046875,199.2830352783203
0.6,77.42634168290753,2.6385787265458838,0.0026385787265458837,320.9919738769531,199.2830352783203
0.6,78.3753400800797,2.6385787265458838,0.0026385787265458837,321.0950927734375,199.2830352783203
0.6,79.33625618105194,2.6385787265458838,0.0026385787265458837,321.1982421875,199.2830352783203
0.6,80.30866399881765,2.6385787265458838,0.0026385787265458837,321.3013610839844,199.2830352783203
0.6,81.29299041483299,2.6385787265458838,0.0026385787265458837,321.40447998046875,199.2830352783203
0.6,82.2893815128517,2.6385787265458838,0.0026385787265458837,321.5075988769531,199.2830352783203
0.6,83.29798516714555,2.6385787265458838,0.0026385787265458837,321.6107177734375,199.2830352783203
0.6,84.3192550594851,2.6385787265458838,0.0026385787265458837,321.7138671875,199.2830352783203
0.6,85.35273844721782,2.6385787265458838,0.0026385787265458837,321.8169860839844,199.2830352783203
0.6,86.39888902362487,2.6385787265458838,0.0026385787265458837,321.92010498046875,199.2830352783203
0.6,87.45786204777559,2.6385787265458838,0.0026385787265458837,322.0232238769531,199.2830352783203
0.6,88.529814681717,2.6385787265458838,0.0026385787265458837,322.1263427734375,199.2830352783203
0.6,89.61522910233495,2.6385787265458838,0.0026385787265458837,322.2294921875,199.2830352783203
0.6,90.71362413084631,2.6385787265458838,0.0026385787265458837,322.3326110839844,199.2830352783203
0.6,91.82548195637051,2.6385787265458838,0.0026385787265458837,322.43572998046875,199.2830352783203
0.6,92.95096758958098,2.6385787265458838,0.0026385787265458837,322.5388488769531,199.2830352783203
0.6,94.09024806365234,2.6385787265458838,0.0026385787265458837,322.6419677734375,199.2830352783203
0.6,95.24383584032364,2.6385787265458838,0.0026385787265458837,322.7451171875,199.2830352783203
0.6,96.41121951864805,2.6385787265458838,0.0026385787265458837,322.8482360839844,199.2830352783203
0.6,97.59291157336648,2.6385787265458838,0.0026385787265458837,322.95135498046875,199.2830352783203
0.6,98.78908737924128,2.6385787265458838,0.0026385787265458837,323.0544738769531,199.2830352783203
0.6,99.99992446056623,2.6249760628099716,0.002624976062809972,323.1575927734375,199.3346176147461
0.6,101.22596746608284,2.61144352488037,0.00261144352488037,323.2607421875,199.38619995117188
0.6,102.46667287446867,2.61144352488037,0.00261144352488037,323.3638610839844,199.38619995117188
0.6,103.7225853482838,2.61144352488037,0.00261144352488037,323.46697998046875,199.38619995117188
0.6,104.99389127733305,2.61144352488037,0.00261144352488037,323.5700988769531,199.38619995117188
0.6,106.28077933596188,2.61144352488037,0.00261144352488037,323.6732177734375,199.38619995117188
0.6,107.58382838153489,2.61144352488037,0.00261144352488037,323.7763671875,199.38619995117188
0.6,108.90246075491822,2.61144352488037,0.00261144352488037,323.8794860839844,199.38619995117188
0.6,110.23725532816276,2.61144352488037,0.00261144352488037,323.98260498046875,199.38619995117188
0.6,111.58841019795533,2.61144352488037,0.00261144352488037,324.0857238769531,199.38619995117188
0.6,112.95612588901228,2.61144352488037,0.00261144352488037,324.1888427734375,199.38619995117188
0.6,114.34101761591634,2.61144352488037,0.00261144352488037,324.2919921875,199.38619995117188
0.6,115.74247143757474,2.61144352488037,0.00261144352488037,324.3951110839844,199.38619995117188
0.6,117.16110258417908,2.61144352488037,0.00261144352488037,324.49822998046875,199.38619995117188
0.6,118.59712159459106,2.61144352488037,0.00261144352488037,324.6013488769531,199.38619995117188
0.6,120.05074158820294,2.61144352488037,0.00261144352488037,324.7044677734375,199.38619995117188
0.6,121.52261642036176,2.61144352488037,0.00261144352488037,324.8076171875,199.38619995117188
0.6,123.01209358919652,2.61144352488037,0.00261144352488037,324.9107360839844,199.38619995117188
0.6,124.51982696664358,2.61144352488037,0.00261144352488037,325.01385498046875,199.38619995117188
0.6,126.04604031521492,2.61144352488037,0.00261144352488037,325.1169738769531,199.38619995117188
0.6,127.59096014003266,2.61144352488037,0.00261144352488037,325.2200927734375,199.38619995117188
0.6,129.15528136418047,2.61144352488037,0.00261144352488037,325.3232421875,199.38619995117188
0.6,130.7383105030604,2.61144352488037,0.00261144352488037,325.4263610839844,199.38619995117188
0.6,132.3407424973876,2.61144352488037,0.00261144352488037,325.52947998046875,199.38619995117188
0.6,133.96281516388322,2.61144352488037,0.00261144352488037,325.6325988769531,199.38619995117188
0.6,135.6047692341381,2.61144352488037,0.00261144352488037,325.7357177734375,199.38619995117188
0.6,137.26734327837926,2.61144352488037,0.00261144352488037,325.8388671875,199.38619995117188
0.6,138.94980025521468,2.61144352488037,0.00261144352488037,325.9419860839844,199.38619995117188
0.6,140.65287875361028,2.61144352488037,0.00261144352488037,326.04510498046875,199.38619995117188
0.6,142.3768315272216,2.59798075123754,0.00259798075123754,326.1482238769531,199.43778228759766
0.6,144.1219144276528,2.584587382225686,0.002584587382225686,326.2513427734375,199.48936462402344
0.6,145.88891241369,2.584587382225686,0.002584587382225686,326.3544921875,199.48936462402344
0.6,147.6770421514062,2.584587382225686,0.002584587382225686,326.4576110839844,199.48936462402344
0.6,149.48708861950294,2.584587382225686,0.002584587382225686,326.56072998046875,199.48936462402344
0.6,151.31932044673852,2.584587382225686,0.002584587382225686,326.6638488769531,199.48936462402344
0.6,153.17400955439706,2.584587382225686,0.002584587382225686,326.7669677734375,199.48936462402344
0.6,155.05143119664476,2.584587382225686,0.002584587382225686,326.8700866699219,199.48936462402344
0.6,156.9524298597883,2.584587382225686,0.002584587382225686,326.9732360839844,199.48936462402344
0.6,158.8761628056017,2.584587382225686,0.002584587382225686,327.07635498046875,199.48936462402344
0.6,160.82347454181732,2.584587382225686,0.002584587382225686,327.1794738769531,199.48936462402344
0.6,162.79465406871387,2.584587382225686,0.002584587382225686,327.2825927734375,199.48936462402344
0.6,164.78999392878515,2.584587382225686,0.002584587382225686,327.3857116699219,199.48936462402344
0.6,166.81039164933733,2.584587382225686,0.002584587382225686,327.4888610839844,199.48936462402344
0.6,168.85495156093947,2.584587382225686,0.002584587382225686,327.59197998046875,199.48936462402344
0.6,170.92457121366922,2.584587382225686,0.002584587382225686,327.6950988769531,199.48936462402344
0.6,173.01955775950657,2.584587382225686,0.002584587382225686,327.7982177734375,199.48936462402344
0.6,175.1402221151293,2.584587382225686,0.002584587382225686,327.9013366699219,199.48936462402344
0.6,177.28751818027345,2.584587382225686,0.002584587382225686,328.0044860839844,199.48936462402344
0.6,179.4604940297685,2.584587382225686,0.002584587382225686,328.10760498046875,199.48936462402344
0.6,181.66010358755253,2.584587382225686,0.002584587382225686,328.2107238769531,199.48936462402344
0.6,183.88667329739016,2.584587382225686,0.002584587382225686,328.3138427734375,199.48936462402344
0.6,186.14053360419925,2.584587382225686,0.002584587382225686,328.4169616699219,199.48936462402344
0.6,188.42201900309098,2.5580074287328274,0.0025580074287328276,328.52008056640625,199.592529296875
0.6,190.73215573299584,2.5580074287328274,0.0025580074287328276,328.62322998046875,199.592529296875
0.6,193.06991967929065,2.5580074287328274,0.0025580074287328276,328.7263488769531,199.592529296875
0.6,195.43633710694309,2.5580074287328274,0.0025580074287328276,328.8294677734375,199.592529296875
0.6,197.8317592156518,2.5580074287328274,0.0025580074287328276,328.9325866699219,199.592529296875
0.6,200.25654150969692,2.5580074287328274,0.0025580074287328276,329.03570556640625,199.592529296875
0.6,202.71177468463534,2.5580074287328274,0.0025580074287328276,329.13885498046875,199.592529296875
0.6,205.19637030264207,2.5580074287328274,0.0025580074287328276,329.2419738769531,199.592529296875
0.6,207.7114190869467,2.5580074287328274,0.0025580074287328276,329.3450927734375,199.592529296875
0.6,210.2572942956082,2.5580074287328274,0.0025580074287328276,329.4482116699219,199.592529296875
0.6,212.8343737616308,2.5580074287328274,0.0025580074287328276,329.55133056640625,199.592529296875
0.6,215.44303994903916,2.5580074287328274,0.0025580074287328276,329.6544494628906,199.592529296875
0.6,218.08446626652528,2.5580074287328274,0.0025580074287328276,329.7575988769531,199.592529296875
0.6,220.75748173434465,2.5580074287328274,0.0025580074287328276,329.8607177734375,199.592529296875
0.6,223.46325979096054,2.5580074287328274,0.0025580074287328276,329.9638366699219,199.592529296875
0.6,226.20220200053808,2.5580074287328274,0.0025580074287328276,330.06695556640625,199.592529296875
0.6,228.9747148491297,2.5580074287328274,0.0025580074287328276,330.1700744628906,199.592529296875
0.6,231.78204544558076,2.5580074287328274,0.0025580074287328276,330.2732238769531,199.592529296875
0.6,234.62294926255265,2.5580074287328274,0.0025580074287328276,330.3763427734375,199.592529296875
0.6,237.49867344053123,2.5580074287328274,0.0025580074287328276,330.4794616699219,199.592529296875
0.6,240.4096447653631,2.5316969532115174,0.0025316969532115175,330.58258056640625,199.69570922851562
0.6,243.35629525391928,2.5316969532115174,0.0025316969532115175,330.6856994628906,199.69570922851562
0.6,246.33995034420033,2.5316969532115174,0.0025316969532115175,330.7888488769531,199.69570922851562
0.6,249.35928734185322,2.5316969532115174,0.0025316969532115175,330.8919677734375,199.69570922851562
0.6,252.41563171850677,2.5316969532115174,0.0025316969532115175,330.9950866699219,199.69570922851562
0.6,255.50943706582748,2.5316969532115174,0.0025316969532115175,331.09820556640625,199.69570922851562
0.6,258.6411625350596,2.5316969532115174,0.0025316969532115175,331.2013244628906,199.69570922851562
0.6,261.8112729051674,2.5316969532115174,0.0025316969532115175,331.304443359375,199.69570922851562
0.6,265.02119412903164,2.5316969532115174,0.0025316969532115175,331.4075927734375,199.69570922851562
0.6,268.26950320548417,2.5316969532115174,0.0025316969532115175,331.5107116699219,199.69570922851562
0.6,271.55762612358376,2.5316969532115174,0.0025316969532115175,331.61383056640625,199.69570922851562
0.6,274.8860508732197,2.5316969532115174,0.0025316969532115175,331.7169494628906,199.69570922851562
0.6,278.2552714254708,2.5316969532115174,0.0025316969532115175,331.820068359375,199.69570922851562
0.6,281.66680329531573,2.5316969532115174,0.0025316969532115175,331.9232177734375,199.69570922851562
0.6,285.1191341048814,2.5316969532115174,0.0025316969532115175,332.0263366699219,199.69570922851562
0.6,288.6137794075973,2.5316969532115174,0.0025316969532115175,332.12945556640625,199.69570922851562
0.6,292.1512578433126,2.5316969532115174,0.0025316969532115175,332.2325744628906,199.69570922851562
0.6,295.73209440873615,2.5056647571009925,0.0025056647571009925,332.335693359375,199.79885864257812
0.6,299.3568205353512,2.5056647571009925,0.0025056647571009925,332.4388122558594,199.79885864257812
0.6,303.0270666675447,2.5056647571009925,0.0025056647571009925,332.5419616699219,199.79885864257812
0.6,306.74120573593837,2.5056647571009925,0.0025056647571009925,332.64508056640625,199.79885864257812
0.6,310.50086822628595,2.5056647571009925,0.0025056647571009925,332.7481994628906,199.79885864257812
0.6,314.30661210960255,2.5056647571009925,0.0025056647571009925,332.851318359375,199.79885864257812
0.6,318.1590021958369,2.5056647571009925,0.0025056647571009925,332.9544372558594,199.79885864257812
0.6,322.0597713352991,2.5056647571009925,0.0025056647571009925,333.0575866699219,199.79885864257812
0.6,326.0071902646672,2.5056647571009925,0.0025056647571009925,333.16070556640625,199.79885864257812
0.6,330.00299187821633,2.5056647571009925,0.0025056647571009925,333.2638244628906,199.79885864257812
0.6,334.04776919233785,2.5056647571009925,0.0025056647571009925,333.366943359375,199.79885864257812
0.6,338.14212249190035,2.5056647571009925,0.0025056647571009925,333.4700622558594,199.79885864257812
0.6,342.2878934651094,2.5056647571009925,0.0025056647571009925,333.5732116699219,199.79885864257812
0.6,346.4832442360413,2.5056647571009925,0.0025056647571009925,333.67633056640625,199.79885864257812
0.6,350.730016539628,2.5056647571009925,0.0025056647571009925,333.7794494628906,199.79885864257812
0.6,355.0288406387879,2.492745399043586,0.002492745399043586,333.882568359375,199.85044860839844
0.6,359.3803545214396,2.4798926539726707,0.0024798926539726708,333.9856872558594,199.90203857421875
0.6,363.7865155496397,2.4798926539726707,0.0024798926539726708,334.0888366699219,199.90203857421875
0.6,368.2453704130568,2.4798926539726707,0.0024798926539726708,334.19195556640625,199.90203857421875
0.6,372.75887652340947,2.4798926539726707,0.0024798926539726708,334.2950744628906,199.90203857421875
0.6,377.32770372954496,2.4798926539726707,0.0024798926539726708,334.398193359375,199.90203857421875
0.6,381.95253009050737,2.4798926539726707,0.0024798926539726708,334.5013122558594,199.90203857421875
0.6,386.6354359075164,2.4798926539726707,0.0024798926539726708,334.6044616699219,199.90203857421875
0.6,391.3743451855612,2.4798926539726707,0.0024798926539726708,334.70758056640625,199.90203857421875
0.6,396.1713382786413,2.4798926539726707,0.0024798926539726708,334.8106994628906,199.90203857421875
0.6,401.02712710787097,2.4798926539726707,0.0024798926539726708,334.913818359375,199.90203857421875
0.6,405.9424323202305,2.4798926539726707,0.0024798926539726708,335.0169372558594,199.90203857421875
0.6,410.9194648777391,2.4798926539726707,0.0024798926539726708,335.1200866699219,199.90203857421875
0.6,415.9560183950532,2.4798926539726707,0.0024798926539726708,335.22320556640625,199.90203857421875
0.6,421.0543038902875,2.4543893833681714,0.0024543893833681714,335.3263244628906,200.0052032470703
0.6,426.21507799932044,2.4543893833681714,0.0024543893833681714,335.429443359375,200.0052032470703
0.6,431.43910663195896,2.4543893833681714,0.0024543893833681714,335.5325622558594,200.0052032470703
0.6,436.7287396176424,2.4543893833681714,0.0024543893833681714,335.6357116699219,200.0052032470703
0.6,442.08163199106133,2.4543893833681714,0.0024543893833681714,335.73883056640625,200.0052032470703
0.6,447.5001336412741,2.4543893833681714,0.0024543893833681714,335.8419494628906,200.0052032470703
0.6,452.98504872739665,2.4543893833681714,0.0024543893833681714,335.945068359375,200.0052032470703
0.6,458.5371912649557,2.4543893833681714,0.0024543893833681714,336.0481872558594,200.0052032470703
0.6,464.159058672879,2.4543893833681714,0.0024543893833681714,336.1513366699219,200.0052032470703
0.6,469.8481587018778,2.4543893833681714,0.0024543893833681714,336.25445556640625,200.0052032470703
0.6,475.60698883424357,2.4543893833681714,0.0024543893833681714,336.3575744628906,200.0052032470703
0.6,481.43640373719785,2.4543893833681714,0.0024543893833681714,336.460693359375,200.0052032470703
0.6,487.33726855343843,2.429148388959573,0.002429148388959573,336.5638122558594,200.10836791992188
0.6,493.31223756127156,2.429148388959573,0.002429148388959573,336.6669616699219,200.10836791992188
0.6,499.3586619767287,2.429148388959573,0.002429148388959573,336.77008056640625,200.10836791992188
0.6,505.47919614545805,2.429148388959573,0.002429148388959573,336.8731994628906,200.10836791992188
0.6,511.6747484151297,2.429148388959573,0.002429148388959573,336.976318359375,200.10836791992188
0.6,517.9462382668403,2.429148388959573,0.002429148388959573,337.0794372558594,200.10836791992188
0.6,524.2964866903886,2.429148388959573,0.002429148388959573,337.1825866699219,200.10836791992188
0.6,530.7226785354053,2.429148388959573,0.002429148388959573,337.28570556640625,200.10836791992188
0.6,537.2276348632619,2.429148388959573,0.002429148388959573,337.3888244628906,200.10836791992188
0.6,543.8123210736704,2.429148388959573,0.002429148388959573,337.491943359375,200.10836791992188
0.6,550.4777143990445,2.429148388959573,0.002429148388959573,337.5950622558594,200.10836791992188
0.6,557.2268130115923,2.4041669734927074,0.0024041669734927076,337.6982116699219,200.21153259277344
0.6,564.0566249453012,2.4041669734927074,0.0024041669734927076,337.80133056640625,200.21153259277344
0.6,570.9701484484477,2.4041669734927074,0.0024041669734927076,337.9044494628906,200.21153259277344
0.6,577.9684095561445,2.4041669734927074,0.0024041669734927076,338.007568359375,200.21153259277344
0.6,585.0524468794009,2.4041669734927074,0.0024041669734927076,338.1106872558594,200.21153259277344
0.6,592.2254469014134,2.4041669734927074,0.0024041669734927076,338.2138366699219,200.21153259277344
0.6,599.4842297349827,2.4041669734927074,0.0024041669734927076,338.31695556640625,200.21153259277344
0.6,606.8319819441521,2.4041669734927074,0.0024041669734927076,338.4200744628906,200.21153259277344
0.6,614.2697940078588,2.4041669734927074,0.0024041669734927076,338.523193359375,200.21153259277344
0.6,621.7987697708118,2.4041669734927074,0.0024041669734927076,338.6263122558594,200.21153259277344
0.6,629.4222958547439,2.391772772563096,0.0023917727725630963,338.7294616699219,200.26311492919922
0.6,637.1369926482046,2.3794424674520274,0.0023794424674520274,338.83258056640625,200.314697265625
0.6,644.9462468588516,2.3794424674520274,0.0023794424674520274,338.9356994628906,200.314697265625
0.6,652.8512174570733,2.3794424674520274,0.0023794424674520274,339.038818359375,200.314697265625
0.6,660.8530776185153,2.3794424674520274,0.0023794424674520274,339.1419372558594,200.314697265625
0.6,668.9554266738672,2.3794424674520274,0.0023794424674520274,339.2450866699219,200.314697265625
0.6,677.1546727430285,2.3794424674520274,0.0023794424674520274,339.34820556640625,200.314697265625
0.6,685.4544152480083,2.3794424674520274,0.0023794424674520274,339.4513244628906,200.314697265625
0.6,693.8558859525004,2.3794424674520274,0.0023794424674520274,339.554443359375,200.314697265625
0.6,702.3603317176651,2.3794424674520274,0.0023794424674520274,339.6575622558594,200.314697265625
0.6,710.9715779430996,2.36717391910497,0.0023671739191049703,339.7607116699219,200.3662872314453
0.6,719.6858071477569,2.3549686281304294,0.0023549686281304294,339.86383056640625,200.41787719726562
0.6,728.5068448282902,2.3549686281304294,0.0023549686281304294,339.9669494628906,200.41787719726562
0.6,737.4360001137395,2.3549686281304294,0.0023549686281304294,340.070068359375,200.41787719726562
0.6,746.4745981788665,2.3549686281304294,0.0023549686281304294,340.1731872558594,200.41787719726562
0.6,755.6267046912465,2.3549686281304294,0.0023549686281304294,340.2763366699219,200.41787719726562
0.6,764.8882623992064,2.3549686281304294,0.0023549686281304294,340.37945556640625,200.41787719726562
0.6,774.2633370734744,2.3549686281304294,0.0023549686281304294,340.4825744628906,200.41787719726562
0.6,783.7533200676484,2.3549686281304294,0.0023549686281304294,340.585693359375,200.41787719726562
0.6,793.359619788854,2.342829850449363,0.002342829850449363,340.6888122558594,200.46945190429688
0.6,803.0865572635423,2.3307536425714908,0.002330753642571491,340.7919616699219,200.52102661132812
0.6,812.9298204097573,2.3307536425714908,0.002330753642571491,340.89508056640625,200.52102661132812
0.6,822.8937303635788,2.3307536425714908,0.002330753642571491,340.9981994628906,200.52102661132812
0.6,832.9797658675714,2.3307536425714908,0.002330753642571491,341.101318359375,200.52102661132812
0.6,843.1894237889348,2.3307536425714908,0.002330753642571491,341.2044372558594,200.52102661132812
0.6,853.5272965517258,2.3307536425714908,0.002330753642571491,341.3075866699219,200.52102661132812
0.6,863.988801238174,2.3307536425714908,0.002330753642571491,341.41070556640625,200.52102661132812
0.6,874.5785303888505,2.3307536425714908,0.002330753642571491,341.5138244628906,200.52102661132812
0.6,885.2980556240641,2.3067805938734036,0.0023067805938734036,341.616943359375,200.62420654296875
0.6,896.1489678271437,2.3067805938734036,0.0023067805938734036,341.7200622558594,200.62420654296875
0.6,907.1361478658507,2.3067805938734036,0.0023067805938734036,341.8232116699219,200.62420654296875
0.6,918.2547249757862,2.3067805938734036,0.0023067805938734036,341.92633056640625,200.62420654296875
0.6,929.5095801485465,2.3067805938734036,0.0023067805938734036,342.0294494628906,200.62420654296875
0.6,940.902383715706,2.3067805938734036,0.0023067805938734036,342.132568359375,200.62420654296875
0.6,952.434826481742,2.3067805938734036,0.0023067805938734036,342.2356872558594,200.62420654296875
0.6,964.1120958748681,2.3067805938734036,0.0023067805938734036,342.3388366699219,200.62420654296875
0.6,975.9290152048114,2.28305761150297,0.00228305761150297,342.44195556640625,200.7273712158203
0.6,987.8907720313985,2.28305761150297,0.00228305761150297,342.5450744628906,200.7273712158203
0.6,999.9991415973846,2.28305761150297,0.00228305761150297,342.648193359375,200.7273712158203
1.5,5.6405674115041,3.788805902278602,0.0037888059022786022,298.82012939453125,195.67221069335938
1.5,5.70970266077858,3.788805902278602,0.0037888059022786022,298.9232482910156,195.67221069335938
1.5,5.77970612376707,3.788805902278602,0.0037888059022786022,299.0263977050781,195.67221069335938
1.5,5.8505467669947215,3.788805902278602,0.0037888059022786022,299.1295166015625,195.67221069335938
1.5,5.922255689097706,3.788805902278602,0.0037888059022786022,299.2326354980469,195.67221069335938
1.5,5.994843532387713,3.788805902278602,0.0037888059022786022,299.33575439453125,195.67221069335938
1.5,6.068321069617005,3.788805902278602,0.0037888059022786022,299.4388732910156,195.67221069335938
1.5,6.142721351844888,3.788805902278602,0.0037888059022786022,299.5420227050781,195.67221069335938
1.5,6.218011396427515,3.788805902278602,0.0037888059022786022,299.6451416015625,195.67221069335938
1.5,6.2942242552627485,3.788805902278602,0.0037888059022786022,299.7482604980469,195.67221069335938
1.5,6.371371239090928,3.788805902278602,0.0037888059022786022,299.85137939453125,195.67221069335938
1.5,6.449463797285767,3.788805902278602,0.0037888059022786022,299.9544982910156,195.67221069335938
1.5,6.528537056797209,3.788805902278602,0.0037888059022786022,300.0576477050781,195.67221069335938
1.5,6.6085559633878495,3.788805902278602,0.0037888059022786022,300.1607666015625,195.67221069335938
1.5,6.68955564489885,3.788805902278602,0.0037888059022786022,300.2638854980469,195.67221069335938
1.5,6.771548122482281,3.788805902278602,0.0037888059022786022,300.36700439453125,195.67221069335938
1.5,6.854545564630945,3.788805902278602,0.0037888059022786022,300.4701232910156,195.67221069335938
1.5,6.938585304569197,3.788805902278602,0.0037888059022786022,300.5732727050781,195.67221069335938
1.5,7.02363008635219,3.788805902278602,0.0037888059022786022,300.6763916015625,195.67221069335938
1.5,7.109717244151483,3.788805902278602,0.0037888059022786022,300.7795104980469,195.67221069335938
1.5,7.196859554150825,3.788805902278602,0.0037888059022786022,300.88262939453125,195.67221069335938
1.5,7.28506994912897,3.788805902278602,0.0037888059022786022,300.9857482910156,195.67221069335938
1.5,7.37438810715769,3.788805902278602,0.0037888059022786022,301.0888977050781,195.67221069335938
1.5,7.464774432298544,3.788805902278602,0.0037888059022786022,301.1920166015625,195.67221069335938
1.5,7.556268603629988,3.788805902278602,0.0037888059022786022,301.2951354980469,195.67221069335938
1.5,7.648884199789945,3.788805902278602,0.0037888059022786022,301.39825439453125,195.67221069335938
1.5,7.7426349658468485,3.788805902278602,0.0037888059022786022,301.5013732910156,195.67221069335938
1.5,7.837563071996453,3.788805902278602,0.0037888059022786022,301.6045227050781,195.67221069335938
1.5,7.9336264353350066,3.788805902278602,0.0037888059022786022,301.7076416015625,195.67221069335938
1.5,8.030867227128189,3.788805902278602,0.0037888059022786022,301.8107604980469,195.67221069335938
1.5,8.129299878869109,3.788805902278602,0.0037888059022786022,301.91387939453125,195.67221069335938
1.5,8.228938998934645,3.788805902278602,0.0037888059022786022,302.0169982910156,195.67221069335938
1.5,8.329829406171356,3.788805902278602,0.0037888059022786022,302.1201477050781,195.67221069335938
1.5,8.43192637450738,3.788805902278602,0.0037888059022786022,302.2232666015625,195.67221069335938
1.5,8.535274723926394,3.788805902278602,0.0037888059022786022,302.3263854980469,195.67221069335938
1.5,8.639889792343325,3.788805902278602,0.0037888059022786022,302.42950439453125,195.67221069335938
1.5,8.745787105666706,3.788805902278602,0.0037888059022786022,302.5326232910156,195.67221069335938
1.5,8.85301429775192,3.788805902278602,0.0037888059022786022,302.6357727050781,195.67221069335938
1.5,8.961523833345327,3.788805902278602,0.0037888059022786022,302.7388916015625,195.67221069335938
1.5,9.071363347510852,3.788805902278602,0.0037888059022786022,302.8420104980469,195.67221069335938
1.5,9.182549141516338,3.788805902278602,0.0037888059022786022,302.94512939453125,195.67221069335938
1.5,9.295097716430826,3.788805902278602,0.0037888059022786022,303.0482482910156,195.67221069335938
1.5,9.409059697925297,3.788805902278602,0.0037888059022786022,303.1513977050781,195.67221069335938
1.5,9.524384565123553,3.788805902278602,0.0037888059022786022,303.2545166015625,195.67221069335938
1.5,9.641122944981023,3.788805902278602,0.0037888059022786022,303.3576354980469,195.67221069335938
1.5,9.759292162625286,3.788805902278602,0.0037888059022786022,303.46075439453125,195.67221069335938
1.5,9.878909755534377,3.788805902278602,0.0037888059022786022,303.5638732910156,195.67221069335938
1.5,10.000029529106593,3.788805902278602,0.0037888059022786022,303.6670227050781,195.67221069335938
1.5,10.122597789320436,3.788805902278602,0.0037888059022786022,303.7701416015625,195.67221069335938
1.5,10.246668342939325,3.788805902278602,0.0037888059022786022,303.8732604980469,195.67221069335938
1.5,10.37225960325778,3.788805902278602,0.0037888059022786022,303.97637939453125,195.67221069335938
1.5,10.49939020925822,3.788805902278602,0.0037888059022786022,304.0794982910156,195.67221069335938
1.5,10.628117345780474,3.788805902278602,0.0037888059022786022,304.1826477050781,195.67221069335938
1.5,10.758383946356927,3.788805902278602,0.0037888059022786022,304.2857666015625,195.67221069335938
1.5,10.890247197278278,3.788805902278602,0.0037888059022786022,304.3888854980469,195.67221069335938
1.5,11.023726668352232,3.788805902278602,0.0037888059022786022,304.49200439453125,195.67221069335938
1.5,11.15884216924951,3.788805902278602,0.0037888059022786022,304.5951232910156,195.67221069335938
1.5,11.295654476509478,3.788805902278602,0.0037888059022786022,304.6982727050781,195.67221069335938
1.5,11.434102939399777,3.788805902278602,0.0037888059022786022,304.8013916015625,195.67221069335938
1.5,11.57424833600176,3.788805902278602,0.0037888059022786022,304.9045104980469,195.67221069335938
1.5,11.716111465275283,3.788805902278602,0.0037888059022786022,305.00762939453125,195.67221069335938
1.5,11.859713381108673,3.788805902278602,0.0037888059022786022,305.1107482910156,195.67221069335938
1.5,12.005075395443363,3.788805902278602,0.0037888059022786022,305.2138671875,195.67221069335938
1.5,12.152262893820799,3.788805902278602,0.0037888059022786022,305.3170166015625,195.67221069335938
1.5,12.30121062604713,3.788805902278602,0.0037888059022786022,305.4201354980469,195.67221069335938
1.5,12.451983979322751,3.788805902278602,0.0037888059022786022,305.52325439453125,195.67221069335938
1.5,12.60460532990116,3.788805902278602,0.0037888059022786022,305.6263732910156,195.67221069335938
1.5,12.759097328296894,3.788805902278602,0.0037888059022786022,305.7294921875,195.67221069335938
1.5,12.915529466825491,3.788805902278602,0.0037888059022786022,305.8326416015625,195.67221069335938
1.5,13.073832397020023,3.788805902278602,0.0037888059022786022,305.9357604980469,195.67221069335938
1.5,13.234075612959126,3.788805902278602,0.0037888059022786022,306.03887939453125,195.67221069335938
1.5,13.396282896317393,3.788805902278602,0.0037888059022786022,306.1419982910156,195.67221069335938
1.5,13.560478320256383,3.788805902278602,0.0037888059022786022,306.2451171875,195.67221069335938
1.5,13.726686252997334,3.788805902278602,0.0037888059022786022,306.3482360839844,195.67221069335938
1.5,13.894981456820666,3.788805902278602,0.0037888059022786022,306.4513854980469,195.67221069335938
1.5,14.065289324203354,3.788805902278602,0.0037888059022786022,306.55450439453125,195.67221069335938
1.5,14.237684619322641,3.788805902278602,0.0037888059022786022,306.6576232910156,195.67221069335938
1.5,14.412192927341573,3.788805902278602,0.0037888059022786022,306.7607421875,195.67221069335938
1.5,14.588840147015164,3.788805902278602,0.0037888059022786022,306.8638610839844,195.67221069335938
1.5,14.767705736337694,3.788805902278602,0.0037888059022786022,306.9670104980469,195.67221069335938
1.5,14.948710401792377,3.788805902278602,0.0037888059022786022,307.07012939453125,195.67221069335938
1.5,15.131933603389449,3.788805902278602,0.0037888059022786022,307.1732482910156,195.67221069335938
1.5,15.31740253326015,3.788805902278602,0.0037888059022786022,307.2763671875,195.67221069335938
1.5,15.505144716823935,3.788805902278602,0.0037888059022786022,307.3794860839844,195.67221069335938
1.5,15.695188016873544,3.788805902278602,0.0037888059022786022,307.48260498046875,195.67221069335938
1.5,15.887617917117558,3.788805902278602,0.0037888059022786022,307.58575439453125,195.67221069335938
1.5,16.082349110798077,3.788805902278602,0.0037888059022786022,307.6888732910156,195.67221069335938
1.5,16.279467083792518,3.788805902278602,0.0037888059022786022,307.7919921875,195.67221069335938
1.5,16.479001090353318,3.788805902278602,0.0037888059022786022,307.8951110839844,195.67221069335938
1.5,16.68098074329611,3.788805902278602,0.0037888059022786022,307.99822998046875,195.67221069335938
1.5,16.885496895441207,3.788805902278602,0.0037888059022786022,308.10137939453125,195.67221069335938
1.5,17.092458882032997,3.788805902278602,0.0037888059022786022,308.2044982910156,195.67221069335938
1.5,17.30195755819686,3.788805902278602,0.0037888059022786022,308.3076171875,195.67221069335938
1.5,17.51402401560374,3.788805902278602,0.0037888059022786022,308.4107360839844,195.67221069335938
1.5,17.728689727008675,3.788805902278602,0.0037888059022786022,308.51385498046875,195.67221069335938
1.5,17.94605125157007,3.788805902278602,0.0037888059022786022,308.61700439453125,195.67221069335938
1.5,18.166012230006288,3.788805902278602,0.0037888059022786022,308.7201232910156,195.67221069335938
1.5,18.388669223925604,3.788805902278602,0.0037888059022786022,308.8232421875,195.67221069335938
1.5,18.61405527782315,3.7888001093675276,0.0037888001093675278,308.9263610839844,195.67222595214844
1.5,18.842203841213532,3.7692677098481164,0.0037692677098481167,309.02947998046875,195.72380828857422
1.5,19.07314877359499,3.7498360056992643,0.0037498360056992643,309.1325988769531,195.775390625
1.5,19.306993956710755,3.7498360056992643,0.0037498360056992643,309.2357482910156,195.775390625
1.5,19.543635723852077,3.7498360056992643,0.0037498360056992643,309.3388671875,195.775390625
1.5,19.78317795939782,3.7498360056992643,0.0037498360056992643,309.4419860839844,195.775390625
1.5,20.02565621377961,3.7498360056992643,0.0037498360056992643,309.54510498046875,195.775390625
1.5,20.271106473163268,3.7498360056992643,0.0037498360056992643,309.6482238769531,195.775390625
1.5,20.519639143958493,3.7498360056992643,0.0037498360056992643,309.7513732910156,195.775390625
1.5,20.77114404829605,3.7498360056992643,0.0037498360056992643,309.8544921875,195.775390625
1.5,21.025731595386844,3.7498360056992643,0.0037498360056992643,309.9576110839844,195.775390625
1.5,21.2834395685352,3.7498360056992643,0.0037498360056992643,310.06072998046875,195.775390625
1.5,21.544306214147472,3.7498360056992643,0.0037498360056992643,310.1638488769531,195.775390625
1.5,21.808370247408206,3.7498360056992643,0.0037498360056992643,310.2669677734375,195.775390625
1.5,22.075750447421203,3.7498360056992643,0.0037498360056992643,310.3701171875,195.775390625
1.5,22.346328280954573,3.7498360056992643,0.0037498360056992643,310.4732360839844,195.775390625
1.5,22.62022253012572,3.7498360056992643,0.0037498360056992643,310.57635498046875,195.775390625
1.5,22.89747384354411,3.7498360056992643,0.0037498360056992643,310.6794738769531,195.775390625
1.5,23.178123368040637,3.7498360056992643,0.0037498360056992643,310.7825927734375,195.775390625
1.5,23.46229734306793,3.7498360056992643,0.0037498360056992643,310.8857421875,195.775390625
1.5,23.749869790488145,3.7498360056992643,0.0037498360056992643,310.9888610839844,195.775390625
1.5,24.04096695295677,3.7498360056992643,0.0037498360056992643,311.09197998046875,195.775390625
1.5,24.335632032165353,3.7498360056992643,0.0037498360056992643,311.1950988769531,195.775390625
1.5,24.633908759319503,3.7498360056992643,0.0037498360056992643,311.2982177734375,195.775390625
1.5,24.9359313027946,3.7498360056992643,0.0037498360056992643,311.4013671875,195.775390625
1.5,25.24156577194286,3.7498360056992643,0.0037498360056992643,311.5044860839844,195.775390625
1.5,25.5509463385437,3.7498360056992643,0.0037498360056992643,311.60760498046875,195.775390625
1.5,25.86411891772631,3.7498360056992643,0.0037498360056992643,311.7107238769531,195.775390625
1.5,26.181129987391902,3.7498360056992643,0.0037498360056992643,311.8138427734375,195.775390625
1.5,26.502122142843188,3.7498360056992643,0.0037498360056992643,311.9169921875,195.775390625
1.5,26.82695308394874,3.7498360056992643,0.0037498360056992643,312.0201110839844,195.775390625
1.5,27.155765409629115,3.7498360056992643,0.0037498360056992643,312.12322998046875,195.775390625
1.5,27.488607918878255,3.7498360056992643,0.0037498360056992643,312.2263488769531,195.775390625
1.5,27.825530008809157,3.7498360056992643,0.0037498360056992643,312.3294677734375,195.775390625
1.5,28.166683230935295,3.7498360056992643,0.0037498360056992643,312.4326171875,195.775390625
1.5,28.51191634745376,3.7498360056992643,0.0037498360056992643,312.5357360839844,195.775390625
1.5,28.861380913723117,3.7498360056992643,0.0037498360056992643,312.63885498046875,195.775390625
1.5,29.21512879373362,3.7498360056992643,0.0037498360056992643,312.7419738769531,195.775390625
1.5,29.573212487161587,3.7498360056992643,0.0037498360056992643,312.8450927734375,195.775390625
1.5,29.935793064258323,3.7498360056992643,0.0037498360056992643,312.9482421875,195.775390625
1.5,30.302709788186778,3.7498360056992643,0.0037498360056992643,313.0513610839844,195.775390625
1.5,30.67412373328488,3.7498360056992643,0.0037498360056992643,313.15447998046875,195.775390625
1.5,31.050090021047303,3.7498360056992643,0.0037498360056992643,313.2575988769531,195.775390625
1.5,31.4306644485813,3.7498360056992643,0.0037498360056992643,313.3607177734375,195.775390625
1.5,31.816018202734583,3.7498360056992643,0.0037498360056992643,313.4638671875,195.775390625
1.5,32.205980451015016,3.7498360056992643,0.0037498360056992643,313.5669860839844,195.775390625
1.5,32.600722384613526,3.7498360056992643,0.0037498360056992643,313.67010498046875,195.775390625
1.5,33.00030258712854,3.7498360056992643,0.0037498360056992643,313.7732238769531,195.775390625
1.5,33.40478036020528,3.7498360056992643,0.0037498360056992643,313.8763427734375,195.775390625
1.5,33.81433764269701,3.7498360056992643,0.0037498360056992643,313.9794921875,195.775390625
1.5,34.228792872362625,3.7498360056992643,0.0037498360056992643,314.0826110839844,195.775390625
1.5,34.64832799267142,3.7498360056992643,0.0037498360056992643,314.18572998046875,195.775390625
1.5,35.0730052667754,3.7498360056992643,0.0037498360056992643,314.2888488769531,195.775390625
1.5,35.50288772097287,3.7498360056992643,0.0037498360056992643,314.3919677734375,195.775390625
1.5,35.93816872144108,3.7498360056992643,0.0037498360056992643,314.4951171875,195.775390625
1.5,36.378655302269415,3.7498360056992643,0.0037498360056992643,314.5982360839844,195.775390625
1.5,36.82454083454109,3.7498360056992643,0.0037498360056992643,314.70135498046875,195.775390625
1.5,37.275891492069235,3.7498360056992643,0.0037498360056992643,314.8044738769531,195.775390625
1.5,37.732774259745526,3.7498360056992643,0.0037498360056992643,314.9075927734375,195.775390625
1.5,38.19539464880535,3.7498360056992643,0.0037498360056992643,315.0107421875,195.775390625
1.5,38.663547573420075,3.7498360056992643,0.0037498360056992643,315.1138610839844,195.775390625
1.5,39.137438550039285,3.7498360056992643,0.0037498360056992643,315.21697998046875,195.775390625
1.5,39.61713790876038,3.7498360056992643,0.0037498360056992643,315.3200988769531,195.775390625
1.5,40.10271684170201,3.7498360056992643,0.0037498360056992643,315.4232177734375,195.775390625
1.5,40.59439376797181,3.7498360056992643,0.0037498360056992643,315.5263671875,195.775390625
1.5,41.09195072058815,3.7498360056992643,0.0037498360056992643,315.6294860839844,195.775390625
1.5,41.59560612420029,3.7498360056992643,0.0037498360056992643,315.73260498046875,195.775390625
1.5,42.10543472624032,3.7498360056992643,0.0037498360056992643,315.8357238769531,195.775390625
1.5,42.621512190303946,3.7498360056992643,0.0037498360056992643,315.9388427734375,195.775390625
1.5,43.14407065409628,3.7498360056992643,0.0037498360056992643,316.0419921875,195.775390625
1.5,43.67287846043563,3.7498360056992643,0.0037498360056992643,316.1451110839844,195.775390625
1.5,44.20816775291677,3.7498360056992643,0.0037498360056992643,316.24822998046875,195.775390625
1.5,44.750017973753145,3.7498360056992643,0.0037498360056992643,316.3513488769531,195.775390625
1.5,45.298509538864664,3.7498360056992643,0.0037498360056992643,316.4544677734375,195.775390625
1.5,45.85388916619981,3.7498360056992643,0.0037498360056992643,316.5576171875,195.775390625
1.5,46.415910648514526,3.7498360056992643,0.0037498360056992643,316.6607360839844,195.775390625
1.5,46.9848207100169,3.7498360056992643,0.0037498360056992643,316.76385498046875,195.775390625
1.5,47.560703782574215,3.7498360056992643,0.0037498360056992643,316.8669738769531,195.775390625
1.5,48.1436453329175,3.7498360056992643,0.0037498360056992643,316.9700927734375,195.775390625
1.5,48.73390757500321,3.7498360056992643,0.0037498360056992643,317.0732421875,195.775390625
1.5,49.331228837655914,3.7498360056992643,0.0037498360056992643,317.1763610839844,195.775390625
1.5,49.935871341484855,3.7498360056992643,0.0037498360056992643,317.27947998046875,195.775390625
1.5,50.547924821404415,3.7498360056992643,0.0037498360056992643,317.3825988769531,195.775390625
1.5,51.16748011219093,3.7498360056992643,0.0037498360056992643,317.4857177734375,195.775390625
1.5,51.79481589709147,3.7498360056992643,0.0037498360056992643,317.5888671875,195.775390625
1.5,52.429654069731306,3.7498360056992643,0.0037498360056992643,317.6919860839844,195.775390625
1.5,53.07227332042813,3.7498360056992643,0.0037498360056992643,317.79510498046875,195.775390625
1.5,53.72276902022028,3.7498360056992643,0.0037498360056992643,317.8982238769531,195.775390625
1.5,54.381237709088886,3.7498360056992643,0.0037498360056992643,318.0013427734375,195.775390625
1.5,55.047975573984566,3.7498360056992643,0.0037498360056992643,318.1044921875,195.775390625
1.5,55.72268704106161,3.7498360056992643,0.0037498360056992643,318.2076110839844,195.775390625
1.5,56.405668304785266,3.7498360056992643,0.0037498360056992643,318.31072998046875,195.775390625
1.5,57.09702072631499,3.7498360056992643,0.0037498360056992643,318.4138488769531,195.775390625
1.5,57.7968469091726,3.7498360056992643,0.0037498360056992643,318.5169677734375,195.775390625
1.5,58.50546164339521,3.7498360056992643,0.0037498360056992643,318.6201171875,195.775390625
1.5,59.22255079055888,3.7498360056992643,0.0037498360056992643,318.7232360839844,195.775390625
1.5,59.9484291486874,3.7498360056992643,0.0037498360056992643,318.82635498046875,195.775390625
1.5,60.683204445292304,3.7498360056992643,0.0037498360056992643,318.9294738769531,195.775390625
1.5,61.42698572827866,3.7498360056992643,0.0037498360056992643,319.0325927734375,195.775390625
1.5,62.18010755920387,3.7498360056992643,0.0037498360056992643,319.1357421875,195.775390625
1.5,62.94223606905059,3.7498360056992643,0.0037498360056992643,319.2388610839844,195.775390625
1.5,63.71370582786456,3.7498360056992643,0.0037498360056992643,319.34197998046875,195.775390625
1.5,64.49463132937107,3.7498360056992643,0.0037498360056992643,319.4450988769531,195.775390625
1.5,65.28512847062105,3.7498360056992643,0.0037498360056992643,319.5482177734375,195.775390625
1.5,66.08555282651369,3.7498360056992643,0.0037498360056992643,319.6513671875,195.775390625
1.5,66.89554955818724,3.7498360056992643,0.0037498360056992643,319.7544860839844,195.775390625
1.5,67.71547424956246,3.7498360056992643,0.0037498360056992643,319.85760498046875,195.775390625
1.5,68.54544858555481,3.7498360056992643,0.0037498360056992643,319.9607238769531,195.775390625
1.5,69.38559574254616,3.7498360056992643,0.0037498360056992643,320.0638427734375,195.775390625
1.5,70.23629362859607,3.7305044778061713,0.0037305044778061713,320.1669921875,195.82697296142578
1.5,71.097165117912,3.7112726097302313,0.0037112726097302314,320.2701110839844,195.87855529785156
1.5,71.96858812814156,3.7112726097302313,0.0037112726097302314,320.37322998046875,195.87855529785156
1.5,72.85069198705897,3.7112726097302313,0.0037112726097302314,320.4763488769531,195.87855529785156
1.5,73.74360760758174,3.7112726097302313,0.0037112726097302314,320.5794677734375,195.87855529785156
1.5,74.64773663364404,3.7112726097302313,0.0037112726097302314,320.6826171875,195.87855529785156
1.5,75.56267825271188,3.7112726097302313,0.0037112726097302314,320.7857360839844,195.87855529785156
1.5,76.48883411890962,3.7112726097302313,0.0037112726097302314,320.88885498046875,195.87855529785156
1.5,77.42634168290753,3.7112726097302313,0.0037112726097302314,320.9919738769531,195.87855529785156
1.5,78.3753400800797,3.7112726097302313,0.0037112726097302314,321.0950927734375,195.87855529785156
1.5,79.33625618105194,3.7112726097302313,0.0037112726097302314,321.1982421875,195.87855529785156
1.5,80.30866399881765,3.7112726097302313,0.0037112726097302314,321.3013610839844,195.87855529785156
1.5,81.29299041483299,3.7112726097302313,0.0037112726097302314,321.40447998046875,195.87855529785156
1.5,82.2893815128517,3.7112726097302313,0.0037112726097302314,321.5075988769531,195.87855529785156
1.5,83.29798516714555,3.7112726097302313,0.0037112726097302314,321.6107177734375,195.87855529785156
1.5,84.3192550594851,3.7112726097302313,0.0037112726097302314,321.7138671875,195.87855529785156
1.5,85.35273844721782,3.7112726097302313,0.0037112726097302314,321.8169860839844,195.87855529785156
1.5,86.39888902362487,3.7112726097302313,0.0037112726097302314,321.92010498046875,195.87855529785156
1.5,87.45786204777559,3.7112726097302313,0.0037112726097302314,322.0232238769531,195.87855529785156
1.5,88.529814681717,3.7112726097302313,0.0037112726097302314,322.1263427734375,195.87855529785156
1.5,89.61522910233495,3.7112726097302313,0.0037112726097302314,322.2294921875,195.87855529785156
1.5,90.71362413084631,3.7112726097302313,0.0037112726097302314,322.3326110839844,195.87855529785156
1.5,91.82548195637051,3.7112726097302313,0.0037112726097302314,322.43572998046875,195.87855529785156
1.5,92.95096758958098,3.7112726097302313,0.0037112726097302314,322.5388488769531,195.87855529785156
1.5,94.09024806365234,3.7112726097302313,0.0037112726097302314,322.6419677734375,195.87855529785156
1.5,95.24383584032364,3.7112726097302313,0.0037112726097302314,322.7451171875,195.87855529785156
1.5,96.41121951864805,3.7112726097302313,0.0037112726097302314,322.8482360839844,195.87855529785156
1.5,97.59291157336648,3.7112726097302313,0.0037112726097302314,322.95135498046875,195.87855529785156
1.5,98.78908737924128,3.7112726097302313,0.0037112726097302314,323.0544738769531,195.87855529785156
1.5,99.99992446056623,3.7112726097302313,0.0037112726097302314,323.1575927734375,195.87855529785156
1.5,101.22596746608284,3.7112726097302313,0.0037112726097302314,323.2607421875,195.87855529785156
1.5,102.46667287446867,3.7112726097302313,0.0037112726097302314,323.3638610839844,195.87855529785156
1.5,103.7225853482838,3.7112726097302313,0.0037112726097302314,323.46697998046875,195.87855529785156
1.5,104.99389127733305,3.7112726097302313,0.0037112726097302314,323.5700988769531,195.87855529785156
1.5,106.28077933596188,3.7112726097302313,0.0037112726097302314,323.6732177734375,195.87855529785156
1.5,107.58382838153489,3.7112726097302313,0.0037112726097302314,323.7763671875,195.87855529785156
1.5,108.90246075491822,3.7112726097302313,0.0037112726097302314,323.8794860839844,195.87855529785156
1.5,110.23725532816276,3.7112726097302313,0.0037112726097302314,323.98260498046875,195.87855529785156
1.5,111.58841019795533,3.7112726097302313,0.0037112726097302314,324.0857238769531,195.87855529785156
1.5,112.95612588901228,3.7112726097302313,0.0037112726097302314,324.1888427734375,195.87855529785156
1.5,114.34101761591634,3.7112726097302313,0.0037112726097302314,324.2919921875,195.87855529785156
1.5,115.74247143757474,3.7112726097302313,0.0037112726097302314,324.3951110839844,195.87855529785156
1.5,117.16110258417908,3.7112726097302313,0.0037112726097302314,324.49822998046875,195.87855529785156
1.5,118.59712159459106,3.7112726097302313,0.0037112726097302314,324.6013488769531,195.87855529785156
1.5,120.05074158820294,3.7112726097302313,0.0037112726097302314,324.7044677734375,195.87855529785156
1.5,121.52261642036176,3.7112726097302313,0.0037112726097302314,324.8076171875,195.87855529785156
1.5,123.01209358919652,3.7112726097302313,0.0037112726097302314,324.9107360839844,195.87855529785156
1.5,124.51982696664358,3.6921398876952334,0.0036921398876952334,325.01385498046875,195.93013763427734
1.5,126.04604031521492,3.673105800573637,0.0036731058005736368,325.1169738769531,195.98171997070312
1.5,127.59096014003266,3.673105800573637,0.0036731058005736368,325.2200927734375,195.98171997070312
1.5,129.15528136418047,3.673105800573637,0.0036731058005736368,325.3232421875,195.98171997070312
1.5,130.7383105030604,3.673105800573637,0.0036731058005736368,325.4263610839844,195.98171997070312
1.5,132.3407424973876,3.673105800573637,0.0036731058005736368,325.52947998046875,195.98171997070312
1.5,133.96281516388322,3.673105800573637,0.0036731058005736368,325.6325988769531,195.98171997070312
1.5,135.6047692341381,3.673105800573637,0.0036731058005736368,325.7357177734375,195.98171997070312
1.5,137.26734327837926,3.673105800573637,0.0036731058005736368,325.8388671875,195.98171997070312
1.5,138.94980025521468,3.673105800573637,0.0036731058005736368,325.9419860839844,195.98171997070312
1.5,140.65287875361028,3.673105800573637,0.0036731058005736368,326.04510498046875,195.98171997070312
1.5,142.3768315272216,3.673105800573637,0.0036731058005736368,326.1482238769531,195.98171997070312
1.5,144.1219144276528,3.673105800573637,0.0036731058005736368,326.2513427734375,195.98171997070312
1.5,145.88891241369,3.673105800573637,0.0036731058005736368,326.3544921875,195.98171997070312
1.5,147.6770421514062,3.673105800573637,0.0036731058005736368,326.4576110839844,195.98171997070312
1.5,149.48708861950294,3.673105800573637,0.0036731058005736368,326.56072998046875,195.98171997070312
1.5,151.31932044673852,3.673105800573637,0.0036731058005736368,326.6638488769531,195.98171997070312
1.5,153.17400955439706,3.673105800573637,0.0036731058005736368,326.7669677734375,195.98171997070312
1.5,155.05143119664476,3.673105800573637,0.0036731058005736368,326.8700866699219,195.98171997070312
1.5,156.9524298597883,3.673105800573637,0.0036731058005736368,326.9732360839844,195.98171997070312
1.5,158.8761628056017,3.673105800573637,0.0036731058005736368,327.07635498046875,195.98171997070312
1.5,160.82347454181732,3.673105800573637,0.0036731058005736368,327.1794738769531,195.98171997070312
1.5,162.79465406871387,3.673105800573637,0.0036731058005736368,327.2825927734375,195.98171997070312
1.5,164.78999392878515,3.673105800573637,0.0036731058005736368,327.3857116699219,195.98171997070312
1.5,166.81039164933733,3.673105800573637,0.0036731058005736368,327.4888610839844,195.98171997070312
1.5,168.85495156093947,3.673105800573637,0.0036731058005736368,327.59197998046875,195.98171997070312
1.5,170.92457121366922,3.673105800573637,0.0036731058005736368,327.6950988769531,195.98171997070312
1.5,173.01955775950657,3.673105800573637,0.0036731058005736368,327.7982177734375,195.98171997070312
1.5,175.1402221151293,3.673105800573637,0.0036731058005736368,327.9013366699219,195.98171997070312
1.5,177.28751818027345,3.673105800573637,0.0036731058005736368,328.0044860839844,195.98171997070312
1.5,179.4604940297685,3.673105800573637,0.0036731058005736368,328.10760498046875,195.98171997070312
1.5,181.66010358755253,3.6541698398729157,0.0036541698398729157,328.2107238769531,196.0333023071289
1.5,183.88667329739016,3.635331499721976,0.0036353314997219764,328.3138427734375,196.0848846435547
1.5,186.14053360419925,3.635331499721976,0.0036353314997219764,328.4169616699219,196.0848846435547
1.5,188.42201900309098,3.635331499721976,0.0036353314997219764,328.52008056640625,196.0848846435547
1.5,190.73215573299584,3.635331499721976,0.0036353314997219764,328.62322998046875,196.0848846435547
1.5,193.06991967929065,3.635331499721976,0.0036353314997219764,328.7263488769531,196.0848846435547
1.5,195.43633710694309,3.635331499721976,0.0036353314997219764,328.8294677734375,196.0848846435547
1.5,197.8317592156518,3.635331499721976,0.0036353314997219764,328.9325866699219,196.0848846435547
1.5,200.25654150969692,3.635331499721976,0.0036353314997219764,329.03570556640625,196.0848846435547
1.5,202.71177468463534,3.635331499721976,0.0036353314997219764,329.13885498046875,196.0848846435547
1.5,205.19637030264207,3.635331499721976,0.0036353314997219764,329.2419738769531,196.0848846435547
1.5,207.7114190869467,3.635331499721976,0.0036353314997219764,329.3450927734375,196.0848846435547
1.5,210.2572942956082,3.635331499721976,0.0036353314997219764,329.4482116699219,196.0848846435547
1.5,212.8343737616308,3.635331499721976,0.0036353314997219764,329.55133056640625,196.0848846435547
1.5,215.44303994903916,3.635331499721976,0.0036353314997219764,329.6544494628906,196.0848846435547
1.5,218.08446626652528,3.635331499721976,0.0036353314997219764,329.7575988769531,196.0848846435547
1.5,220.75748173434465,3.635331499721976,0.0036353314997219764,329.8607177734375,196.0848846435547
1.5,223.46325979096054,3.635331499721976,0.0036353314997219764,329.9638366699219,196.0848846435547
1.5,226.20220200053808,3.635331499721976,0.0036353314997219764,330.06695556640625,196.0848846435547
1.5,228.9747148491297,3.635331499721976,0.0036353314997219764,330.1700744628906,196.0848846435547
1.5,231.78204544558076,3.635331499721976,0.0036353314997219764,330.2732238769531,196.0848846435547
1.5,234.62294926255265,3.635331499721976,0.0036353314997219764,330.3763427734375,196.0848846435547
1.5,237.49867344053123,3.635331499721976,0.0036353314997219764,330.4794616699219,196.0848846435547
1.5,240.4096447653631,3.635331499721976,0.0036353314997219764,330.58258056640625,196.0848846435547
1.5,243.35629525391928,3.5979456706112094,0.0035979456706112093,330.6856994628906,196.18804931640625
1.5,246.33995034420033,3.5979456706112094,0.0035979456706112093,330.7888488769531,196.18804931640625
1.5,249.35928734185322,3.5979456706112094,0.0035979456706112093,330.8919677734375,196.18804931640625
1.5,252.41563171850677,3.5979456706112094,0.0035979456706112093,330.9950866699219,196.18804931640625
1.5,255.50943706582748,3.5979456706112094,0.0035979456706112093,331.09820556640625,196.18804931640625
1.5,258.6411625350596,3.5979456706112094,0.0035979456706112093,331.2013244628906,196.18804931640625
1.5,261.8112729051674,3.5979456706112094,0.0035979456706112093,331.304443359375,196.18804931640625
1.5,265.02119412903164,3.5979456706112094,0.0035979456706112093,331.4075927734375,196.18804931640625
1.5,268.26950320548417,3.5979456706112094,0.0035979456706112093,331.5107116699219,196.18804931640625
1.5,271.55762612358376,3.5979456706112094,0.0035979456706112093,331.61383056640625,196.18804931640625
1.5,274.8860508732197,3.5979456706112094,0.0035979456706112093,331.7169494628906,196.18804931640625
1.5,278.2552714254708,3.5979456706112094,0.0035979456706112093,331.820068359375,196.18804931640625
1.5,281.66680329531573,3.5979456706112094,0.0035979456706112093,331.9232177734375,196.18804931640625
1.5,285.1191341048814,3.5979456706112094,0.0035979456706112093,332.0263366699219,196.18804931640625
1.5,288.6137794075973,3.5979456706112094,0.0035979456706112093,332.12945556640625,196.18804931640625
1.5,292.1512578433126,3.5979456706112094,0.0035979456706112093,332.2325744628906,196.18804931640625
1.5,295.73209440873615,3.5979456706112094,0.0035979456706112093,332.335693359375,196.18804931640625
1.5,299.3568205353512,3.5979456706112094,0.0035979456706112093,332.4388122558594,196.18804931640625
1.5,303.0270666675447,3.5979456706112094,0.0035979456706112093,332.5419616699219,196.18804931640625
1.5,306.74120573593837,3.5609388736682805,0.0035609388736682806,332.64508056640625,196.29122924804688
1.5,310.50086822628595,3.5609388736682805,0.0035609388736682806,332.7481994628906,196.29122924804688
1.5,314.30661210960255,3.5609388736682805,0.0035609388736682806,332.851318359375,196.29122924804688
1.5,318.1590021958369,3.5609388736682805,0.0035609388736682806,332.9544372558594,196.29122924804688
1.5,322.0597713352991,3.5609388736682805,0.0035609388736682806,333.0575866699219,196.29122924804688
1.5,326.0071902646672,3.5609388736682805,0.0035609388736682806,333.16070556640625,196.29122924804688
1.5,330.00299187821633,3.5609388736682805,0.0035609388736682806,333.2638244628906,196.29122924804688
1.5,334.04776919233785,3.5609388736682805,0.0035609388736682806,333.366943359375,196.29122924804688
1.5,338.14212249190035,3.5609388736682805,0.0035609388736682806,333.4700622558594,196.29122924804688
1.5,342.2878934651094,3.5609388736682805,0.0035609388736682806,333.5732116699219,196.29122924804688
1.5,346.4832442360413,3.5609388736682805,0.0035609388736682806,333.67633056640625,196.29122924804688
1.5,350.730016539628,3.5609388736682805,0.0035609388736682806,333.7794494628906,196.29122924804688
1.5,355.0288406387879,3.5609388736682805,0.0035609388736682806,333.882568359375,196.29122924804688
1.5,359.3803545214396,3.5609388736682805,0.0035609388736682806,333.9856872558594,196.29122924804688
1.5,363.7865155496397,3.5609388736682805,0.0035609388736682806,334.0888366699219,196.29122924804688
1.5,368.2453704130568,3.5425838753014265,0.0035425838753014266,334.19195556640625,196.34280395507812
1.5,372.75887652340947,3.5243234884898396,0.0035243234884898395,334.2950744628906,196.39437866210938
1.5,377.32770372954496,3.5243234884898396,0.0035243234884898395,334.398193359375,196.39437866210938
1.5,381.95253009050737,3.5243234884898396,0.0035243234884898395,334.5013122558594,196.39437866210938
1.5,386.6354359075164,3.5243234884898396,0.0035243234884898395,334.6044616699219,196.39437866210938
1.5,391.3743451855612,3.5243234884898396,0.0035243234884898395,334.70758056640625,196.39437866210938
1.5,396.1713382786413,3.5243234884898396,0.0035243234884898395,334.8106994628906,196.39437866210938
1.5,401.02712710787097,3.5243234884898396,0.0035243234884898395,334.913818359375,196.39437866210938
1.5,405.9424323202305,3.5243234884898396,0.0035243234884898395,335.0169372558594,196.39437866210938
1.5,410.9194648777391,3.5243234884898396,0.0035243234884898395,335.1200866699219,196.39437866210938
1.5,415.9560183950532,3.5243234884898396,0.0035243234884898395,335.22320556640625,196.39437866210938
1.5,421.0543038902875,3.5243234884898396,0.0035243234884898395,335.3263244628906,196.39437866210938
1.5,426.21507799932044,3.5243234884898396,0.0035243234884898395,335.429443359375,196.39437866210938
1.5,431.43910663195896,3.5243234884898396,0.0035243234884898395,335.5325622558594,196.39437866210938
1.5,436.7287396176424,3.4880739350946706,0.0034880739350946705,335.6357116699219,196.49755859375
1.5,442.08163199106133,3.4880739350946706,0.0034880739350946705,335.73883056640625,196.49755859375
1.5,447.5001336412741,3.4880739350946706,0.0034880739350946705,335.8419494628906,196.49755859375
1.5,452.98504872739665,3.4880739350946706,0.0034880739350946705,335.945068359375,196.49755859375
1.5,458.5371912649557,3.4880739350946706,0.0034880739350946705,336.0481872558594,196.49755859375
1.5,464.159058672879,3.4880739350946706,0.0034880739350946705,336.1513366699219,196.49755859375
1.5,469.8481587018778,3.4880739350946706,0.0034880739350946705,336.25445556640625,196.49755859375
1.5,475.60698883424357,3.4880739350946706,0.0034880739350946705,336.3575744628906,196.49755859375
1.5,481.43640373719785,3.4880739350946706,0.0034880739350946705,336.460693359375,196.49755859375
1.5,487.33726855343843,3.4880739350946706,0.0034880739350946705,336.5638122558594,196.49755859375
1.5,493.31223756127156,3.4880739350946706,0.0034880739350946705,336.6669616699219,196.49755859375
1.5,499.3586619767287,3.4880739350946706,0.0034880739350946705,336.77008056640625,196.49755859375
1.5,505.47919614545805,3.470091869087792,0.003470091869087792,336.8731994628906,196.54914093017578
1.5,511.6747484151297,3.4522025060178048,0.003452202506017805,336.976318359375,196.60072326660156
1.5,517.9462382668403,3.4522025060178048,0.003452202506017805,337.0794372558594,196.60072326660156
1.5,524.2964866903886,3.4522025060178048,0.003452202506017805,337.1825866699219,196.60072326660156
1.5,530.7226785354053,3.4522025060178048,0.003452202506017805,337.28570556640625,196.60072326660156
1.5,537.2276348632619,3.4522025060178048,0.003452202506017805,337.3888244628906,196.60072326660156
1.5,543.8123210736704,3.4522025060178048,0.003452202506017805,337.491943359375,196.60072326660156
1.5,550.4777143990445,3.4522025060178048,0.003452202506017805,337.5950622558594,196.60072326660156
1.5,557.2268130115923,3.4522025060178048,0.003452202506017805,337.6982116699219,196.60072326660156
1.5,564.0566249453012,3.4522025060178048,0.003452202506017805,337.80133056640625,196.60072326660156
1.5,570.9701484484477,3.4522025060178048,0.003452202506017805,337.9044494628906,196.60072326660156
1.5,577.9684095561445,3.416699979506642,0.003416699979506642,338.007568359375,196.70388793945312
1.5,585.0524468794009,3.416699979506642,0.003416699979506642,338.1106872558594,196.70388793945312
1.5,592.2254469014134,3.416699979506642,0.003416699979506642,338.2138366699219,196.70388793945312
1.5,599.4842297349827,3.416699979506642,0.003416699979506642,338.31695556640625,196.70388793945312
1.5,606.8319819441521,3.416699979506642,0.003416699979506642,338.4200744628906,196.70388793945312
1.5,614.2697940078588,3.416699979506642,0.003416699979506642,338.523193359375,196.70388793945312
1.5,621.7987697708118,3.416699979506642,0.003416699979506642,338.6263122558594,196.70388793945312
1.5,629.4222958547439,3.416699979506642,0.003416699979506642,338.7294616699219,196.70388793945312
1.5,637.1369926482046,3.416699979506642,0.003416699979506642,338.83258056640625,196.70388793945312
1.5,644.9462468588516,3.416699979506642,0.003416699979506642,338.9356994628906,196.70388793945312
1.5,652.8512174570733,3.3990858676212756,0.0033990858676212756,339.038818359375,196.7554702758789
1.5,660.8530776185153,3.3815625617590808,0.003381562561759081,339.1419372558594,196.8070526123047
1.5,668.9554266738672,3.3815625617590808,0.003381562561759081,339.2450866699219,196.8070526123047
1.5,677.1546727430285,3.3815625617590808,0.003381562561759081,339.34820556640625,196.8070526123047
1.5,685.4544152480083,3.3815625617590808,0.003381562561759081,339.4513244628906,196.8070526123047
1.5,693.8558859525004,3.3815625617590808,0.003381562561759081,339.554443359375,196.8070526123047
1.5,702.3603317176651,3.3815625617590808,0.003381562561759081,339.6575622558594,196.8070526123047
1.5,710.9715779430996,3.3815625617590808,0.003381562561759081,339.7607116699219,196.8070526123047
1.5,719.6858071477569,3.3815625617590808,0.003381562561759081,339.86383056640625,196.8070526123047
1.5,728.5068448282902,3.364129593787808,0.003364129593787808,339.9669494628906,196.85863494873047
1.5,737.4360001137395,3.3467864979885658,0.0033467864979885658,340.070068359375,196.91021728515625
1.5,746.4745981788665,3.3467864979885658,0.0033467864979885658,340.1731872558594,196.91021728515625
1.5,755.6267046912465,3.3467864979885658,0.0033467864979885658,340.2763366699219,196.91021728515625
1.5,764.8882623992064,3.3467864979885658,0.0033467864979885658,340.37945556640625,196.91021728515625
1.5,774.2633370734744,3.3467864979885658,0.0033467864979885658,340.4825744628906,196.91021728515625
1.5,783.7533200676484,3.3467864979885658,0.0033467864979885658,340.585693359375,196.91021728515625
1.5,793.359619788854,3.3467864979885658,0.0033467864979885658,340.6888122558594,196.91021728515625
1.5,803.0865572635423,3.3467864979885658,0.0033467864979885658,340.7919616699219,196.91021728515625
1.5,812.9298204097573,3.312368072022848,0.0033123680720228478,340.89508056640625,197.0133819580078
1.5,822.8937303635788,3.312368072022848,0.0033123680720228478,340.9981994628906,197.0133819580078
1.5,832.9797658675714,3.312368072022848,0.0033123680720228478,341.101318359375,197.0133819580078
1.5,843.1894237889348,3.312368072022848,0.0033123680720228478,341.2044372558594,197.0133819580078
1.5,853.5272965517258,3.312368072022848,0.0033123680720228478,341.3075866699219,197.0133819580078
1.5,863.988801238174,3.312368072022848,0.0033123680720228478,341.41070556640625,197.0133819580078
1.5,874.5785303888505,3.312368072022848,0.0033123680720228478,341.5138244628906,197.0133819580078
1.5,885.2980556240641,3.312368072022848,0.0033123680720228478,341.616943359375,197.0133819580078
1.5,896.1489678271437,3.2783036059068746,0.003278303605906875,341.7200622558594,197.11654663085938
1.5,907.1361478658507,3.2783036059068746,0.003278303605906875,341.8232116699219,197.11654663085938
1.5,918.2547249757862,3.2783036059068746,0.003278303605906875,341.92633056640625,197.11654663085938
1.5,929.5095801485465,3.2783036059068746,0.003278303605906875,342.0294494628906,197.11654663085938
1.5,940.902383715706,3.2783036059068746,0.003278303605906875,342.132568359375,197.11654663085938
1.5,952.434826481742,3.2783036059068746,0.003278303605906875,342.2356872558594,197.11654663085938
1.5,964.1120958748681,3.2783036059068746,0.003278303605906875,342.3388366699219,197.11654663085938
1.5,975.9290152048114,3.244584498680762,0.003244584498680762,342.44195556640625,197.2197265625
1.5,987.8907720313985,3.244584498680762,0.003244584498680762,342.5450744628906,197.2197265625
1.5,999.9991415973846,3.244584498680762,0.003244584498680762,342.648193359375,197.2197265625
3,5.6405674115041,5.90948100741255,0.00590948100741255,298.82012939453125,191.236083984375
3,5.70970266077858,5.90948100741255,0.00590948100741255,298.9232482910156,191.236083984375
3,5.77970612376707,5.90948100741255,0.00590948100741255,299.0263977050781,191.236083984375
3,5.8505467669947215,5.90948100741255,0.00590948100741255,299.1295166015625,191.236083984375
3,5.922255689097706,5.90948100741255,0.00590948100741255,299.2326354980469,191.236083984375
3,5.994843532387713,5.90948100741255,0.00590948100741255,299.33575439453125,191.236083984375
3,6.068321069617005,5.90948100741255,0.00590948100741255,299.4388732910156,191.236083984375
3,6.142721351844888,5.90948100741255,0.00590948100741255,299.5420227050781,191.236083984375
3,6.218011396427515,5.90948100741255,0.00590948100741255,299.6451416015625,191.236083984375
3,6.2942242552627485,5.90948100741255,0.00590948100741255,299.7482604980469,191.236083984375
3,6.371371239090928,5.90948100741255,0.00590948100741255,299.85137939453125,191.236083984375
3,6.449463797285767,5.90948100741255,0.00590948100741255,299.9544982910156,191.236083984375
3,6.528537056797209,5.90948100741255,0.00590948100741255,300.0576477050781,191.236083984375
3,6.6085559633878495,5.90948100741255,0.00590948100741255,300.1607666015625,191.236083984375
3,6.68955564489885,5.90948100741255,0.00590948100741255,300.2638854980469,191.236083984375
3,6.771548122482281,5.90948100741255,0.00590948100741255,300.36700439453125,191.236083984375
3,6.854545564630945,5.90948100741255,0.00590948100741255,300.4701232910156,191.236083984375
3,6.938585304569197,5.90948100741255,0.00590948100741255,300.5732727050781,191.236083984375
3,7.02363008635219,5.90948100741255,0.00590948100741255,300.6763916015625,191.236083984375
3,7.109717244151483,5.90948100741255,0.00590948100741255,300.7795104980469,191.236083984375
3,7.196859554150825,5.90948100741255,0.00590948100741255,300.88262939453125,191.236083984375
3,7.28506994912897,5.90948100741255,0.00590948100741255,300.9857482910156,191.236083984375
3,7.37438810715769,5.90948100741255,0.00590948100741255,301.0888977050781,191.236083984375
3,7.464774432298544,5.90948100741255,0.00590948100741255,301.1920166015625,191.236083984375
3,7.556268603629988,5.90948100741255,0.00590948100741255,301.2951354980469,191.236083984375
3,7.648884199789945,5.90948100741255,0.00590948100741255,301.39825439453125,191.236083984375
3,7.7426349658468485,5.90948100741255,0.00590948100741255,301.5013732910156,191.236083984375
3,7.837563071996453,5.90948100741255,0.00590948100741255,301.6045227050781,191.236083984375
3,7.9336264353350066,5.90948100741255,0.00590948100741255,301.7076416015625,191.236083984375
3,8.030867227128189,5.90948100741255,0.00590948100741255,301.8107604980469,191.236083984375
3,8.129299878869109,5.90948100741255,0.00590948100741255,301.91387939453125,191.236083984375
3,8.228938998934645,5.90948100741255,0.00590948100741255,302.0169982910156,191.236083984375
3,8.329829406171356,5.90948100741255,0.00590948100741255,302.1201477050781,191.236083984375
3,8.43192637450738,5.90948100741255,0.00590948100741255,302.2232666015625,191.236083984375
3,8.535274723926394,5.90948100741255,0.00590948100741255,302.3263854980469,191.236083984375
3,8.639889792343325,5.90948100741255,0.00590948100741255,302.42950439453125,191.236083984375
3,8.745787105666706,5.90948100741255,0.00590948100741255,302.5326232910156,191.236083984375
3,8.85301429775192,5.90948100741255,0.00590948100741255,302.6357727050781,191.236083984375
3,8.961523833345327,5.90948100741255,0.00590948100741255,302.7388916015625,191.236083984375
3,9.071363347510852,5.90948100741255,0.00590948100741255,302.8420104980469,191.236083984375
3,9.182549141516338,5.90948100741255,0.00590948100741255,302.94512939453125,191.236083984375
3,9.295097716430826,5.90948100741255,0.00590948100741255,303.0482482910156,191.236083984375
3,9.409059697925297,5.90948100741255,0.00590948100741255,303.1513977050781,191.236083984375
3,9.524384565123553,5.90948100741255,0.00590948100741255,303.2545166015625,191.236083984375
3,9.641122944981023,5.90948100741255,0.00590948100741255,303.3576354980469,191.236083984375
3,9.759292162625286,5.90948100741255,0.00590948100741255,303.46075439453125,191.236083984375
3,9.878909755534377,5.90948100741255,0.00590948100741255,303.5638732910156,191.236083984375
3,10.000029529106593,5.90948100741255,0.00590948100741255,303.6670227050781,191.236083984375
3,10.122597789320436,5.90948100741255,0.00590948100741255,303.7701416015625,191.236083984375
3,10.246668342939325,5.90948100741255,0.00590948100741255,303.8732604980469,191.236083984375
3,10.37225960325778,5.90948100741255,0.00590948100741255,303.97637939453125,191.236083984375
3,10.49939020925822,5.90948100741255,0.00590948100741255,304.0794982910156,191.236083984375
3,10.628117345780474,5.90948100741255,0.00590948100741255,304.1826477050781,191.236083984375
3,10.758383946356927,5.90948100741255,0.00590948100741255,304.2857666015625,191.236083984375
3,10.890247197278278,5.90948100741255,0.00590948100741255,304.3888854980469,191.236083984375
3,11.023726668352232,5.90948100741255,0.00590948100741255,304.49200439453125,191.236083984375
3,11.15884216924951,5.90948100741255,0.00590948100741255,304.5951232910156,191.236083984375
3,11.295654476509478,5.90948100741255,0.00590948100741255,304.6982727050781,191.236083984375
3,11.434102939399777,5.90948100741255,0.00590948100741255,304.8013916015625,191.236083984375
3,11.57424833600176,5.90948100741255,0.00590948100741255,304.9045104980469,191.236083984375
3,11.716111465275283,5.90948100741255,0.00590948100741255,305.00762939453125,191.236083984375
3,11.859713381108673,5.90948100741255,0.00590948100741255,305.1107482910156,191.236083984375
3,12.005075395443363,5.90948100741255,0.00590948100741255,305.2138671875,191.236083984375
3,12.152262893820799,5.90948100741255,0.00590948100741255,305.3170166015625,191.236083984375
3,12.30121062604713,5.90948100741255,0.00590948100741255,305.4201354980469,191.236083984375
3,12.451983979322751,5.90948100741255,0.00590948100741255,305.52325439453125,191.236083984375
3,12.60460532990116,5.90948100741255,0.00590948100741255,305.6263732910156,191.236083984375
3,12.759097328296894,5.90948100741255,0.00590948100741255,305.7294921875,191.236083984375
3,12.915529466825491,5.90948100741255,0.00590948100741255,305.8326416015625,191.236083984375
3,13.073832397020023,5.90948100741255,0.00590948100741255,305.9357604980469,191.236083984375
3,13.234075612959126,5.90948100741255,0.00590948100741255,306.03887939453125,191.236083984375
3,13.396282896317393,5.90948100741255,0.00590948100741255,306.1419982910156,191.236083984375
3,13.560478320256383,5.90948100741255,0.00590948100741255,306.2451171875,191.236083984375
3,13.726686252997334,5.90948100741255,0.00590948100741255,306.3482360839844,191.236083984375
3,13.894981456820666,5.90948100741255,0.00590948100741255,306.4513854980469,191.236083984375
3,14.065289324203354,5.90948100741255,0.00590948100741255,306.55450439453125,191.236083984375
3,14.237684619322641,5.90948100741255,0.00590948100741255,306.6576232910156,191.236083984375
3,14.412192927341573,5.90948100741255,0.00590948100741255,306.7607421875,191.236083984375
3,14.588840147015164,5.90948100741255,0.00590948100741255,306.8638610839844,191.236083984375
3,14.767705736337694,5.90948100741255,0.00590948100741255,306.9670104980469,191.236083984375
3,14.948710401792377,5.90948100741255,0.00590948100741255,307.07012939453125,191.236083984375
3,15.131933603389449,5.90948100741255,0.00590948100741255,307.1732482910156,191.236083984375
3,15.31740253326015,5.90948100741255,0.00590948100741255,307.2763671875,191.236083984375
3,15.505144716823935,5.90948100741255,0.00590948100741255,307.3794860839844,191.236083984375
3,15.695188016873544,5.90948100741255,0.00590948100741255,307.48260498046875,191.236083984375
3,15.887617917117558,5.90948100741255,0.00590948100741255,307.58575439453125,191.236083984375
3,16.082349110798077,5.90948100741255,0.00590948100741255,307.6888732910156,191.236083984375
3,16.279467083792518,5.90948100741255,0.00590948100741255,307.7919921875,191.236083984375
3,16.479001090353318,5.90948100741255,0.00590948100741255,307.8951110839844,191.236083984375
3,16.68098074329611,5.90948100741255,0.00590948100741255,307.99822998046875,191.236083984375
3,16.885496895441207,5.90948100741255,0.00590948100741255,308.10137939453125,191.236083984375
3,17.092458882032997,5.90948100741255,0.00590948100741255,308.2044982910156,191.236083984375
3,17.30195755819686,5.90948100741255,0.00590948100741255,308.3076171875,191.236083984375
3,17.51402401560374,5.90948100741255,0.00590948100741255,308.4107360839844,191.236083984375
3,17.728689727008675,5.90948100741255,0.00590948100741255,308.51385498046875,191.236083984375
3,17.94605125157007,5.90948100741255,0.00590948100741255,308.61700439453125,191.236083984375
3,18.166012230006288,5.90948100741255,0.00590948100741255,308.7201232910156,191.236083984375
3,18.388669223925604,5.90948100741255,0.00590948100741255,308.8232421875,191.236083984375
3,18.61405527782315,5.90948100741255,0.00590948100741255,308.9263610839844,191.236083984375
3,18.842203841213532,5.90948100741255,0.00590948100741255,309.02947998046875,191.236083984375
3,19.07314877359499,5.90948100741255,0.00590948100741255,309.1325988769531,191.236083984375
3,19.306993956710755,5.90948100741255,0.00590948100741255,309.2357482910156,191.236083984375
3,19.543635723852077,5.90948100741255,0.00590948100741255,309.3388671875,191.236083984375
3,19.78317795939782,5.90948100741255,0.00590948100741255,309.4419860839844,191.236083984375
3,20.02565621377961,5.90948100741255,0.00590948100741255,309.54510498046875,191.236083984375
3,20.271106473163268,5.90948100741255,0.00590948100741255,309.6482238769531,191.236083984375
3,20.519639143958493,5.90948100741255,0.00590948100741255,309.7513732910156,191.236083984375
3,20.77114404829605,5.90948100741255,0.00590948100741255,309.8544921875,191.236083984375
3,21.025731595386844,5.90948100741255,0.00590948100741255,309.9576110839844,191.236083984375
3,21.2834395685352,5.90948100741255,0.00590948100741255,310.06072998046875,191.236083984375
3,21.544306214147472,5.90948100741255,0.00590948100741255,310.1638488769531,191.236083984375
3,21.808370247408206,5.90948100741255,0.00590948100741255,310.2669677734375,191.236083984375
3,22.075750447421203,5.90948100741255,0.00590948100741255,310.3701171875,191.236083984375
3,22.346328280954573,5.90948100741255,0.00590948100741255,310.4732360839844,191.236083984375
3,22.62022253012572,5.90948100741255,0.00590948100741255,310.57635498046875,191.236083984375
3,22.89747384354411,5.90948100741255,0.00590948100741255,310.6794738769531,191.236083984375
3,23.178123368040637,5.90948100741255,0.00590948100741255,310.7825927734375,191.236083984375
3,23.46229734306793,5.90948100741255,0.00590948100741255,310.8857421875,191.236083984375
3,23.749869790488145,5.90948100741255,0.00590948100741255,310.9888610839844,191.236083984375
3,24.04096695295677,5.90948100741255,0.00590948100741255,311.09197998046875,191.236083984375
3,24.335632032165353,5.90948100741255,0.00590948100741255,311.1950988769531,191.236083984375
3,24.633908759319503,5.90948100741255,0.00590948100741255,311.2982177734375,191.236083984375
3,24.9359313027946,5.90948100741255,0.00590948100741255,311.4013671875,191.236083984375
3,25.24156577194286,5.90948100741255,0.00590948100741255,311.5044860839844,191.236083984375
3,25.5509463385437,5.90948100741255,0.00590948100741255,311.60760498046875,191.236083984375
3,25.86411891772631,5.90948100741255,0.00590948100741255,311.7107238769531,191.236083984375
3,26.181129987391902,5.90948100741255,0.00590948100741255,311.8138427734375,191.236083984375
3,26.502122142843188,5.90948100741255,0.00590948100741255,311.9169921875,191.236083984375
3,26.82695308394874,5.90948100741255,0.00590948100741255,312.0201110839844,191.236083984375
3,27.155765409629115,5.90948100741255,0.00590948100741255,312.12322998046875,191.236083984375
3,27.488607918878255,5.90948100741255,0.00590948100741255,312.2263488769531,191.236083984375
3,27.825530008809157,5.90948100741255,0.00590948100741255,312.3294677734375,191.236083984375
3,28.166683230935295,5.90948100741255,0.00590948100741255,312.4326171875,191.236083984375
3,28.51191634745376,5.90948100741255,0.00590948100741255,312.5357360839844,191.236083984375
3,28.861380913723117,5.90948100741255,0.00590948100741255,312.63885498046875,191.236083984375
3,29.21512879373362,5.90948100741255,0.00590948100741255,312.7419738769531,191.236083984375
3,29.573212487161587,5.90948100741255,0.00590948100741255,312.8450927734375,191.236083984375
3,29.935793064258323,5.90948100741255,0.00590948100741255,312.9482421875,191.236083984375
3,30.302709788186778,5.90948100741255,0.00590948100741255,313.0513610839844,191.236083984375
3,30.67412373328488,5.90948100741255,0.00590948100741255,313.15447998046875,191.236083984375
3,31.050090021047303,5.90948100741255,0.00590948100741255,313.2575988769531,191.236083984375
3,31.4306644485813,5.90948100741255,0.00590948100741255,313.3607177734375,191.236083984375
3,31.816018202734583,5.90948100741255,0.00590948100741255,313.4638671875,191.236083984375
3,32.205980451015016,5.90948100741255,0.00590948100741255,313.5669860839844,191.236083984375
3,32.600722384613526,5.90948100741255,0.00590948100741255,313.67010498046875,191.236083984375
3,33.00030258712854,5.90948100741255,0.00590948100741255,313.7732238769531,191.236083984375
3,33.40478036020528,5.90948100741255,0.00590948100741255,313.8763427734375,191.236083984375
3,33.81433764269701,5.90948100741255,0.00590948100741255,313.9794921875,191.236083984375
3,34.228792872362625,5.90948100741255,0.00590948100741255,314.0826110839844,191.236083984375
3,34.64832799267142,5.90948100741255,0.00590948100741255,314.18572998046875,191.236083984375
3,35.0730052667754,5.90948100741255,0.00590948100741255,314.2888488769531,191.236083984375
3,35.50288772097287,5.90948100741255,0.00590948100741255,314.3919677734375,191.236083984375
3,35.93816872144108,5.90948100741255,0.00590948100741255,314.4951171875,191.236083984375
3,36.378655302269415,5.90948100741255,0.00590948100741255,314.5982360839844,191.236083984375
3,36.82454083454109,5.90948100741255,0.00590948100741255,314.70135498046875,191.236083984375
3,37.275891492069235,5.90948100741255,0.00590948100741255,314.8044738769531,191.236083984375
3,37.732774259745526,5.90948100741255,0.00590948100741255,314.9075927734375,191.236083984375
3,38.19539464880535,5.90948100741255,0.00590948100741255,315.0107421875,191.236083984375
3,38.663547573420075,5.90948100741255,0.00590948100741255,315.1138610839844,191.236083984375
3,39.137438550039285,5.90948100741255,0.00590948100741255,315.21697998046875,191.236083984375
3,39.61713790876038,5.90948100741255,0.00590948100741255,315.3200988769531,191.236083984375
3,40.10271684170201,5.879015862602252,0.005879015862602252,315.4232177734375,191.28766632080078
3,40.59439376797181,5.848707774739451,0.005848707774739451,315.5263671875,191.33924865722656
3,41.09195072058815,5.848707774739451,0.005848707774739451,315.6294860839844,191.33924865722656
3,41.59560612420029,5.848707774739451,0.005848707774739451,315.73260498046875,191.33924865722656
3,42.10543472624032,5.848707774739451,0.005848707774739451,315.8357238769531,191.33924865722656
3,42.621512190303946,5.848707774739451,0.005848707774739451,315.9388427734375,191.33924865722656
3,43.14407065409628,5.848707774739451,0.005848707774739451,316.0419921875,191.33924865722656
3,43.67287846043563,5.848707774739451,0.005848707774739451,316.1451110839844,191.33924865722656
3,44.20816775291677,5.848707774739451,0.005848707774739451,316.24822998046875,191.33924865722656
3,44.750017973753145,5.848707774739451,0.005848707774739451,316.3513488769531,191.33924865722656
3,45.298509538864664,5.848707774739451,0.005848707774739451,316.4544677734375,191.33924865722656
3,45.85388916619981,5.848707774739451,0.005848707774739451,316.5576171875,191.33924865722656
3,46.415910648514526,5.848707774739451,0.005848707774739451,316.6607360839844,191.33924865722656
3,46.9848207100169,5.848707774739451,0.005848707774739451,316.76385498046875,191.33924865722656
3,47.560703782574215,5.848707774739451,0.005848707774739451,316.8669738769531,191.33924865722656
3,48.1436453329175,5.848707774739451,0.005848707774739451,316.9700927734375,191.33924865722656
3,48.73390757500321,5.848707774739451,0.005848707774739451,317.0732421875,191.33924865722656
3,49.331228837655914,5.848707774739451,0.005848707774739451,317.1763610839844,191.33924865722656
3,49.935871341484855,5.848707774739451,0.005848707774739451,317.27947998046875,191.33924865722656
3,50.547924821404415,5.848707774739451,0.005848707774739451,317.3825988769531,191.33924865722656
3,51.16748011219093,5.848707774739451,0.005848707774739451,317.4857177734375,191.33924865722656
3,51.79481589709147,5.848707774739451,0.005848707774739451,317.5888671875,191.33924865722656
3,52.429654069731306,5.848707774739451,0.005848707774739451,317.6919860839844,191.33924865722656
3,53.07227332042813,5.848707774739451,0.005848707774739451,317.79510498046875,191.33924865722656
3,53.72276902022028,5.848707774739451,0.005848707774739451,317.8982238769531,191.33924865722656
3,54.381237709088886,5.848707774739451,0.005848707774739451,318.0013427734375,191.33924865722656
3,55.047975573984566,5.848707774739451,0.005848707774739451,318.1044921875,191.33924865722656
3,55.72268704106161,5.848707774739451,0.005848707774739451,318.2076110839844,191.33924865722656
3,56.405668304785266,5.848707774739451,0.005848707774739451,318.31072998046875,191.33924865722656
3,57.09702072631499,5.848707774739451,0.005848707774739451,318.4138488769531,191.33924865722656
3,57.7968469091726,5.848707774739451,0.005848707774739451,318.5169677734375,191.33924865722656
3,58.50546164339521,5.848707774739451,0.005848707774739451,318.6201171875,191.33924865722656
3,59.22255079055888,5.848707774739451,0.005848707774739451,318.7232360839844,191.33924865722656
3,59.9484291486874,5.848707774739451,0.005848707774739451,318.82635498046875,191.33924865722656
3,60.683204445292304,5.848707774739451,0.005848707774739451,318.9294738769531,191.33924865722656
3,61.42698572827866,5.848707774739451,0.005848707774739451,319.0325927734375,191.33924865722656
3,62.18010755920387,5.848707774739451,0.005848707774739451,319.1357421875,191.33924865722656
3,62.94223606905059,5.848707774739451,0.005848707774739451,319.2388610839844,191.33924865722656
3,63.71370582786456,5.848707774739451,0.005848707774739451,319.34197998046875,191.33924865722656
3,64.49463132937107,5.848707774739451,0.005848707774739451,319.4450988769531,191.33924865722656
3,65.28512847062105,5.848707774739451,0.005848707774739451,319.5482177734375,191.33924865722656
3,66.08555282651369,5.848707774739451,0.005848707774739451,319.6513671875,191.33924865722656
3,66.89554955818724,5.848707774739451,0.005848707774739451,319.7544860839844,191.33924865722656
3,67.71547424956246,5.848707774739451,0.005848707774739451,319.85760498046875,191.33924865722656
3,68.54544858555481,5.848707774739451,0.005848707774739451,319.9607238769531,191.33924865722656
3,69.38559574254616,5.848707774739451,0.005848707774739451,320.0638427734375,191.33924865722656
3,70.23629362859607,5.848707774739451,0.005848707774739451,320.1669921875,191.33924865722656
3,71.097165117912,5.848707774739451,0.005848707774739451,320.2701110839844,191.33924865722656
3,71.96858812814156,5.848707774739451,0.005848707774739451,320.37322998046875,191.33924865722656
3,72.85069198705897,5.848707774739451,0.005848707774739451,320.4763488769531,191.33924865722656
3,73.74360760758174,5.848707774739451,0.005848707774739451,320.5794677734375,191.33924865722656
3,74.64773663364404,5.848707774739451,0.005848707774739451,320.6826171875,191.33924865722656
3,75.56267825271188,5.848707774739451,0.005848707774739451,320.7857360839844,191.33924865722656
3,76.48883411890962,5.848707774739451,0.005848707774739451,320.88885498046875,191.33924865722656
3,77.42634168290753,5.848707774739451,0.005848707774739451,320.9919738769531,191.33924865722656
3,78.3753400800797,5.848707774739451,0.005848707774739451,321.0950927734375,191.33924865722656
3,79.33625618105194,5.848707774739451,0.005848707774739451,321.1982421875,191.33924865722656
3,80.30866399881765,5.848707774739451,0.005848707774739451,321.3013610839844,191.33924865722656
3,81.29299041483299,5.848707774739451,0.005848707774739451,321.40447998046875,191.33924865722656
3,82.2893815128517,5.848707774739451,0.005848707774739451,321.5075988769531,191.33924865722656
3,83.29798516714555,5.848707774739451,0.005848707774739451,321.6107177734375,191.33924865722656
3,84.3192550594851,5.848707774739451,0.005848707774739451,321.7138671875,191.33924865722656
3,85.35273844721782,5.848707774739451,0.005848707774739451,321.8169860839844,191.33924865722656
3,86.39888902362487,5.848707774739451,0.005848707774739451,321.92010498046875,191.33924865722656
3,87.45786204777559,5.848707774739451,0.005848707774739451,322.0232238769531,191.33924865722656
3,88.529814681717,5.848707774739451,0.005848707774739451,322.1263427734375,191.33924865722656
3,89.61522910233495,5.848707774739451,0.005848707774739451,322.2294921875,191.33924865722656
3,90.71362413084631,5.848707774739451,0.005848707774739451,322.3326110839844,191.33924865722656
3,91.82548195637051,5.848707774739451,0.005848707774739451,322.43572998046875,191.33924865722656
3,92.95096758958098,5.848707774739451,0.005848707774739451,322.5388488769531,191.33924865722656
3,94.09024806365234,5.848707774739451,0.005848707774739451,322.6419677734375,191.33924865722656
3,95.24383584032364,5.848707774739451,0.005848707774739451,322.7451171875,191.33924865722656
3,96.41121951864805,5.848707774739451,0.005848707774739451,322.8482360839844,191.33924865722656
3,97.59291157336648,5.848707774739451,0.005848707774739451,322.95135498046875,191.33924865722656
3,98.78908737924128,5.848707774739451,0.005848707774739451,323.0544738769531,191.33924865722656
3,99.99992446056623,5.848707774739451,0.005848707774739451,323.1575927734375,191.33924865722656
3,101.22596746608284,5.848707774739451,0.005848707774739451,323.2607421875,191.33924865722656
3,102.46667287446867,5.848707774739451,0.005848707774739451,323.3638610839844,191.33924865722656
3,103.7225853482838,5.848707774739451,0.005848707774739451,323.46697998046875,191.33924865722656
3,104.99389127733305,5.848707774739451,0.005848707774739451,323.5700988769531,191.33924865722656
3,106.28077933596188,5.848707774739451,0.005848707774739451,323.6732177734375,191.33924865722656
3,107.58382838153489,5.848707774739451,0.005848707774739451,323.7763671875,191.33924865722656
3,108.90246075491822,5.848707774739451,0.005848707774739451,323.8794860839844,191.33924865722656
3,110.23725532816276,5.848707774739451,0.005848707774739451,323.98260498046875,191.33924865722656
3,111.58841019795533,5.848707774739451,0.005848707774739451,324.0857238769531,191.33924865722656
3,112.95612588901228,5.848707774739451,0.005848707774739451,324.1888427734375,191.33924865722656
3,114.34101761591634,5.848707774739451,0.005848707774739451,324.2919921875,191.33924865722656
3,115.74247143757474,5.848707774739451,0.005848707774739451,324.3951110839844,191.33924865722656
3,117.16110258417908,5.848707774739451,0.005848707774739451,324.49822998046875,191.33924865722656
3,118.59712159459106,5.848707774739451,0.005848707774739451,324.6013488769531,191.33924865722656
3,120.05074158820294,5.848707774739451,0.005848707774739451,324.7044677734375,191.33924865722656
3,121.52261642036176,5.848707774739451,0.005848707774739451,324.8076171875,191.33924865722656
3,123.01209358919652,5.848707774739451,0.005848707774739451,324.9107360839844,191.33924865722656
3,124.51982696664358,5.848707774739451,0.005848707774739451,325.01385498046875,191.33924865722656
3,126.04604031521492,5.848707774739451,0.005848707774739451,325.1169738769531,191.33924865722656
3,127.59096014003266,5.788559535328011,0.005788559535328011,325.2200927734375,191.44241333007812
3,129.15528136418047,5.788559535328011,0.005788559535328011,325.3232421875,191.44241333007812
3,130.7383105030604,5.788559535328011,0.005788559535328011,325.4263610839844,191.44241333007812
3,132.3407424973876,5.788559535328011,0.005788559535328011,325.52947998046875,191.44241333007812
3,133.96281516388322,5.788559535328011,0.005788559535328011,325.6325988769531,191.44241333007812
3,135.6047692341381,5.788559535328011,0.005788559535328011,325.7357177734375,191.44241333007812
3,137.26734327837926,5.788559535328011,0.005788559535328011,325.8388671875,191.44241333007812
3,138.94980025521468,5.788559535328011,0.005788559535328011,325.9419860839844,191.44241333007812
3,140.65287875361028,5.788559535328011,0.005788559535328011,326.04510498046875,191.44241333007812
3,142.3768315272216,5.788559535328011,0.005788559535328011,326.1482238769531,191.44241333007812
3,144.1219144276528,5.788559535328011,0.005788559535328011,326.2513427734375,191.44241333007812
3,145.88891241369,5.788559535328011,0.005788559535328011,326.3544921875,191.44241333007812
3,147.6770421514062,5.788559535328011,0.005788559535328011,326.4576110839844,191.44241333007812
3,149.48708861950294,5.788559535328011,0.005788559535328011,326.56072998046875,191.44241333007812
3,151.31932044673852,5.788559535328011,0.005788559535328011,326.6638488769531,191.44241333007812
3,153.17400955439706,5.788559535328011,0.005788559535328011,326.7669677734375,191.44241333007812
3,155.05143119664476,5.788559535328011,0.005788559535328011,326.8700866699219,191.44241333007812
3,156.9524298597883,5.788559535328011,0.005788559535328011,326.9732360839844,191.44241333007812
3,158.8761628056017,5.788559535328011,0.005788559535328011,327.07635498046875,191.44241333007812
3,160.82347454181732,5.788559535328011,0.005788559535328011,327.1794738769531,191.44241333007812
3,162.79465406871387,5.788559535328011,0.005788559535328011,327.2825927734375,191.44241333007812
3,164.78999392878515,5.788559535328011,0.005788559535328011,327.3857116699219,191.44241333007812
3,166.81039164933733,5.788559535328011,0.005788559535328011,327.4888610839844,191.44241333007812
3,168.85495156093947,5.788559535328011,0.005788559535328011,327.59197998046875,191.44241333007812
3,170.92457121366922,5.788559535328011,0.005788559535328011,327.6950988769531,191.44241333007812
3,173.01955775950657,5.788559535328011,0.005788559535328011,327.7982177734375,191.44241333007812
3,175.1402221151293,5.788559535328011,0.005788559535328011,327.9013366699219,191.44241333007812
3,177.28751818027345,5.788559535328011,0.005788559535328011,328.0044860839844,191.44241333007812
3,179.4604940297685,5.788559535328011,0.005788559535328011,328.10760498046875,191.44241333007812
3,181.66010358755253,5.788559535328011,0.005788559535328011,328.2107238769531,191.44241333007812
3,183.88667329739016,5.788559535328011,0.005788559535328011,328.3138427734375,191.44241333007812
3,186.14053360419925,5.788559535328011,0.005788559535328011,328.4169616699219,191.44241333007812
3,188.42201900309098,5.788559535328011,0.005788559535328011,328.52008056640625,191.44241333007812
3,190.73215573299584,5.788559535328011,0.005788559535328011,328.62322998046875,191.44241333007812
3,193.06991967929065,5.75871777692899,0.005758717776928991,328.7263488769531,191.4939956665039
3,195.43633710694309,5.72902986173378,0.00572902986173378,328.8294677734375,191.5455780029297
3,197.8317592156518,5.72902986173378,0.00572902986173378,328.9325866699219,191.5455780029297
3,200.25654150969692,5.72902986173378,0.00572902986173378,329.03570556640625,191.5455780029297
3,202.71177468463534,5.72902986173378,0.00572902986173378,329.13885498046875,191.5455780029297
3,205.19637030264207,5.72902986173378,0.00572902986173378,329.2419738769531,191.5455780029297
3,207.7114190869467,5.72902986173378,0.00572902986173378,329.3450927734375,191.5455780029297
3,210.2572942956082,5.72902986173378,0.00572902986173378,329.4482116699219,191.5455780029297
3,212.8343737616308,5.72902986173378,0.00572902986173378,329.55133056640625,191.5455780029297
3,215.44303994903916,5.72902986173378,0.00572902986173378,329.6544494628906,191.5455780029297
3,218.08446626652528,5.72902986173378,0.00572902986173378,329.7575988769531,191.5455780029297
3,220.75748173434465,5.72902986173378,0.00572902986173378,329.8607177734375,191.5455780029297
3,223.46325979096054,5.72902986173378,0.00572902986173378,329.9638366699219,191.5455780029297
3,226.20220200053808,5.72902986173378,0.00572902986173378,330.06695556640625,191.5455780029297
3,228.9747148491297,5.72902986173378,0.00572902986173378,330.1700744628906,191.5455780029297
3,231.78204544558076,5.72902986173378,0.00572902986173378,330.2732238769531,191.5455780029297
3,234.62294926255265,5.72902986173378,0.00572902986173378,330.3763427734375,191.5455780029297
3,237.49867344053123,5.72902986173378,0.00572902986173378,330.4794616699219,191.5455780029297
3,240.4096447653631,5.72902986173378,0.00572902986173378,330.58258056640625,191.5455780029297
3,243.35629525391928,5.72902986173378,0.00572902986173378,330.6856994628906,191.5455780029297
3,246.33995034420033,5.72902986173378,0.00572902986173378,330.7888488769531,191.5455780029297
3,249.35928734185322,5.72902986173378,0.00572902986173378,330.8919677734375,191.5455780029297
3,252.41563171850677,5.72902986173378,0.00572902986173378,330.9950866699219,191.5455780029297
3,255.50943706582748,5.6994949966345745,0.005699494996634575,331.09820556640625,191.59716033935547
3,258.6411625350596,5.670112392612285,0.005670112392612285,331.2013244628906,191.64874267578125
3,261.8112729051674,5.670112392612285,0.005670112392612285,331.304443359375,191.64874267578125
3,265.02119412903164,5.670112392612285,0.005670112392612285,331.4075927734375,191.64874267578125
3,268.26950320548417,5.670112392612285,0.005670112392612285,331.5107116699219,191.64874267578125
3,271.55762612358376,5.670112392612285,0.005670112392612285,331.61383056640625,191.64874267578125
3,274.8860508732197,5.670112392612285,0.005670112392612285,331.7169494628906,191.64874267578125
3,278.2552714254708,5.670112392612285,0.005670112392612285,331.820068359375,191.64874267578125
3,281.66680329531573,5.670112392612285,0.005670112392612285,331.9232177734375,191.64874267578125
3,285.1191341048814,5.670112392612285,0.005670112392612285,332.0263366699219,191.64874267578125
3,288.6137794075973,5.670112392612285,0.005670112392612285,332.12945556640625,191.64874267578125
3,292.1512578433126,5.670112392612285,0.005670112392612285,332.2325744628906,191.64874267578125
3,295.73209440873615,5.670112392612285,0.005670112392612285,332.335693359375,191.64874267578125
3,299.3568205353512,5.670112392612285,0.005670112392612285,332.4388122558594,191.64874267578125
3,303.0270666675447,5.670112392612285,0.005670112392612285,332.5419616699219,191.64874267578125
3,306.74120573593837,5.670112392612285,0.005670112392612285,332.64508056640625,191.64874267578125
3,310.50086822628595,5.670112392612285,0.005670112392612285,332.7481994628906,191.64874267578125
3,314.30661210960255,5.670112392612285,0.005670112392612285,332.851318359375,191.64874267578125
3,318.1590021958369,5.611800832039266,0.005611800832039266,332.9544372558594,191.7519073486328
3,322.0597713352991,5.611800832039266,0.005611800832039266,333.0575866699219,191.7519073486328
3,326.0071902646672,5.611800832039266,0.005611800832039266,333.16070556640625,191.7519073486328
3,330.00299187821633,5.611800832039266,0.005611800832039266,333.2638244628906,191.7519073486328
3,334.04776919233785,5.611800832039266,0.005611800832039266,333.366943359375,191.7519073486328
3,338.14212249190035,5.611800832039266,0.005611800832039266,333.4700622558594,191.7519073486328
3,342.2878934651094,5.611800832039266,0.005611800832039266,333.5732116699219,191.7519073486328
3,346.4832442360413,5.611800832039266,0.005611800832039266,333.67633056640625,191.7519073486328
3,350.730016539628,5.611800832039266,0.005611800832039266,333.7794494628906,191.7519073486328
3,355.0288406387879,5.611800832039266,0.005611800832039266,333.882568359375,191.7519073486328
3,359.3803545214396,5.611800832039266,0.005611800832039266,333.9856872558594,191.7519073486328
3,363.7865155496397,5.611800832039266,0.005611800832039266,334.0888366699219,191.7519073486328
3,368.2453704130568,5.611800832039266,0.005611800832039266,334.19195556640625,191.7519073486328
3,372.75887652340947,5.611800832039266,0.005611800832039266,334.2950744628906,191.7519073486328
3,377.32770372954496,5.582870317704727,0.005582870317704727,334.398193359375,191.8034896850586
3,381.95253009050737,5.554088948837876,0.005554088948837876,334.5013122558594,191.85507202148438
3,386.6354359075164,5.554088948837876,0.005554088948837876,334.6044616699219,191.85507202148438
3,391.3743451855612,5.554088948837876,0.005554088948837876,334.70758056640625,191.85507202148438
3,396.1713382786413,5.554088948837876,0.005554088948837876,334.8106994628906,191.85507202148438
3,401.02712710787097,5.554088948837876,0.005554088948837876,334.913818359375,191.85507202148438
3,405.9424323202305,5.554088948837876,0.005554088948837876,335.0169372558594,191.85507202148438
3,410.9194648777391,5.554088948837876,0.005554088948837876,335.1200866699219,191.85507202148438
3,415.9560183950532,5.554088948837876,0.005554088948837876,335.22320556640625,191.85507202148438
3,421.0543038902875,5.554088948837876,0.005554088948837876,335.3263244628906,191.85507202148438
3,426.21507799932044,5.554088948837876,0.005554088948837876,335.429443359375,191.85507202148438
3,431.43910663195896,5.554088948837876,0.005554088948837876,335.5325622558594,191.85507202148438
3,436.7287396176424,5.554088948837876,0.005554088948837876,335.6357116699219,191.85507202148438
3,442.08163199106133,5.496962171296043,0.0054969621712960435,335.73883056640625,191.958251953125
3,447.5001336412741,5.496962171296043,0.0054969621712960435,335.8419494628906,191.958251953125
3,452.98504872739665,5.496962171296043,0.0054969621712960435,335.945068359375,191.958251953125
3,458.5371912649557,5.496962171296043,0.0054969621712960435,336.0481872558594,191.958251953125
3,464.159058672879,5.496962171296043,0.0054969621712960435,336.1513366699219,191.958251953125
3,469.8481587018778,5.496962171296043,0.0054969621712960435,336.25445556640625,191.958251953125
3,475.60698883424357,5.496962171296043,0.0054969621712960435,336.3575744628906,191.958251953125
3,481.43640373719785,5.496962171296043,0.0054969621712960435,336.460693359375,191.958251953125
3,487.33726855343843,5.496962171296043,0.0054969621712960435,336.5638122558594,191.958251953125
3,493.31223756127156,5.496962171296043,0.0054969621712960435,336.6669616699219,191.958251953125
3,499.3586619767287,5.496962171296043,0.0054969621712960435,336.77008056640625,191.958251953125
3,505.47919614545805,5.440439609591415,0.005440439609591416,336.8731994628906,192.0614013671875
3,511.6747484151297,5.440439609591415,0.005440439609591416,336.976318359375,192.0614013671875
3,517.9462382668403,5.440439609591415,0.005440439609591416,337.0794372558594,192.0614013671875
3,524.2964866903886,5.440439609591415,0.005440439609591416,337.1825866699219,192.0614013671875
3,530.7226785354053,5.440439609591415,0.005440439609591416,337.28570556640625,192.0614013671875
3,537.2276348632619,5.440439609591415,0.005440439609591416,337.3888244628906,192.0614013671875
3,543.8123210736704,5.440439609591415,0.005440439609591416,337.491943359375,192.0614013671875
3,550.4777143990445,5.440439609591415,0.005440439609591416,337.5950622558594,192.0614013671875
3,557.2268130115923,5.440431291407884,0.005440431291407884,337.6982116699219,192.06141662597656
3,564.0566249453012,5.440431291407884,0.005440431291407884,337.80133056640625,192.06141662597656
3,570.9701484484477,5.412384238389976,0.005412384238389975,337.9044494628906,192.11299896240234
3,577.9684095561445,5.384481776332022,0.005384481776332022,338.007568359375,192.16458129882812
3,585.0524468794009,5.384481776332022,0.005384481776332022,338.1106872558594,192.16458129882812
3,592.2254469014134,5.384481776332022,0.005384481776332022,338.2138366699219,192.16458129882812
3,599.4842297349827,5.384481776332022,0.005384481776332022,338.31695556640625,192.16458129882812
3,606.8319819441521,5.384481776332022,0.005384481776332022,338.4200744628906,192.16458129882812
3,614.2697940078588,5.384481776332022,0.005384481776332022,338.523193359375,192.16458129882812
3,621.7987697708118,5.384481776332022,0.005384481776332022,338.6263122558594,192.16458129882812
3,629.4222958547439,5.384481776332022,0.005384481776332022,338.7294616699219,192.16458129882812
3,637.1369926482046,5.384481776332022,0.005384481776332022,338.83258056640625,192.16458129882812
3,644.9462468588516,5.329107647299942,0.005329107647299942,338.9356994628906,192.2677459716797
3,652.8512174570733,5.329107647299942,0.005329107647299942,339.038818359375,192.2677459716797
3,660.8530776185153,5.329107647299942,0.005329107647299942,339.1419372558594,192.2677459716797
3,668.9554266738672,5.329107647299942,0.005329107647299942,339.2450866699219,192.2677459716797
3,677.1546727430285,5.329107647299942,0.005329107647299942,339.34820556640625,192.2677459716797
3,685.4544152480083,5.329107647299942,0.005329107647299942,339.4513244628906,192.2677459716797
3,693.8558859525004,5.329107647299942,0.005329107647299942,339.554443359375,192.2677459716797
3,702.3603317176651,5.329107647299942,0.005329107647299942,339.6575622558594,192.2677459716797
3,710.9715779430996,5.329107647299942,0.005329107647299942,339.7607116699219,192.2677459716797
3,719.6858071477569,5.274302987028911,0.005274302987028911,339.86383056640625,192.37091064453125
3,728.5068448282902,5.274302987028911,0.005274302987028911,339.9669494628906,192.37091064453125
3,737.4360001137395,5.274302987028911,0.005274302987028911,340.070068359375,192.37091064453125
3,746.4745981788665,5.274302987028911,0.005274302987028911,340.1731872558594,192.37091064453125
3,755.6267046912465,5.274302987028911,0.005274302987028911,340.2763366699219,192.37091064453125
3,764.8882623992064,5.274302987028911,0.005274302987028911,340.37945556640625,192.37091064453125
3,774.2633370734744,5.274302987028911,0.005274302987028911,340.4825744628906,192.37091064453125
3,783.7533200676484,5.274302987028911,0.005274302987028911,340.585693359375,192.37091064453125
3,793.359619788854,5.274302987028911,0.005274302987028911,340.6888122558594,192.37091064453125
3,803.0865572635423,5.220061939089665,0.005220061939089665,340.7919616699219,192.4740753173828
3,812.9298204097573,5.220061939089665,0.005220061939089665,340.89508056640625,192.4740753173828
3,822.8937303635788,5.220061939089665,0.005220061939089665,340.9981994628906,192.4740753173828
3,832.9797658675714,5.220061939089665,0.005220061939089665,341.101318359375,192.4740753173828
3,843.1894237889348,5.220061939089665,0.005220061939089665,341.2044372558594,192.4740753173828
3,853.5272965517258,5.220061939089665,0.005220061939089665,341.3075866699219,192.4740753173828
3,863.988801238174,5.220061939089665,0.005220061939089665,341.41070556640625,192.4740753173828
3,874.5785303888505,5.220061939089665,0.005220061939089665,341.5138244628906,192.4740753173828
3,885.2980556240641,5.220061939089665,0.005220061939089665,341.616943359375,192.4740753173828
3,896.1489678271437,5.166378707280585,0.005166378707280585,341.7200622558594,192.57723999023438
3,907.1361478658507,5.166378707280585,0.005166378707280585,341.8232116699219,192.57723999023438
3,918.2547249757862,5.166378707280585,0.005166378707280585,341.92633056640625,192.57723999023438
3,929.5095801485465,5.166378707280585,0.005166378707280585,342.0294494628906,192.57723999023438
3,940.902383715706,5.166378707280585,0.005166378707280585,342.132568359375,192.57723999023438
3,952.434826481742,5.166378707280585,0.005166378707280585,342.2356872558594,192.57723999023438
3,964.1120958748681,5.166378707280585,0.005166378707280585,342.3388366699219,192.57723999023438
3,975.9290152048114,5.166378707280585,0.005166378707280585,342.44195556640625,192.57723999023438
3,987.8907720313985,5.166378707280585,0.005166378707280585,342.5450744628906,192.57723999023438
3,999.9991415973846,5.113247555008316,0.005113247555008316,342.648193359375,192.68040466308594
4,4.210543906345235,8.058122879665918,0.008058122879665917,296.3451232910156,188.14109802246094
4,4.262167024398997,8.058122879665918,0.008058122879665917,296.4482727050781,188.14109802246094
4,4.31440750982965,8.058122879665918,0.008058122879665917,296.5513916015625,188.14109802246094
4,4.367288295910748,8.058122879665918,0.008058122879665917,296.6545104980469,188.14109802246094
4,4.420817230672791,8.058122879665918,0.008058122879665917,296.75762939453125,188.14109802246094
4,4.4750022583379385,8.058122879665918,0.008058122879665917,296.8607482910156,188.14109802246094
4,4.5298677519680846,8.058122879665918,0.008058122879665917,296.9638977050781,188.14109802246094
4,4.585389388953401,8.058122879665918,0.008058122879665917,297.0670166015625,188.14109802246094
4,4.641591542974163,8.058122879665918,0.008058122879665917,297.1701354980469,188.14109802246094
4,4.6984825549846505,8.058122879665918,0.008058122879665917,297.27325439453125,188.14109802246094
4,4.75607086817246,8.058122879665918,0.008058122879665917,297.3763732910156,188.14109802246094
4,4.814382386437294,8.058122879665918,0.008058122879665917,297.4795227050781,188.14109802246094
4,4.87339125950034,8.058122879665918,0.008058122879665917,297.5826416015625,188.14109802246094
4,4.93312339191852,8.058122879665918,0.008058122879665917,297.6857604980469,188.14109802246094
4,4.993587648529736,8.058122879665918,0.008058122879665917,297.78887939453125,188.14109802246094
4,5.054793002826355,8.058122879665918,0.008058122879665917,297.8919982910156,188.14109802246094
4,5.116766985695646,8.058122879665918,0.008058122879665917,297.9951477050781,188.14109802246094
4,5.179482123239082,8.058122879665918,0.008058122879665917,298.0982666015625,188.14109802246094
4,5.242965947042431,8.058122879665918,0.008058122879665917,298.2013854980469,188.14109802246094
4,5.307227878731629,8.058122879665918,0.008058122879665917,298.30450439453125,188.14109802246094
4,5.372277455411493,8.058122879665918,0.008058122879665917,298.4076232910156,188.14109802246094
4,5.4381439371456795,8.058122879665918,0.008058122879665917,298.5107727050781,188.14109802246094
4,5.504798124438658,8.058122879665918,0.008058122879665917,298.6138916015625,188.14109802246094
4,5.572269278096456,8.058122879665918,0.008058122879665917,298.7170104980469,188.14109802246094
4,5.6405674115041,8.058122879665918,0.008058122879665917,298.82012939453125,188.14109802246094
4,5.70970266077858,8.058122879665918,0.008058122879665917,298.9232482910156,188.14109802246094
4,5.77970612376707,8.058122879665918,0.008058122879665917,299.0263977050781,188.14109802246094
4,5.8505467669947215,8.058122879665918,0.008058122879665917,299.1295166015625,188.14109802246094
4,5.922255689097706,8.058122879665918,0.008058122879665917,299.2326354980469,188.14109802246094
4,5.994843532387713,8.058122879665918,0.008058122879665917,299.33575439453125,188.14109802246094
4,6.068321069617005,8.058122879665918,0.008058122879665917,299.4388732910156,188.14109802246094
4,6.142721351844888,8.058122879665918,0.008058122879665917,299.5420227050781,188.14109802246094
4,6.218011396427515,8.058122879665918,0.008058122879665917,299.6451416015625,188.14109802246094
4,6.2942242552627485,8.058122879665918,0.008058122879665917,299.7482604980469,188.14109802246094
4,6.371371239090928,8.058122879665918,0.008058122879665917,299.85137939453125,188.14109802246094
4,6.449463797285767,8.058122879665918,0.008058122879665917,299.9544982910156,188.14109802246094
4,6.528537056797209,8.058122879665918,0.008058122879665917,300.0576477050781,188.14109802246094
4,6.6085559633878495,8.058122879665918,0.008058122879665917,300.1607666015625,188.14109802246094
4,6.68955564489885,8.058122879665918,0.008058122879665917,300.2638854980469,188.14109802246094
4,6.771548122482281,8.058122879665918,0.008058122879665917,300.36700439453125,188.14109802246094
4,6.854545564630945,8.058122879665918,0.008058122879665917,300.4701232910156,188.14109802246094
4,6.938585304569197,8.058122879665918,0.008058122879665917,300.5732727050781,188.14109802246094
4,7.02363008635219,8.058122879665918,0.008058122879665917,300.6763916015625,188.14109802246094
4,7.109717244151483,8.058122879665918,0.008058122879665917,300.7795104980469,188.14109802246094
4,7.196859554150825,8.058122879665918,0.008058122879665917,300.88262939453125,188.14109802246094
4,7.28506994912897,8.058122879665918,0.008058122879665917,300.9857482910156,188.14109802246094
4,7.37438810715769,8.058122879665918,0.008058122879665917,301.0888977050781,188.14109802246094
4,7.464774432298544,8.058122879665918,0.008058122879665917,301.1920166015625,188.14109802246094
4,7.556268603629988,8.058122879665918,0.008058122879665917,301.2951354980469,188.14109802246094
4,7.648884199789945,8.058122879665918,0.008058122879665917,301.39825439453125,188.14109802246094
4,7.7426349658468485,8.058122879665918,0.008058122879665917,301.5013732910156,188.14109802246094
4,7.837563071996453,8.058122879665918,0.008058122879665917,301.6045227050781,188.14109802246094
4,7.9336264353350066,8.058122879665918,0.008058122879665917,301.7076416015625,188.14109802246094
4,8.030867227128189,8.058122879665918,0.008058122879665917,301.8107604980469,188.14109802246094
4,8.129299878869109,8.058122879665918,0.008058122879665917,301.91387939453125,188.14109802246094
4,8.228938998934645,8.058122879665918,0.008058122879665917,302.0169982910156,188.14109802246094
4,8.329829406171356,8.058122879665918,0.008058122879665917,302.1201477050781,188.14109802246094
4,8.43192637450738,8.058122879665918,0.008058122879665917,302.2232666015625,188.14109802246094
4,8.535274723926394,8.058122879665918,0.008058122879665917,302.3263854980469,188.14109802246094
4,8.639889792343325,8.058122879665918,0.008058122879665917,302.42950439453125,188.14109802246094
4,8.745787105666706,8.058122879665918,0.008058122879665917,302.5326232910156,188.14109802246094
4,8.85301429775192,8.058122879665918,0.008058122879665917,302.6357727050781,188.14109802246094
4,8.961523833345327,8.058122879665918,0.008058122879665917,302.7388916015625,188.14109802246094
4,9.071363347510852,8.058122879665918,0.008058122879665917,302.8420104980469,188.14109802246094
4,9.182549141516338,8.058122879665918,0.008058122879665917,302.94512939453125,188.14109802246094
4,9.295097716430826,8.058122879665918,0.008058122879665917,303.0482482910156,188.14109802246094
4,9.409059697925297,8.058122879665918,0.008058122879665917,303.1513977050781,188.14109802246094
4,9.524384565123553,8.058122879665918,0.008058122879665917,303.2545166015625,188.14109802246094
4,9.641122944981023,8.058122879665918,0.008058122879665917,303.3576354980469,188.14109802246094
4,9.759292162625286,8.058122879665918,0.008058122879665917,303.46075439453125,188.14109802246094
4,9.878909755534377,7.975252966714158,0.007975252966714159,303.5638732910156,188.2442626953125
4,10.000029529106593,7.975252966714158,0.007975252966714159,303.6670227050781,188.2442626953125
4,10.122597789320436,7.975252966714158,0.007975252966714159,303.7701416015625,188.2442626953125
4,10.246668342939325,7.975252966714158,0.007975252966714159,303.8732604980469,188.2442626953125
4,10.37225960325778,7.975252966714158,0.007975252966714159,303.97637939453125,188.2442626953125
4,10.49939020925822,7.975252966714158,0.007975252966714159,304.0794982910156,188.2442626953125
4,10.628117345780474,7.975252966714158,0.007975252966714159,304.1826477050781,188.2442626953125
4,10.758383946356927,7.975252966714158,0.007975252966714159,304.2857666015625,188.2442626953125
4,10.890247197278278,7.975252966714158,0.007975252966714159,304.3888854980469,188.2442626953125
4,11.023726668352232,7.975252966714158,0.007975252966714159,304.49200439453125,188.2442626953125
4,11.15884216924951,7.975252966714158,0.007975252966714159,304.5951232910156,188.2442626953125
4,11.295654476509478,7.975252966714158,0.007975252966714159,304.6982727050781,188.2442626953125
4,11.434102939399777,7.975252966714158,0.007975252966714159,304.8013916015625,188.2442626953125
4,11.57424833600176,7.975252966714158,0.007975252966714159,304.9045104980469,188.2442626953125
4,11.716111465275283,7.975252966714158,0.007975252966714159,305.00762939453125,188.2442626953125
4,11.859713381108673,7.975252966714158,0.007975252966714159,305.1107482910156,188.2442626953125
4,12.005075395443363,7.975252966714158,0.007975252966714159,305.2138671875,188.2442626953125
4,12.152262893820799,7.975252966714158,0.007975252966714159,305.3170166015625,188.2442626953125
4,12.30121062604713,7.975252966714158,0.007975252966714159,305.4201354980469,188.2442626953125
4,12.451983979322751,7.975252966714158,0.007975252966714159,305.52325439453125,188.2442626953125
4,12.60460532990116,7.975252966714158,0.007975252966714159,305.6263732910156,188.2442626953125
4,12.759097328296894,7.975252966714158,0.007975252966714159,305.7294921875,188.2442626953125
4,12.915529466825491,7.975252966714158,0.007975252966714159,305.8326416015625,188.2442626953125
4,13.073832397020023,7.975252966714158,0.007975252966714159,305.9357604980469,188.2442626953125
4,13.234075612959126,7.975252966714158,0.007975252966714159,306.03887939453125,188.2442626953125
4,13.396282896317393,7.975252966714158,0.007975252966714159,306.1419982910156,188.2442626953125
4,13.560478320256383,7.975252966714158,0.007975252966714159,306.2451171875,188.2442626953125
4,13.726686252997334,7.975252966714158,0.007975252966714159,306.3482360839844,188.2442626953125
4,13.894981456820666,7.975252966714158,0.007975252966714159,306.4513854980469,188.2442626953125
4,14.065289324203354,7.975252966714158,0.007975252966714159,306.55450439453125,188.2442626953125
4,14.237684619322641,7.975252966714158,0.007975252966714159,306.6576232910156,188.2442626953125
4,14.412192927341573,7.975252966714158,0.007975252966714159,306.7607421875,188.2442626953125
4,14.588840147015164,7.975252966714158,0.007975252966714159,306.8638610839844,188.2442626953125
4,14.767705736337694,7.975252966714158,0.007975252966714159,306.9670104980469,188.2442626953125
4,14.948710401792377,7.975252966714158,0.007975252966714159,307.07012939453125,188.2442626953125
4,15.131933603389449,7.975252966714158,0.007975252966714159,307.1732482910156,188.2442626953125
4,15.31740253326015,7.975252966714158,0.007975252966714159,307.2763671875,188.2442626953125
4,15.505144716823935,7.975252966714158,0.007975252966714159,307.3794860839844,188.2442626953125
4,15.695188016873544,7.975252966714158,0.007975252966714159,307.48260498046875,188.2442626953125
4,15.887617917117558,7.975252966714158,0.007975252966714159,307.58575439453125,188.2442626953125
4,16.082349110798077,7.975252966714158,0.007975252966714159,307.6888732910156,188.2442626953125
4,16.279467083792518,7.975252966714158,0.007975252966714159,307.7919921875,188.2442626953125
4,16.479001090353318,7.975252966714158,0.007975252966714159,307.8951110839844,188.2442626953125
4,16.68098074329611,7.975252966714158,0.007975252966714159,307.99822998046875,188.2442626953125
4,16.885496895441207,7.975252966714158,0.007975252966714159,308.10137939453125,188.2442626953125
4,17.092458882032997,7.975252966714158,0.007975252966714159,308.2044982910156,188.2442626953125
4,17.30195755819686,7.975252966714158,0.007975252966714159,308.3076171875,188.2442626953125
4,17.51402401560374,7.975252966714158,0.007975252966714159,308.4107360839844,188.2442626953125
4,17.728689727008675,7.975252966714158,0.007975252966714159,308.51385498046875,188.2442626953125
4,17.94605125157007,7.975252966714158,0.007975252966714159,308.61700439453125,188.2442626953125
4,18.166012230006288,7.975252966714158,0.007975252966714159,308.7201232910156,188.2442626953125
4,18.388669223925604,7.975252966714158,0.007975252966714159,308.8232421875,188.2442626953125
4,18.61405527782315,7.975252966714158,0.007975252966714159,308.9263610839844,188.2442626953125
4,18.842203841213532,7.975252966714158,0.007975252966714159,309.02947998046875,188.2442626953125
4,19.07314877359499,7.975252966714158,0.007975252966714159,309.1325988769531,188.2442626953125
4,19.306993956710755,7.975252966714158,0.007975252966714159,309.2357482910156,188.2442626953125
4,19.543635723852077,7.975252966714158,0.007975252966714159,309.3388671875,188.2442626953125
4,19.78317795939782,7.975252966714158,0.007975252966714159,309.4419860839844,188.2442626953125
4,20.02565621377961,7.975252966714158,0.007975252966714159,309.54510498046875,188.2442626953125
4,20.271106473163268,7.975252966714158,0.007975252966714159,309.6482238769531,188.2442626953125
4,20.519639143958493,7.975252966714158,0.007975252966714159,309.7513732910156,188.2442626953125
4,20.77114404829605,7.975252966714158,0.007975252966714159,309.8544921875,188.2442626953125
4,21.025731595386844,7.975252966714158,0.007975252966714159,309.9576110839844,188.2442626953125
4,21.2834395685352,7.975252966714158,0.007975252966714159,310.06072998046875,188.2442626953125
4,21.544306214147472,7.975252966714158,0.007975252966714159,310.1638488769531,188.2442626953125
4,21.808370247408206,7.975252966714158,0.007975252966714159,310.2669677734375,188.2442626953125
4,22.075750447421203,7.975252966714158,0.007975252966714159,310.3701171875,188.2442626953125
4,22.346328280954573,7.975252966714158,0.007975252966714159,310.4732360839844,188.2442626953125
4,22.62022253012572,7.975252966714158,0.007975252966714159,310.57635498046875,188.2442626953125
4,22.89747384354411,7.975252966714158,0.007975252966714159,310.6794738769531,188.2442626953125
4,23.178123368040637,7.975252966714158,0.007975252966714159,310.7825927734375,188.2442626953125
4,23.46229734306793,7.975252966714158,0.007975252966714159,310.8857421875,188.2442626953125
4,23.749869790488145,7.975252966714158,0.007975252966714159,310.9888610839844,188.2442626953125
4,24.04096695295677,7.975252966714158,0.007975252966714159,311.09197998046875,188.2442626953125
4,24.335632032165353,7.975252966714158,0.007975252966714159,311.1950988769531,188.2442626953125
4,24.633908759319503,7.975252966714158,0.007975252966714159,311.2982177734375,188.2442626953125
4,24.9359313027946,7.975252966714158,0.007975252966714159,311.4013671875,188.2442626953125
4,25.24156577194286,7.975252966714158,0.007975252966714159,311.5044860839844,188.2442626953125
4,25.5509463385437,7.975252966714158,0.007975252966714159,311.60760498046875,188.2442626953125
4,25.86411891772631,7.975252966714158,0.007975252966714159,311.7107238769531,188.2442626953125
4,26.181129987391902,7.975252966714158,0.007975252966714159,311.8138427734375,188.2442626953125
4,26.502122142843188,7.975252966714158,0.007975252966714159,311.9169921875,188.2442626953125
4,26.82695308394874,7.975252966714158,0.007975252966714159,312.0201110839844,188.2442626953125
4,27.155765409629115,7.975252966714158,0.007975252966714159,312.12322998046875,188.2442626953125
4,27.488607918878255,7.975252966714158,0.007975252966714159,312.2263488769531,188.2442626953125
4,27.825530008809157,7.975252966714158,0.007975252966714159,312.3294677734375,188.2442626953125
4,28.166683230935295,7.975252966714158,0.007975252966714159,312.4326171875,188.2442626953125
4,28.51191634745376,7.975252966714158,0.007975252966714159,312.5357360839844,188.2442626953125
4,28.861380913723117,7.975252966714158,0.007975252966714159,312.63885498046875,188.2442626953125
4,29.21512879373362,7.975252966714158,0.007975252966714159,312.7419738769531,188.2442626953125
4,29.573212487161587,7.975252966714158,0.007975252966714159,312.8450927734375,188.2442626953125
4,29.935793064258323,7.975252966714158,0.007975252966714159,312.9482421875,188.2442626953125
4,30.302709788186778,7.975252966714158,0.007975252966714159,313.0513610839844,188.2442626953125
4,30.67412373328488,7.975252966714158,0.007975252966714159,313.15447998046875,188.2442626953125
4,31.050090021047303,7.975252966714158,0.007975252966714159,313.2575988769531,188.2442626953125
4,31.4306644485813,7.975252966714158,0.007975252966714159,313.3607177734375,188.2442626953125
4,31.816018202734583,7.975252966714158,0.007975252966714159,313.4638671875,188.2442626953125
4,32.205980451015016,7.975252966714158,0.007975252966714159,313.5669860839844,188.2442626953125
4,32.600722384613526,7.975252966714158,0.007975252966714159,313.67010498046875,188.2442626953125
4,33.00030258712854,7.975252966714158,0.007975252966714159,313.7732238769531,188.2442626953125
4,33.40478036020528,7.975252966714158,0.007975252966714159,313.8763427734375,188.2442626953125
4,33.81433764269701,7.975252966714158,0.007975252966714159,313.9794921875,188.2442626953125
4,34.228792872362625,7.975252966714158,0.007975252966714159,314.0826110839844,188.2442626953125
4,34.64832799267142,7.975252966714158,0.007975252966714159,314.18572998046875,188.2442626953125
4,35.0730052667754,7.975252966714158,0.007975252966714159,314.2888488769531,188.2442626953125
4,35.50288772097287,7.975252966714158,0.007975252966714159,314.3919677734375,188.2442626953125
4,35.93816872144108,7.975252966714158,0.007975252966714159,314.4951171875,188.2442626953125
4,36.378655302269415,7.975252966714158,0.007975252966714159,314.5982360839844,188.2442626953125
4,36.82454083454109,7.975252966714158,0.007975252966714159,314.70135498046875,188.2442626953125
4,37.275891492069235,7.975252966714158,0.007975252966714159,314.8044738769531,188.2442626953125
4,37.732774259745526,7.975252966714158,0.007975252966714159,314.9075927734375,188.2442626953125
4,38.19539464880535,7.975252966714158,0.007975252966714159,315.0107421875,188.2442626953125
4,38.663547573420075,7.975252966714158,0.007975252966714159,315.1138610839844,188.2442626953125
4,39.137438550039285,7.975252966714158,0.007975252966714159,315.21697998046875,188.2442626953125
4,39.61713790876038,7.975252966714158,0.007975252966714159,315.3200988769531,188.2442626953125
4,40.10271684170201,7.975252966714158,0.007975252966714159,315.4232177734375,188.2442626953125
4,40.59439376797181,7.975252966714158,0.007975252966714159,315.5263671875,188.2442626953125
4,41.09195072058815,7.975252966714158,0.007975252966714159,315.6294860839844,188.2442626953125
4,41.59560612420029,7.975252966714158,0.007975252966714159,315.73260498046875,188.2442626953125
4,42.10543472624032,7.975252966714158,0.007975252966714159,315.8357238769531,188.2442626953125
4,42.621512190303946,7.975252966714158,0.007975252966714159,315.9388427734375,188.2442626953125
4,43.14407065409628,7.975252966714158,0.007975252966714159,316.0419921875,188.2442626953125
4,43.67287846043563,7.975252966714158,0.007975252966714159,316.1451110839844,188.2442626953125
4,44.20816775291677,7.975252966714158,0.007975252966714159,316.24822998046875,188.2442626953125
4,44.750017973753145,7.975252966714158,0.007975252966714159,316.3513488769531,188.2442626953125
4,45.298509538864664,7.975252966714158,0.007975252966714159,316.4544677734375,188.2442626953125
4,45.85388916619981,7.975252966714158,0.007975252966714159,316.5576171875,188.2442626953125
4,46.415910648514526,7.975252966714158,0.007975252966714159,316.6607360839844,188.2442626953125
4,46.9848207100169,7.975252966714158,0.007975252966714159,316.76385498046875,188.2442626953125
4,47.560703782574215,7.975252966714158,0.007975252966714159,316.8669738769531,188.2442626953125
4,48.1436453329175,7.975252966714158,0.007975252966714159,316.9700927734375,188.2442626953125
4,48.73390757500321,7.975252966714158,0.007975252966714159,317.0732421875,188.2442626953125
4,49.331228837655914,7.975252966714158,0.007975252966714159,317.1763610839844,188.2442626953125
4,49.935871341484855,7.975252966714158,0.007975252966714159,317.27947998046875,188.2442626953125
4,50.547924821404415,7.975252966714158,0.007975252966714159,317.3825988769531,188.2442626953125
4,51.16748011219093,7.975252966714158,0.007975252966714159,317.4857177734375,188.2442626953125
4,51.79481589709147,7.975252966714158,0.007975252966714159,317.5888671875,188.2442626953125
4,52.429654069731306,7.975252966714158,0.007975252966714159,317.6919860839844,188.2442626953125
4,53.07227332042813,7.975252966714158,0.007975252966714159,317.79510498046875,188.2442626953125
4,53.72276902022028,7.975252966714158,0.007975252966714159,317.8982238769531,188.2442626953125
4,54.381237709088886,7.975252966714158,0.007975252966714159,318.0013427734375,188.2442626953125
4,55.047975573984566,7.975252966714158,0.007975252966714159,318.1044921875,188.2442626953125
4,55.72268704106161,7.975252966714158,0.007975252966714159,318.2076110839844,188.2442626953125
4,56.405668304785266,7.975252966714158,0.007975252966714159,318.31072998046875,188.2442626953125
4,57.09702072631499,7.975252966714158,0.007975252966714159,318.4138488769531,188.2442626953125
4,57.7968469091726,7.975252966714158,0.007975252966714159,318.5169677734375,188.2442626953125
4,58.50546164339521,7.975252966714158,0.007975252966714159,318.6201171875,188.2442626953125
4,59.22255079055888,7.975252966714158,0.007975252966714159,318.7232360839844,188.2442626953125
4,59.9484291486874,7.975252966714158,0.007975252966714159,318.82635498046875,188.2442626953125
4,60.683204445292304,7.975252966714158,0.007975252966714159,318.9294738769531,188.2442626953125
4,61.42698572827866,7.975252966714158,0.007975252966714159,319.0325927734375,188.2442626953125
4,62.18010755920387,7.975252966714158,0.007975252966714159,319.1357421875,188.2442626953125
4,62.94223606905059,7.975252966714158,0.007975252966714159,319.2388610839844,188.2442626953125
4,63.71370582786456,7.975252966714158,0.007975252966714159,319.34197998046875,188.2442626953125
4,64.49463132937107,7.975252966714158,0.007975252966714159,319.4450988769531,188.2442626953125
4,65.28512847062105,7.975252966714158,0.007975252966714159,319.5482177734375,188.2442626953125
4,66.08555282651369,7.975252966714158,0.007975252966714159,319.6513671875,188.2442626953125
4,66.89554955818724,7.975252966714158,0.007975252966714159,319.7544860839844,188.2442626953125
4,67.71547424956246,7.975252966714158,0.007975252966714159,319.85760498046875,188.2442626953125
4,68.54544858555481,7.975252966714158,0.007975252966714159,319.9607238769531,188.2442626953125
4,69.38559574254616,7.975252966714158,0.007975252966714159,320.0638427734375,188.2442626953125
4,70.23629362859607,7.975252966714158,0.007975252966714159,320.1669921875,188.2442626953125
4,71.097165117912,7.975252966714158,0.007975252966714159,320.2701110839844,188.2442626953125
4,71.96858812814156,7.975252966714158,0.007975252966714159,320.37322998046875,188.2442626953125
4,72.85069198705897,7.975252966714158,0.007975252966714159,320.4763488769531,188.2442626953125
4,73.74360760758174,7.975252966714158,0.007975252966714159,320.5794677734375,188.2442626953125
4,74.64773663364404,7.975252966714158,0.007975252966714159,320.6826171875,188.2442626953125
4,75.56267825271188,7.975252966714158,0.007975252966714159,320.7857360839844,188.2442626953125
4,76.48883411890962,7.975252966714158,0.007975252966714159,320.88885498046875,188.2442626953125
4,77.42634168290753,7.975252966714158,0.007975252966714159,320.9919738769531,188.2442626953125
4,78.3753400800797,7.975252966714158,0.007975252966714159,321.0950927734375,188.2442626953125
4,79.33625618105194,7.975252966714158,0.007975252966714159,321.1982421875,188.2442626953125
4,80.30866399881765,7.975252966714158,0.007975252966714159,321.3013610839844,188.2442626953125
4,81.29299041483299,7.975252966714158,0.007975252966714159,321.40447998046875,188.2442626953125
4,82.2893815128517,7.975252966714158,0.007975252966714159,321.5075988769531,188.2442626953125
4,83.29798516714555,7.975252966714158,0.007975252966714159,321.6107177734375,188.2442626953125
4,84.3192550594851,7.975252966714158,0.007975252966714159,321.7138671875,188.2442626953125
4,85.35273844721782,7.975252966714158,0.007975252966714159,321.8169860839844,188.2442626953125
4,86.39888902362487,7.975252966714158,0.007975252966714159,321.92010498046875,188.2442626953125
4,87.45786204777559,7.975252966714158,0.007975252966714159,322.0232238769531,188.2442626953125
4,88.529814681717,7.975252966714158,0.007975252966714159,322.1263427734375,188.2442626953125
4,89.61522910233495,7.975252966714158,0.007975252966714159,322.2294921875,188.2442626953125
4,90.71362413084631,7.975252966714158,0.007975252966714159,322.3326110839844,188.2442626953125
4,91.82548195637051,7.975252966714158,0.007975252966714159,322.43572998046875,188.2442626953125
4,92.95096758958098,7.975252966714158,0.007975252966714159,322.5388488769531,188.2442626953125
4,94.09024806365234,7.975252966714158,0.007975252966714159,322.6419677734375,188.2442626953125
4,95.24383584032364,7.975252966714158,0.007975252966714159,322.7451171875,188.2442626953125
4,96.41121951864805,7.975252966714158,0.007975252966714159,322.8482360839844,188.2442626953125
4,97.59291157336648,7.975252966714158,0.007975252966714159,322.95135498046875,188.2442626953125
4,98.78908737924128,7.975252966714158,0.007975252966714159,323.0544738769531,188.2442626953125
4,99.99992446056623,7.975252966714158,0.007975252966714159,323.1575927734375,188.2442626953125
4,101.22596746608284,7.975252966714158,0.007975252966714159,323.2607421875,188.2442626953125
4,102.46667287446867,7.934138148640465,0.007934138148640465,323.3638610839844,188.29584503173828
4,103.7225853482838,7.893235289770112,0.007893235289770113,323.46697998046875,188.34742736816406
4,104.99389127733305,7.893235289770112,0.007893235289770113,323.5700988769531,188.34742736816406
4,106.28077933596188,7.893235289770112,0.007893235289770113,323.6732177734375,188.34742736816406
4,107.58382838153489,7.893235289770112,0.007893235289770113,323.7763671875,188.34742736816406
4,108.90246075491822,7.893235289770112,0.007893235289770113,323.8794860839844,188.34742736816406
4,110.23725532816276,7.893235289770112,0.007893235289770113,323.98260498046875,188.34742736816406
4,111.58841019795533,7.893235289770112,0.007893235289770113,324.0857238769531,188.34742736816406
4,112.95612588901228,7.893235289770112,0.007893235289770113,324.1888427734375,188.34742736816406
4,114.34101761591634,7.893235289770112,0.007893235289770113,324.2919921875,188.34742736816406
4,115.74247143757474,7.893235289770112,0.007893235289770113,324.3951110839844,188.34742736816406
4,117.16110258417908,7.893235289770112,0.007893235289770113,324.49822998046875,188.34742736816406
4,118.59712159459106,7.893235289770112,0.007893235289770113,324.6013488769531,188.34742736816406
4,120.05074158820294,7.893235289770112,0.007893235289770113,324.7044677734375,188.34742736816406
4,121.52261642036176,7.893235289770112,0.007893235289770113,324.8076171875,188.34742736816406
4,123.01209358919652,7.893235289770112,0.007893235289770113,324.9107360839844,188.34742736816406
4,124.51982696664358,7.893235289770112,0.007893235289770113,325.01385498046875,188.34742736816406
4,126.04604031521492,7.893235289770112,0.007893235289770113,325.1169738769531,188.34742736816406
4,127.59096014003266,7.893235289770112,0.007893235289770113,325.2200927734375,188.34742736816406
4,129.15528136418047,7.893235289770112,0.007893235289770113,325.3232421875,188.34742736816406
4,130.7383105030604,7.893235289770112,0.007893235289770113,325.4263610839844,188.34742736816406
4,132.3407424973876,7.893235289770112,0.007893235289770113,325.52947998046875,188.34742736816406
4,133.96281516388322,7.893235289770112,0.007893235289770113,325.6325988769531,188.34742736816406
4,135.6047692341381,7.893235289770112,0.007893235289770113,325.7357177734375,188.34742736816406
4,137.26734327837926,7.893235289770112,0.007893235289770113,325.8388671875,188.34742736816406
4,138.94980025521468,7.893235289770112,0.007893235289770113,325.9419860839844,188.34742736816406
4,140.65287875361028,7.893235289770112,0.007893235289770113,326.04510498046875,188.34742736816406
4,142.3768315272216,7.893235289770112,0.007893235289770113,326.1482238769531,188.34742736816406
4,144.1219144276528,7.893235289770112,0.007893235289770113,326.2513427734375,188.34742736816406
4,145.88891241369,7.893235289770112,0.007893235289770113,326.3544921875,188.34742736816406
4,147.6770421514062,7.893235289770112,0.007893235289770113,326.4576110839844,188.34742736816406
4,149.48708861950294,7.893235289770112,0.007893235289770113,326.56072998046875,188.34742736816406
4,151.31932044673852,7.893235289770112,0.007893235289770113,326.6638488769531,188.34742736816406
4,153.17400955439706,7.893235289770112,0.007893235289770113,326.7669677734375,188.34742736816406
4,155.05143119664476,7.893235289770112,0.007893235289770113,326.8700866699219,188.34742736816406
4,156.9524298597883,7.893235289770112,0.007893235289770113,326.9732360839844,188.34742736816406
4,158.8761628056017,7.893235289770112,0.007893235289770113,327.07635498046875,188.34742736816406
4,160.82347454181732,7.893235289770112,0.007893235289770113,327.1794738769531,188.34742736816406
4,162.79465406871387,7.893235289770112,0.007893235289770113,327.2825927734375,188.34742736816406
4,164.78999392878515,7.893235289770112,0.007893235289770113,327.3857116699219,188.34742736816406
4,166.81039164933733,7.852543297389905,0.007852543297389906,327.4888610839844,188.39900970458984
4,168.85495156093947,7.812061084419926,0.007812061084419926,327.59197998046875,188.45059204101562
4,170.92457121366922,7.812061084419926,0.007812061084419926,327.6950988769531,188.45059204101562
4,173.01955775950657,7.812061084419926,0.007812061084419926,327.7982177734375,188.45059204101562
4,175.1402221151293,7.812061084419926,0.007812061084419926,327.9013366699219,188.45059204101562
4,177.28751818027345,7.812061084419926,0.007812061084419926,328.0044860839844,188.45059204101562
4,179.4604940297685,7.812061084419926,0.007812061084419926,328.10760498046875,188.45059204101562
4,181.66010358755253,7.812061084419926,0.007812061084419926,328.2107238769531,188.45059204101562
4,183.88667329739016,7.812061084419926,0.007812061084419926,328.3138427734375,188.45059204101562
4,186.14053360419925,7.812061084419926,0.007812061084419926,328.4169616699219,188.45059204101562
4,188.42201900309098,7.812061084419926,0.007812061084419926,328.52008056640625,188.45059204101562
4,190.73215573299584,7.812061084419926,0.007812061084419926,328.62322998046875,188.45059204101562
4,193.06991967929065,7.812061084419926,0.007812061084419926,328.7263488769531,188.45059204101562
4,195.43633710694309,7.812061084419926,0.007812061084419926,328.8294677734375,188.45059204101562
4,197.8317592156518,7.812061084419926,0.007812061084419926,328.9325866699219,188.45059204101562
4,200.25654150969692,7.812061084419926,0.007812061084419926,329.03570556640625,188.45059204101562
4,202.71177468463534,7.812061084419926,0.007812061084419926,329.13885498046875,188.45059204101562
4,205.19637030264207,7.812061084419926,0.007812061084419926,329.2419738769531,188.45059204101562
4,207.7114190869467,7.812061084419926,0.007812061084419926,329.3450927734375,188.45059204101562
4,210.2572942956082,7.812061084419926,0.007812061084419926,329.4482116699219,188.45059204101562
4,212.8343737616308,7.812061084419926,0.007812061084419926,329.55133056640625,188.45059204101562
4,215.44303994903916,7.812061084419926,0.007812061084419926,329.6544494628906,188.45059204101562
4,218.08446626652528,7.812061084419926,0.007812061084419926,329.7575988769531,188.45059204101562
4,220.75748173434465,7.812061084419926,0.007812061084419926,329.8607177734375,188.45059204101562
4,223.46325979096054,7.812061084419926,0.007812061084419926,329.9638366699219,188.45059204101562
4,226.20220200053808,7.771787569384474,0.007771787569384474,330.06695556640625,188.5021743774414
4,228.9747148491297,7.731721676383181,0.007731721676383181,330.1700744628906,188.5537567138672
4,231.78204544558076,7.731721676383181,0.007731721676383181,330.2732238769531,188.5537567138672
4,234.62294926255265,7.731721676383181,0.007731721676383181,330.3763427734375,188.5537567138672
4,237.49867344053123,7.731721676383181,0.007731721676383181,330.4794616699219,188.5537567138672
4,240.4096447653631,7.731721676383181,0.007731721676383181,330.58258056640625,188.5537567138672
4,243.35629525391928,7.731721676383181,0.007731721676383181,330.6856994628906,188.5537567138672
4,246.33995034420033,7.731721676383181,0.007731721676383181,330.7888488769531,188.5537567138672
4,249.35928734185322,7.731721676383181,0.007731721676383181,330.8919677734375,188.5537567138672
4,252.41563171850677,7.731721676383181,0.007731721676383181,330.9950866699219,188.5537567138672
4,255.50943706582748,7.731721676383181,0.007731721676383181,331.09820556640625,188.5537567138672
4,258.6411625350596,7.731721676383181,0.007731721676383181,331.2013244628906,188.5537567138672
4,261.8112729051674,7.731721676383181,0.007731721676383181,331.304443359375,188.5537567138672
4,265.02119412903164,7.731721676383181,0.007731721676383181,331.4075927734375,188.5537567138672
4,268.26950320548417,7.731721676383181,0.007731721676383181,331.5107116699219,188.5537567138672
4,271.55762612358376,7.731721676383181,0.007731721676383181,331.61383056640625,188.5537567138672
4,274.8860508732197,7.731721676383181,0.007731721676383181,331.7169494628906,188.5537567138672
4,278.2552714254708,7.731721676383181,0.007731721676383181,331.820068359375,188.5537567138672
4,281.66680329531573,7.731721676383181,0.007731721676383181,331.9232177734375,188.5537567138672
4,285.1191341048814,7.652208480585937,0.007652208480585937,332.0263366699219,188.65692138671875
4,288.6137794075973,7.652208480585937,0.007652208480585937,332.12945556640625,188.65692138671875
4,292.1512578433126,7.652208480585937,0.007652208480585937,332.2325744628906,188.65692138671875
4,295.73209440873615,7.652208480585937,0.007652208480585937,332.335693359375,188.65692138671875
4,299.3568205353512,7.652208480585937,0.007652208480585937,332.4388122558594,188.65692138671875
4,303.0270666675447,7.652208480585937,0.007652208480585937,332.5419616699219,188.65692138671875
4,306.74120573593837,7.652208480585937,0.007652208480585937,332.64508056640625,188.65692138671875
4,310.50086822628595,7.652208480585937,0.007652208480585937,332.7481994628906,188.65692138671875
4,314.30661210960255,7.652208480585937,0.007652208480585937,332.851318359375,188.65692138671875
4,318.1590021958369,7.652208480585937,0.007652208480585937,332.9544372558594,188.65692138671875
4,322.0597713352991,7.652208480585937,0.007652208480585937,333.0575866699219,188.65692138671875
4,326.0071902646672,7.652208480585937,0.007652208480585937,333.16070556640625,188.65692138671875
4,330.00299187821633,7.652208480585937,0.007652208480585937,333.2638244628906,188.65692138671875
4,334.04776919233785,7.652208480585937,0.007652208480585937,333.366943359375,188.65692138671875
4,338.14212249190035,7.612759053607963,0.007612759053607963,333.4700622558594,188.70850372314453
4,342.2878934651094,7.573513000243353,0.0075735130002433535,333.5732116699219,188.7600860595703
4,346.4832442360413,7.573513000243353,0.0075735130002433535,333.67633056640625,188.7600860595703
4,350.730016539628,7.573513000243353,0.0075735130002433535,333.7794494628906,188.7600860595703
4,355.0288406387879,7.573513000243353,0.0075735130002433535,333.882568359375,188.7600860595703
4,359.3803545214396,7.573513000243353,0.0075735130002433535,333.9856872558594,188.7600860595703
4,363.7865155496397,7.573513000243353,0.0075735130002433535,334.0888366699219,188.7600860595703
4,368.2453704130568,7.573513000243353,0.0075735130002433535,334.19195556640625,188.7600860595703
4,372.75887652340947,7.573513000243353,0.0075735130002433535,334.2950744628906,188.7600860595703
4,377.32770372954496,7.573513000243353,0.0075735130002433535,334.398193359375,188.7600860595703
4,381.95253009050737,7.573513000243353,0.0075735130002433535,334.5013122558594,188.7600860595703
4,386.6354359075164,7.573513000243353,0.0075735130002433535,334.6044616699219,188.7600860595703
4,391.3743451855612,7.573513000243353,0.0075735130002433535,334.70758056640625,188.7600860595703
4,396.1713382786413,7.534469272040203,0.007534469272040203,334.8106994628906,188.8116683959961
4,401.02712710787097,7.495626825951701,0.007495626825951701,334.913818359375,188.86325073242188
4,405.9424323202305,7.495626825951701,0.007495626825951701,335.0169372558594,188.86325073242188
4,410.9194648777391,7.495626825951701,0.007495626825951701,335.1200866699219,188.86325073242188
4,415.9560183950532,7.495626825951701,0.007495626825951701,335.22320556640625,188.86325073242188
4,421.0543038902875,7.495626825951701,0.007495626825951701,335.3263244628906,188.86325073242188
4,426.21507799932044,7.495626825951701,0.007495626825951701,335.429443359375,188.86325073242188
4,431.43910663195896,7.495626825951701,0.007495626825951701,335.5325622558594,188.86325073242188
4,436.7287396176424,7.495626825951701,0.007495626825951701,335.6357116699219,188.86325073242188
4,442.08163199106133,7.495626825951701,0.007495626825951701,335.73883056640625,188.86325073242188
4,447.5001336412741,7.495626825951701,0.007495626825951701,335.8419494628906,188.86325073242188
4,452.98504872739665,7.495626825951701,0.007495626825951701,335.945068359375,188.86325073242188
4,458.5371912649557,7.418530292178627,0.007418530292178627,336.0481872558594,188.9664306640625
4,464.159058672879,7.418530292178627,0.007418530292178627,336.1513366699219,188.9664306640625
4,469.8481587018778,7.418530292178627,0.007418530292178627,336.25445556640625,188.9664306640625
4,475.60698883424357,7.418530292178627,0.007418530292178627,336.3575744628906,188.9664306640625
4,481.43640373719785,7.418530292178627,0.007418530292178627,336.460693359375,188.9664306640625
4,487.33726855343843,7.418530292178627,0.007418530292178627,336.5638122558594,188.9664306640625
4,493.31223756127156,7.418530292178627,0.007418530292178627,336.6669616699219,188.9664306640625
4,499.3586619767287,7.418530292178627,0.007418530292178627,336.77008056640625,188.9664306640625
4,505.47919614545805,7.418530292178627,0.007418530292178627,336.8731994628906,188.9664306640625
4,511.6747484151297,7.418530292178627,0.007418530292178627,336.976318359375,188.9664306640625
4,517.9462382668403,7.380285546261463,0.0073802855462614635,337.0794372558594,189.01801300048828
4,524.2964866903886,7.342237963465922,0.007342237963465922,337.1825866699219,189.06959533691406
4,530.7226785354053,7.342237963465922,0.007342237963465922,337.28570556640625,189.06959533691406
4,537.2276348632619,7.342237963465922,0.007342237963465922,337.3888244628906,189.06959533691406
4,543.8123210736704,7.342237963465922,0.007342237963465922,337.491943359375,189.06959533691406
4,550.4777143990445,7.342237963465922,0.007342237963465922,337.5950622558594,189.06959533691406
4,557.2268130115923,7.342237963465922,0.007342237963465922,337.6982116699219,189.06959533691406
4,564.0566249453012,7.342237963465922,0.007342237963465922,337.80133056640625,189.06959533691406
4,570.9701484484477,7.342237963465922,0.007342237963465922,337.9044494628906,189.06959533691406
4,577.9684095561445,7.342237963465922,0.007342237963465922,338.007568359375,189.06959533691406
4,585.0524468794009,7.2667302267399245,0.0072667302267399245,338.1106872558594,189.17276000976562
4,592.2254469014134,7.2667302267399245,0.0072667302267399245,338.2138366699219,189.17276000976562
4,599.4842297349827,7.2667302267399245,0.0072667302267399245,338.31695556640625,189.17276000976562
4,606.8319819441521,7.2667302267399245,0.0072667302267399245,338.4200744628906,189.17276000976562
4,614.2697940078588,7.2667302267399245,0.0072667302267399245,338.523193359375,189.17276000976562
4,621.7987697708118,7.2667302267399245,0.0072667302267399245,338.6263122558594,189.17276000976562
4,629.4222958547439,7.2667302267399245,0.0072667302267399245,338.7294616699219,189.17276000976562
4,637.1369926482046,7.2667302267399245,0.0072667302267399245,338.83258056640625,189.17276000976562
4,644.9462468588516,7.229268055632631,0.007229268055632631,338.9356994628906,189.2243423461914
4,652.8512174570733,7.19199901323939,0.007191999013239391,339.038818359375,189.2759246826172
4,660.8530776185153,7.19199901323939,0.007191999013239391,339.1419372558594,189.2759246826172
4,668.9554266738672,7.19199901323939,0.007191999013239391,339.2450866699219,189.2759246826172
4,677.1546727430285,7.19199901323939,0.007191999013239391,339.34820556640625,189.2759246826172
4,685.4544152480083,7.19199901323939,0.007191999013239391,339.4513244628906,189.2759246826172
4,693.8558859525004,7.19199901323939,0.007191999013239391,339.554443359375,189.2759246826172
4,702.3603317176651,7.19199901323939,0.007191999013239391,339.6575622558594,189.2759246826172
4,710.9715779430996,7.19199901323939,0.007191999013239391,339.7607116699219,189.2759246826172
4,719.6858071477569,7.1549221039238295,0.00715492210392383,339.86383056640625,189.32750701904297
4,728.5068448282902,7.11803633718238,0.00711803633718238,339.9669494628906,189.37908935546875
4,737.4360001137395,7.11803633718238,0.00711803633718238,340.070068359375,189.37908935546875
4,746.4745981788665,7.11803633718238,0.00711803633718238,340.1731872558594,189.37908935546875
4,755.6267046912465,7.11803633718238,0.00711803633718238,340.2763366699219,189.37908935546875
4,764.8882623992064,7.11803633718238,0.00711803633718238,340.37945556640625,189.37908935546875
4,774.2633370734744,7.11803633718238,0.00711803633718238,340.4825744628906,189.37908935546875
4,783.7533200676484,7.11803633718238,0.00711803633718238,340.585693359375,189.37908935546875
4,793.359619788854,7.11803633718238,0.00711803633718238,340.6888122558594,189.37908935546875
4,803.0865572635423,7.044834294912924,0.007044834294912925,340.7919616699219,189.4822540283203
4,812.9298204097573,7.044834294912924,0.007044834294912925,340.89508056640625,189.4822540283203
4,822.8937303635788,7.044834294912924,0.007044834294912925,340.9981994628906,189.4822540283203
4,832.9797658675714,7.044834294912924,0.007044834294912925,341.101318359375,189.4822540283203
4,843.1894237889348,7.044834294912924,0.007044834294912925,341.2044372558594,189.4822540283203
4,853.5272965517258,7.044834294912924,0.007044834294912925,341.3075866699219,189.4822540283203
4,863.988801238174,7.044834294912924,0.007044834294912925,341.41070556640625,189.4822540283203
4,874.5785303888505,7.044834294912924,0.007044834294912925,341.5138244628906,189.4822540283203
4,885.2980556240641,7.0085160638043265,0.007008516063804327,341.616943359375,189.5338363647461
4,896.1489678271437,6.972385064056417,0.0069723850640564175,341.7200622558594,189.58541870117188
4,907.1361478658507,6.972385064056417,0.0069723850640564175,341.8232116699219,189.58541870117188
4,918.2547249757862,6.972385064056417,0.0069723850640564175,341.92633056640625,189.58541870117188
4,929.5095801485465,6.972385064056417,0.0069723850640564175,342.0294494628906,189.58541870117188
4,940.902383715706,6.972385064056417,0.0069723850640564175,342.132568359375,189.58541870117188
4,952.434826481742,6.972385064056417,0.0069723850640564175,342.2356872558594,189.58541870117188
4,964.1120958748681,6.972385064056417,0.0069723850640564175,342.3388366699219,189.58541870117188
4,975.9290152048114,6.936435027683285,0.006936435027683286,342.44195556640625,189.6370086669922
4,987.8907720313985,6.900670351857993,0.0069006703518579935,342.5450744628906,189.6885986328125
4,999.9991415973846,6.900670351857993,0.0069006703518579935,342.648193359375,189.6885986328125
5,5.6405674115041,9.606281895835846,0.009606281895835846,298.82012939453125,186.38726806640625
5,5.70970266077858,9.606281895835846,0.009606281895835846,298.9232482910156,186.38726806640625
5,5.77970612376707,9.606281895835846,0.009606281895835846,299.0263977050781,186.38726806640625
5,5.8505467669947215,9.606281895835846,0.009606281895835846,299.1295166015625,186.38726806640625
5,5.922255689097706,9.606281895835846,0.009606281895835846,299.2326354980469,186.38726806640625
5,5.994843532387713,9.606281895835846,0.009606281895835846,299.33575439453125,186.38726806640625
5,6.068321069617005,9.606281895835846,0.009606281895835846,299.4388732910156,186.38726806640625
5,6.142721351844888,9.606281895835846,0.009606281895835846,299.5420227050781,186.38726806640625
5,6.218011396427515,9.606281895835846,0.009606281895835846,299.6451416015625,186.38726806640625
5,6.2942242552627485,9.606281895835846,0.009606281895835846,299.7482604980469,186.38726806640625
5,6.371371239090928,9.606281895835846,0.009606281895835846,299.85137939453125,186.38726806640625
5,6.449463797285767,9.606281895835846,0.009606281895835846,299.9544982910156,186.38726806640625
5,6.528537056797209,9.606281895835846,0.009606281895835846,300.0576477050781,186.38726806640625
5,6.6085559633878495,9.606281895835846,0.009606281895835846,300.1607666015625,186.38726806640625
5,6.68955564489885,9.606281895835846,0.009606281895835846,300.2638854980469,186.38726806640625
5,6.771548122482281,9.606281895835846,0.009606281895835846,300.36700439453125,186.38726806640625
5,6.854545564630945,9.606281895835846,0.009606281895835846,300.4701232910156,186.38726806640625
5,6.938585304569197,9.606281895835846,0.009606281895835846,300.5732727050781,186.38726806640625
5,7.02363008635219,9.606281895835846,0.009606281895835846,300.6763916015625,186.38726806640625
5,7.109717244151483,9.606281895835846,0.009606281895835846,300.7795104980469,186.38726806640625
5,7.196859554150825,9.606281895835846,0.009606281895835846,300.88262939453125,186.38726806640625
5,7.28506994912897,9.606281895835846,0.009606281895835846,300.9857482910156,186.38726806640625
5,7.37438810715769,9.606281895835846,0.009606281895835846,301.0888977050781,186.38726806640625
5,7.464774432298544,9.606281895835846,0.009606281895835846,301.1920166015625,186.38726806640625
5,7.556268603629988,9.606281895835846,0.009606281895835846,301.2951354980469,186.38726806640625
5,7.648884199789945,9.606281895835846,0.009606281895835846,301.39825439453125,186.38726806640625
5,7.7426349658468485,9.606281895835846,0.009606281895835846,301.5013732910156,186.38726806640625
5,7.837563071996453,9.606281895835846,0.009606281895835846,301.6045227050781,186.38726806640625
5,7.9336264353350066,9.606281895835846,0.009606281895835846,301.7076416015625,186.38726806640625
5,8.030867227128189,9.606281895835846,0.009606281895835846,301.8107604980469,186.38726806640625
5,8.129299878869109,9.606281895835846,0.009606281895835846,301.91387939453125,186.38726806640625
5,8.228938998934645,9.606281895835846,0.009606281895835846,302.0169982910156,186.38726806640625
5,8.329829406171356,9.606281895835846,0.009606281895835846,302.1201477050781,186.38726806640625
5,8.43192637450738,9.606281895835846,0.009606281895835846,302.2232666015625,186.38726806640625
5,8.535274723926394,9.606281895835846,0.009606281895835846,302.3263854980469,186.38726806640625
5,8.639889792343325,9.606281895835846,0.009606281895835846,302.42950439453125,186.38726806640625
5,8.745787105666706,9.606281895835846,0.009606281895835846,302.5326232910156,186.38726806640625
5,8.85301429775192,9.606281895835846,0.009606281895835846,302.6357727050781,186.38726806640625
5,8.961523833345327,9.606281895835846,0.009606281895835846,302.7388916015625,186.38726806640625
5,9.071363347510852,9.606281895835846,0.009606281895835846,302.8420104980469,186.38726806640625
5,9.182549141516338,9.606281895835846,0.009606281895835846,302.94512939453125,186.38726806640625
5,9.295097716430826,9.606281895835846,0.009606281895835846,303.0482482910156,186.38726806640625
5,9.409059697925297,9.606281895835846,0.009606281895835846,303.1513977050781,186.38726806640625
5,9.524384565123553,9.606281895835846,0.009606281895835846,303.2545166015625,186.38726806640625
5,9.641122944981023,9.606281895835846,0.009606281895835846,303.3576354980469,186.38726806640625
5,9.759292162625286,9.606281895835846,0.009606281895835846,303.46075439453125,186.38726806640625
5,9.878909755534377,9.606281895835846,0.009606281895835846,303.5638732910156,186.38726806640625
5,10.000029529106593,9.606281895835846,0.009606281895835846,303.6670227050781,186.38726806640625
5,10.122597789320436,9.606281895835846,0.009606281895835846,303.7701416015625,186.38726806640625
5,10.246668342939325,9.606281895835846,0.009606281895835846,303.8732604980469,186.38726806640625
5,10.37225960325778,9.606281895835846,0.009606281895835846,303.97637939453125,186.38726806640625
5,10.49939020925822,9.606281895835846,0.009606281895835846,304.0794982910156,186.38726806640625
5,10.628117345780474,9.606281895835846,0.009606281895835846,304.1826477050781,186.38726806640625
5,10.758383946356927,9.606281895835846,0.009606281895835846,304.2857666015625,186.38726806640625
5,10.890247197278278,9.606281895835846,0.009606281895835846,304.3888854980469,186.38726806640625
5,11.023726668352232,9.606281895835846,0.009606281895835846,304.49200439453125,186.38726806640625
5,11.15884216924951,9.606281895835846,0.009606281895835846,304.5951232910156,186.38726806640625
5,11.295654476509478,9.606281895835846,0.009606281895835846,304.6982727050781,186.38726806640625
5,11.434102939399777,9.606281895835846,0.009606281895835846,304.8013916015625,186.38726806640625
5,11.57424833600176,9.606281895835846,0.009606281895835846,304.9045104980469,186.38726806640625
5,11.716111465275283,9.606281895835846,0.009606281895835846,305.00762939453125,186.38726806640625
5,11.859713381108673,9.606281895835846,0.009606281895835846,305.1107482910156,186.38726806640625
5,12.005075395443363,9.606281895835846,0.009606281895835846,305.2138671875,186.38726806640625
5,12.152262893820799,9.606281895835846,0.009606281895835846,305.3170166015625,186.38726806640625
5,12.30121062604713,9.606281895835846,0.009606281895835846,305.4201354980469,186.38726806640625
5,12.451983979322751,9.606281895835846,0.009606281895835846,305.52325439453125,186.38726806640625
5,12.60460532990116,9.606281895835846,0.009606281895835846,305.6263732910156,186.38726806640625
5,12.759097328296894,9.606281895835846,0.009606281895835846,305.7294921875,186.38726806640625
5,12.915529466825491,9.606281895835846,0.009606281895835846,305.8326416015625,186.38726806640625
5,13.073832397020023,9.606281895835846,0.009606281895835846,305.9357604980469,186.38726806640625
5,13.234075612959126,9.606281895835846,0.009606281895835846,306.03887939453125,186.38726806640625
5,13.396282896317393,9.606281895835846,0.009606281895835846,306.1419982910156,186.38726806640625
5,13.560478320256383,9.606281895835846,0.009606281895835846,306.2451171875,186.38726806640625
5,13.726686252997334,9.606281895835846,0.009606281895835846,306.3482360839844,186.38726806640625
5,13.894981456820666,9.606281895835846,0.009606281895835846,306.4513854980469,186.38726806640625
5,14.065289324203354,9.606281895835846,0.009606281895835846,306.55450439453125,186.38726806640625
5,14.237684619322641,9.606281895835846,0.009606281895835846,306.6576232910156,186.38726806640625
5,14.412192927341573,9.606281895835846,0.009606281895835846,306.7607421875,186.38726806640625
5,14.588840147015164,9.606281895835846,0.009606281895835846,306.8638610839844,186.38726806640625
5,14.767705736337694,9.606281895835846,0.009606281895835846,306.9670104980469,186.38726806640625
5,14.948710401792377,9.606281895835846,0.009606281895835846,307.07012939453125,186.38726806640625
5,15.131933603389449,9.606281895835846,0.009606281895835846,307.1732482910156,186.38726806640625
5,15.31740253326015,9.606281895835846,0.009606281895835846,307.2763671875,186.38726806640625
5,15.505144716823935,9.606281895835846,0.009606281895835846,307.3794860839844,186.38726806640625
5,15.695188016873544,9.606281895835846,0.009606281895835846,307.48260498046875,186.38726806640625
5,15.887617917117558,9.606281895835846,0.009606281895835846,307.58575439453125,186.38726806640625
5,16.082349110798077,9.606281895835846,0.009606281895835846,307.6888732910156,186.38726806640625
5,16.279467083792518,9.606281895835846,0.009606281895835846,307.7919921875,186.38726806640625
5,16.479001090353318,9.606281895835846,0.009606281895835846,307.8951110839844,186.38726806640625
5,16.68098074329611,9.606281895835846,0.009606281895835846,307.99822998046875,186.38726806640625
5,16.885496895441207,9.606281895835846,0.009606281895835846,308.10137939453125,186.38726806640625
5,17.092458882032997,9.606281895835846,0.009606281895835846,308.2044982910156,186.38726806640625
5,17.30195755819686,9.606281895835846,0.009606281895835846,308.3076171875,186.38726806640625
5,17.51402401560374,9.606281895835846,0.009606281895835846,308.4107360839844,186.38726806640625
5,17.728689727008675,9.606281895835846,0.009606281895835846,308.51385498046875,186.38726806640625
5,17.94605125157007,9.606281895835846,0.009606281895835846,308.61700439453125,186.38726806640625
5,18.166012230006288,9.606281895835846,0.009606281895835846,308.7201232910156,186.38726806640625
5,18.388669223925604,9.606281895835846,0.009606281895835846,308.8232421875,186.38726806640625
5,18.61405527782315,9.606281895835846,0.009606281895835846,308.9263610839844,186.38726806640625
5,18.842203841213532,9.606281895835846,0.009606281895835846,309.02947998046875,186.38726806640625
5,19.07314877359499,9.606281895835846,0.009606281895835846,309.1325988769531,186.38726806640625
5,19.306993956710755,9.606281895835846,0.009606281895835846,309.2357482910156,186.38726806640625
5,19.543635723852077,9.606281895835846,0.009606281895835846,309.3388671875,186.38726806640625
5,19.78317795939782,9.606281895835846,0.009606281895835846,309.4419860839844,186.38726806640625
5,20.02565621377961,9.606281895835846,0.009606281895835846,309.54510498046875,186.38726806640625
5,20.271106473163268,9.606281895835846,0.009606281895835846,309.6482238769531,186.38726806640625
5,20.519639143958493,9.606281895835846,0.009606281895835846,309.7513732910156,186.38726806640625
5,20.77114404829605,9.606281895835846,0.009606281895835846,309.8544921875,186.38726806640625
5,21.025731595386844,9.606281895835846,0.009606281895835846,309.9576110839844,186.38726806640625
5,21.2834395685352,9.606281895835846,0.009606281895835846,310.06072998046875,186.38726806640625
5,21.544306214147472,9.606281895835846,0.009606281895835846,310.1638488769531,186.38726806640625
5,21.808370247408206,9.606281895835846,0.009606281895835846,310.2669677734375,186.38726806640625
5,22.075750447421203,9.606281895835846,0.009606281895835846,310.3701171875,186.38726806640625
5,22.346328280954573,9.606281895835846,0.009606281895835846,310.4732360839844,186.38726806640625
5,22.62022253012572,9.606281895835846,0.009606281895835846,310.57635498046875,186.38726806640625
5,22.89747384354411,9.606281895835846,0.009606281895835846,310.6794738769531,186.38726806640625
5,23.178123368040637,9.606281895835846,0.009606281895835846,310.7825927734375,186.38726806640625
5,23.46229734306793,9.606281895835846,0.009606281895835846,310.8857421875,186.38726806640625
5,23.749869790488145,9.606281895835846,0.009606281895835846,310.9888610839844,186.38726806640625
5,24.04096695295677,9.606281895835846,0.009606281895835846,311.09197998046875,186.38726806640625
5,24.335632032165353,9.606281895835846,0.009606281895835846,311.1950988769531,186.38726806640625
5,24.633908759319503,9.606281895835846,0.009606281895835846,311.2982177734375,186.38726806640625
5,24.9359313027946,9.606281895835846,0.009606281895835846,311.4013671875,186.38726806640625
5,25.24156577194286,9.606281895835846,0.009606281895835846,311.5044860839844,186.38726806640625
5,25.5509463385437,9.606281895835846,0.009606281895835846,311.60760498046875,186.38726806640625
5,25.86411891772631,9.606281895835846,0.009606281895835846,311.7107238769531,186.38726806640625
5,26.181129987391902,9.606281895835846,0.009606281895835846,311.8138427734375,186.38726806640625
5,26.502122142843188,9.606281895835846,0.009606281895835846,311.9169921875,186.38726806640625
5,26.82695308394874,9.606281895835846,0.009606281895835846,312.0201110839844,186.38726806640625
5,27.155765409629115,9.606281895835846,0.009606281895835846,312.12322998046875,186.38726806640625
5,27.488607918878255,9.606281895835846,0.009606281895835846,312.2263488769531,186.38726806640625
5,27.825530008809157,9.606281895835846,0.009606281895835846,312.3294677734375,186.38726806640625
5,28.166683230935295,9.606281895835846,0.009606281895835846,312.4326171875,186.38726806640625
5,28.51191634745376,9.606281895835846,0.009606281895835846,312.5357360839844,186.38726806640625
5,28.861380913723117,9.606281895835846,0.009606281895835846,312.63885498046875,186.38726806640625
5,29.21512879373362,9.606281895835846,0.009606281895835846,312.7419738769531,186.38726806640625
5,29.573212487161587,9.606281895835846,0.009606281895835846,312.8450927734375,186.38726806640625
5,29.935793064258323,9.606281895835846,0.009606281895835846,312.9482421875,186.38726806640625
5,30.302709788186778,9.606281895835846,0.009606281895835846,313.0513610839844,186.38726806640625
5,30.67412373328488,9.606281895835846,0.009606281895835846,313.15447998046875,186.38726806640625
5,31.050090021047303,9.606281895835846,0.009606281895835846,313.2575988769531,186.38726806640625
5,31.4306644485813,9.606281895835846,0.009606281895835846,313.3607177734375,186.38726806640625
5,31.816018202734583,9.606281895835846,0.009606281895835846,313.4638671875,186.38726806640625
5,32.205980451015016,9.606281895835846,0.009606281895835846,313.5669860839844,186.38726806640625
5,32.600722384613526,9.606281895835846,0.009606281895835846,313.67010498046875,186.38726806640625
5,33.00030258712854,9.606281895835846,0.009606281895835846,313.7732238769531,186.38726806640625
5,33.40478036020528,9.606281895835846,0.009606281895835846,313.8763427734375,186.38726806640625
5,33.81433764269701,9.606281895835846,0.009606281895835846,313.9794921875,186.38726806640625
5,34.228792872362625,9.606281895835846,0.009606281895835846,314.0826110839844,186.38726806640625
5,34.64832799267142,9.606281895835846,0.009606281895835846,314.18572998046875,186.38726806640625
5,35.0730052667754,9.606281895835846,0.009606281895835846,314.2888488769531,186.38726806640625
5,35.50288772097287,9.606281895835846,0.009606281895835846,314.3919677734375,186.38726806640625
5,35.93816872144108,9.606281895835846,0.009606281895835846,314.4951171875,186.38726806640625
5,36.378655302269415,9.606281895835846,0.009606281895835846,314.5982360839844,186.38726806640625
5,36.82454083454109,9.606281895835846,0.009606281895835846,314.70135498046875,186.38726806640625
5,37.275891492069235,9.606281895835846,0.009606281895835846,314.8044738769531,186.38726806640625
5,37.732774259745526,9.507490681506413,0.009507490681506412,314.9075927734375,186.4904327392578
5,38.19539464880535,9.507490681506413,0.009507490681506412,315.0107421875,186.4904327392578
5,38.663547573420075,9.507490681506413,0.009507490681506412,315.1138610839844,186.4904327392578
5,39.137438550039285,9.507490681506413,0.009507490681506412,315.21697998046875,186.4904327392578
5,39.61713790876038,9.507490681506413,0.009507490681506412,315.3200988769531,186.4904327392578
5,40.10271684170201,9.507490681506413,0.009507490681506412,315.4232177734375,186.4904327392578
5,40.59439376797181,9.507490681506413,0.009507490681506412,315.5263671875,186.4904327392578
5,41.09195072058815,9.507490681506413,0.009507490681506412,315.6294860839844,186.4904327392578
5,41.59560612420029,9.507490681506413,0.009507490681506412,315.73260498046875,186.4904327392578
5,42.10543472624032,9.507490681506413,0.009507490681506412,315.8357238769531,186.4904327392578
5,42.621512190303946,9.507490681506413,0.009507490681506412,315.9388427734375,186.4904327392578
5,43.14407065409628,9.507490681506413,0.009507490681506412,316.0419921875,186.4904327392578
5,43.67287846043563,9.507490681506413,0.009507490681506412,316.1451110839844,186.4904327392578
5,44.20816775291677,9.507490681506413,0.009507490681506412,316.24822998046875,186.4904327392578
5,44.750017973753145,9.507490681506413,0.009507490681506412,316.3513488769531,186.4904327392578
5,45.298509538864664,9.507490681506413,0.009507490681506412,316.4544677734375,186.4904327392578
5,45.85388916619981,9.507490681506413,0.009507490681506412,316.5576171875,186.4904327392578
5,46.415910648514526,9.507490681506413,0.009507490681506412,316.6607360839844,186.4904327392578
5,46.9848207100169,9.507490681506413,0.009507490681506412,316.76385498046875,186.4904327392578
5,47.560703782574215,9.507490681506413,0.009507490681506412,316.8669738769531,186.4904327392578
5,48.1436453329175,9.507490681506413,0.009507490681506412,316.9700927734375,186.4904327392578
5,48.73390757500321,9.507490681506413,0.009507490681506412,317.0732421875,186.4904327392578
5,49.331228837655914,9.507490681506413,0.009507490681506412,317.1763610839844,186.4904327392578
5,49.935871341484855,9.507490681506413,0.009507490681506412,317.27947998046875,186.4904327392578
5,50.547924821404415,9.507490681506413,0.009507490681506412,317.3825988769531,186.4904327392578
5,51.16748011219093,9.507490681506413,0.009507490681506412,317.4857177734375,186.4904327392578
5,51.79481589709147,9.507490681506413,0.009507490681506412,317.5888671875,186.4904327392578
5,52.429654069731306,9.507490681506413,0.009507490681506412,317.6919860839844,186.4904327392578
5,53.07227332042813,9.507490681506413,0.009507490681506412,317.79510498046875,186.4904327392578
5,53.72276902022028,9.507490681506413,0.009507490681506412,317.8982238769531,186.4904327392578
5,54.381237709088886,9.507490681506413,0.009507490681506412,318.0013427734375,186.4904327392578
5,55.047975573984566,9.507490681506413,0.009507490681506412,318.1044921875,186.4904327392578
5,55.72268704106161,9.507490681506413,0.009507490681506412,318.2076110839844,186.4904327392578
5,56.405668304785266,9.507490681506413,0.009507490681506412,318.31072998046875,186.4904327392578
5,57.09702072631499,9.507490681506413,0.009507490681506412,318.4138488769531,186.4904327392578
5,57.7968469091726,9.507490681506413,0.009507490681506412,318.5169677734375,186.4904327392578
5,58.50546164339521,9.507490681506413,0.009507490681506412,318.6201171875,186.4904327392578
5,59.22255079055888,9.507490681506413,0.009507490681506412,318.7232360839844,186.4904327392578
5,59.9484291486874,9.507490681506413,0.009507490681506412,318.82635498046875,186.4904327392578
5,60.683204445292304,9.507490681506413,0.009507490681506412,318.9294738769531,186.4904327392578
5,61.42698572827866,9.507490681506413,0.009507490681506412,319.0325927734375,186.4904327392578
5,62.18010755920387,9.507490681506413,0.009507490681506412,319.1357421875,186.4904327392578
5,62.94223606905059,9.507490681506413,0.009507490681506412,319.2388610839844,186.4904327392578
5,63.71370582786456,9.507490681506413,0.009507490681506412,319.34197998046875,186.4904327392578
5,64.49463132937107,9.507490681506413,0.009507490681506412,319.4450988769531,186.4904327392578
5,65.28512847062105,9.507490681506413,0.009507490681506412,319.5482177734375,186.4904327392578
5,66.08555282651369,9.507490681506413,0.009507490681506412,319.6513671875,186.4904327392578
5,66.89554955818724,9.507490681506413,0.009507490681506412,319.7544860839844,186.4904327392578
5,67.71547424956246,9.507490681506413,0.009507490681506412,319.85760498046875,186.4904327392578
5,68.54544858555481,9.507490681506413,0.009507490681506412,319.9607238769531,186.4904327392578
5,69.38559574254616,9.507490681506413,0.009507490681506412,320.0638427734375,186.4904327392578
5,70.23629362859607,9.507490681506413,0.009507490681506412,320.1669921875,186.4904327392578
5,71.097165117912,9.507490681506413,0.009507490681506412,320.2701110839844,186.4904327392578
5,71.96858812814156,9.507490681506413,0.009507490681506412,320.37322998046875,186.4904327392578
5,72.85069198705897,9.507490681506413,0.009507490681506412,320.4763488769531,186.4904327392578
5,73.74360760758174,9.507490681506413,0.009507490681506412,320.5794677734375,186.4904327392578
5,74.64773663364404,9.507490681506413,0.009507490681506412,320.6826171875,186.4904327392578
5,75.56267825271188,9.507490681506413,0.009507490681506412,320.7857360839844,186.4904327392578
5,76.48883411890962,9.507490681506413,0.009507490681506412,320.88885498046875,186.4904327392578
5,77.42634168290753,9.507490681506413,0.009507490681506412,320.9919738769531,186.4904327392578
5,78.3753400800797,9.507490681506413,0.009507490681506412,321.0950927734375,186.4904327392578
5,79.33625618105194,9.409715438198285,0.009409715438198286,321.1982421875,186.59359741210938
5,80.30866399881765,9.409715438198285,0.009409715438198286,321.3013610839844,186.59359741210938
5,81.29299041483299,9.409715438198285,0.009409715438198286,321.40447998046875,186.59359741210938
5,82.2893815128517,9.409715438198285,0.009409715438198286,321.5075988769531,186.59359741210938
5,83.29798516714555,9.409715438198285,0.009409715438198286,321.6107177734375,186.59359741210938
5,84.3192550594851,9.409715438198285,0.009409715438198286,321.7138671875,186.59359741210938
5,85.35273844721782,9.409715438198285,0.009409715438198286,321.8169860839844,186.59359741210938
5,86.39888902362487,9.409715438198285,0.009409715438198286,321.92010498046875,186.59359741210938
5,87.45786204777559,9.409715438198285,0.009409715438198286,322.0232238769531,186.59359741210938
5,88.529814681717,9.409715438198285,0.009409715438198286,322.1263427734375,186.59359741210938
5,89.61522910233495,9.409715438198285,0.009409715438198286,322.2294921875,186.59359741210938
5,90.71362413084631,9.409715438198285,0.009409715438198286,322.3326110839844,186.59359741210938
5,91.82548195637051,9.409715438198285,0.009409715438198286,322.43572998046875,186.59359741210938
5,92.95096758958098,9.409715438198285,0.009409715438198286,322.5388488769531,186.59359741210938
5,94.09024806365234,9.409715438198285,0.009409715438198286,322.6419677734375,186.59359741210938
5,95.24383584032364,9.409715438198285,0.009409715438198286,322.7451171875,186.59359741210938
5,96.41121951864805,9.409715438198285,0.009409715438198286,322.8482360839844,186.59359741210938
5,97.59291157336648,9.409715438198285,0.009409715438198286,322.95135498046875,186.59359741210938
5,98.78908737924128,9.409715438198285,0.009409715438198286,323.0544738769531,186.59359741210938
5,99.99992446056623,9.409715438198285,0.009409715438198286,323.1575927734375,186.59359741210938
5,101.22596746608284,9.409715438198285,0.009409715438198286,323.2607421875,186.59359741210938
5,102.46667287446867,9.409715438198285,0.009409715438198286,323.3638610839844,186.59359741210938
5,103.7225853482838,9.409715438198285,0.009409715438198286,323.46697998046875,186.59359741210938
5,104.99389127733305,9.409715438198285,0.009409715438198286,323.5700988769531,186.59359741210938
5,106.28077933596188,9.409715438198285,0.009409715438198286,323.6732177734375,186.59359741210938
5,107.58382838153489,9.409715438198285,0.009409715438198286,323.7763671875,186.59359741210938
5,108.90246075491822,9.409715438198285,0.009409715438198286,323.8794860839844,186.59359741210938
5,110.23725532816276,9.409715438198285,0.009409715438198286,323.98260498046875,186.59359741210938
5,111.58841019795533,9.409715438198285,0.009409715438198286,324.0857238769531,186.59359741210938
5,112.95612588901228,9.409715438198285,0.009409715438198286,324.1888427734375,186.59359741210938
5,114.34101761591634,9.409715438198285,0.009409715438198286,324.2919921875,186.59359741210938
5,115.74247143757474,9.409715438198285,0.009409715438198286,324.3951110839844,186.59359741210938
5,117.16110258417908,9.409715438198285,0.009409715438198286,324.49822998046875,186.59359741210938
5,118.59712159459106,9.409715438198285,0.009409715438198286,324.6013488769531,186.59359741210938
5,120.05074158820294,9.409715438198285,0.009409715438198286,324.7044677734375,186.59359741210938
5,121.52261642036176,9.409715438198285,0.009409715438198286,324.8076171875,186.59359741210938
5,123.01209358919652,9.409715438198285,0.009409715438198286,324.9107360839844,186.59359741210938
5,124.51982696664358,9.312945717643135,0.009312945717643135,325.01385498046875,186.69676208496094
5,126.04604031521492,9.312945717643135,0.009312945717643135,325.1169738769531,186.69676208496094
5,127.59096014003266,9.312945717643135,0.009312945717643135,325.2200927734375,186.69676208496094
5,129.15528136418047,9.312945717643135,0.009312945717643135,325.3232421875,186.69676208496094
5,130.7383105030604,9.312945717643135,0.009312945717643135,325.4263610839844,186.69676208496094
5,132.3407424973876,9.312945717643135,0.009312945717643135,325.52947998046875,186.69676208496094
5,133.96281516388322,9.312945717643135,0.009312945717643135,325.6325988769531,186.69676208496094
5,135.6047692341381,9.312945717643135,0.009312945717643135,325.7357177734375,186.69676208496094
5,137.26734327837926,9.312945717643135,0.009312945717643135,325.8388671875,186.69676208496094
5,138.94980025521468,9.312945717643135,0.009312945717643135,325.9419860839844,186.69676208496094
5,140.65287875361028,9.312945717643135,0.009312945717643135,326.04510498046875,186.69676208496094
5,142.3768315272216,9.312945717643135,0.009312945717643135,326.1482238769531,186.69676208496094
5,144.1219144276528,9.312945717643135,0.009312945717643135,326.2513427734375,186.69676208496094
5,145.88891241369,9.312945717643135,0.009312945717643135,326.3544921875,186.69676208496094
5,147.6770421514062,9.312945717643135,0.009312945717643135,326.4576110839844,186.69676208496094
5,149.48708861950294,9.312945717643135,0.009312945717643135,326.56072998046875,186.69676208496094
5,151.31932044673852,9.312945717643135,0.009312945717643135,326.6638488769531,186.69676208496094
5,153.17400955439706,9.312945717643135,0.009312945717643135,326.7669677734375,186.69676208496094
5,155.05143119664476,9.312945717643135,0.009312945717643135,326.8700866699219,186.69676208496094
5,156.9524298597883,9.312945717643135,0.009312945717643135,326.9732360839844,186.69676208496094
5,158.8761628056017,9.312945717643135,0.009312945717643135,327.07635498046875,186.69676208496094
5,160.82347454181732,9.312945717643135,0.009312945717643135,327.1794738769531,186.69676208496094
5,162.79465406871387,9.312945717643135,0.009312945717643135,327.2825927734375,186.69676208496094
5,164.78999392878515,9.312945717643135,0.009312945717643135,327.3857116699219,186.69676208496094
5,166.81039164933733,9.312945717643135,0.009312945717643135,327.4888610839844,186.69676208496094
5,168.85495156093947,9.312945717643135,0.009312945717643135,327.59197998046875,186.69676208496094
5,170.92457121366922,9.264934692725285,0.009264934692725286,327.6950988769531,186.74834442138672
5,173.01955775950657,9.21717117902285,0.00921717117902285,327.7982177734375,186.7999267578125
5,175.1402221151293,9.21717117902285,0.00921717117902285,327.9013366699219,186.7999267578125
5,177.28751818027345,9.21717117902285,0.00921717117902285,328.0044860839844,186.7999267578125
5,179.4604940297685,9.21717117902285,0.00921717117902285,328.10760498046875,186.7999267578125
5,181.66010358755253,9.21717117902285,0.00921717117902285,328.2107238769531,186.7999267578125
5,183.88667329739016,9.21717117902285,0.00921717117902285,328.3138427734375,186.7999267578125
5,186.14053360419925,9.21717117902285,0.00921717117902285,328.4169616699219,186.7999267578125
5,188.42201900309098,9.21717117902285,0.00921717117902285,328.52008056640625,186.7999267578125
5,190.73215573299584,9.21717117902285,0.00921717117902285,328.62322998046875,186.7999267578125
5,193.06991967929065,9.21717117902285,0.00921717117902285,328.7263488769531,186.7999267578125
5,195.43633710694309,9.21717117902285,0.00921717117902285,328.8294677734375,186.7999267578125
5,197.8317592156518,9.21717117902285,0.00921717117902285,328.9325866699219,186.7999267578125
5,200.25654150969692,9.21717117902285,0.00921717117902285,329.03570556640625,186.7999267578125
5,202.71177468463534,9.21717117902285,0.00921717117902285,329.13885498046875,186.7999267578125
5,205.19637030264207,9.21717117902285,0.00921717117902285,329.2419738769531,186.7999267578125
5,207.7114190869467,9.21717117902285,0.00921717117902285,329.3450927734375,186.7999267578125
5,210.2572942956082,9.21717117902285,0.00921717117902285,329.4482116699219,186.7999267578125
5,212.8343737616308,9.21717117902285,0.00921717117902285,329.55133056640625,186.7999267578125
5,215.44303994903916,9.21717117902285,0.00921717117902285,329.6544494628906,186.7999267578125
5,218.08446626652528,9.21717117902285,0.00921717117902285,329.7575988769531,186.7999267578125
5,220.75748173434465,9.169646890547813,0.009169646890547814,329.8607177734375,186.8515167236328
5,223.46325979096054,9.122367640159974,0.009122367640159973,329.9638366699219,186.90310668945312
5,226.20220200053808,9.122367640159974,0.009122367640159973,330.06695556640625,186.90310668945312
5,228.9747148491297,9.122367640159974,0.009122367640159973,330.1700744628906,186.90310668945312
5,231.78204544558076,9.122367640159974,0.009122367640159973,330.2732238769531,186.90310668945312
5,234.62294926255265,9.122367640159974,0.009122367640159973,330.3763427734375,186.90310668945312
5,237.49867344053123,9.122367640159974,0.009122367640159973,330.4794616699219,186.90310668945312
5,240.4096447653631,9.122367640159974,0.009122367640159973,330.58258056640625,186.90310668945312
5,243.35629525391928,9.122367640159974,0.009122367640159973,330.6856994628906,186.90310668945312
5,246.33995034420033,9.122367640159974,0.009122367640159973,330.7888488769531,186.90310668945312
5,249.35928734185322,9.122367640159974,0.009122367640159973,330.8919677734375,186.90310668945312
5,252.41563171850677,9.122367640159974,0.009122367640159973,330.9950866699219,186.90310668945312
5,255.50943706582748,9.122367640159974,0.009122367640159973,331.09820556640625,186.90310668945312
5,258.6411625350596,9.122367640159974,0.009122367640159973,331.2013244628906,186.90310668945312
5,261.8112729051674,9.122367640159974,0.009122367640159973,331.304443359375,186.90310668945312
5,265.02119412903164,9.122367640159974,0.009122367640159973,331.4075927734375,186.90310668945312
5,268.26950320548417,9.122367640159974,0.009122367640159973,331.5107116699219,186.90310668945312
5,271.55762612358376,9.122367640159974,0.009122367640159973,331.61383056640625,186.90310668945312
5,274.8860508732197,9.028553010680735,0.009028553010680736,331.7169494628906,187.0062713623047
5,278.2552714254708,9.028553010680735,0.009028553010680736,331.820068359375,187.0062713623047
5,281.66680329531573,9.028553010680735,0.009028553010680736,331.9232177734375,187.0062713623047
5,285.1191341048814,9.028553010680735,0.009028553010680736,332.0263366699219,187.0062713623047
5,288.6137794075973,9.028553010680735,0.009028553010680736,332.12945556640625,187.0062713623047
5,292.1512578433126,9.028553010680735,0.009028553010680736,332.2325744628906,187.0062713623047
5,295.73209440873615,9.028553010680735,0.009028553010680736,332.335693359375,187.0062713623047
5,299.3568205353512,9.028553010680735,0.009028553010680736,332.4388122558594,187.0062713623047
5,303.0270666675447,9.028553010680735,0.009028553010680736,332.5419616699219,187.0062713623047
5,306.74120573593837,9.028553010680735,0.009028553010680736,332.64508056640625,187.0062713623047
5,310.50086822628595,9.028553010680735,0.009028553010680736,332.7481994628906,187.0062713623047
5,314.30661210960255,9.028553010680735,0.009028553010680736,332.851318359375,187.0062713623047
5,318.1590021958369,9.028553010680735,0.009028553010680736,332.9544372558594,187.0062713623047
5,322.0597713352991,9.028553010680735,0.009028553010680736,333.0575866699219,187.0062713623047
5,326.0071902646672,8.982008115358655,0.008982008115358655,333.16070556640625,187.05785369873047
5,330.00299187821633,8.935703172914737,0.008935703172914738,333.2638244628906,187.10943603515625
5,334.04776919233785,8.935703172914737,0.008935703172914738,333.366943359375,187.10943603515625
5,338.14212249190035,8.935703172914737,0.008935703172914738,333.4700622558594,187.10943603515625
5,342.2878934651094,8.935703172914737,0.008935703172914738,333.5732116699219,187.10943603515625
5,346.4832442360413,8.935703172914737,0.008935703172914738,333.67633056640625,187.10943603515625
5,350.730016539628,8.935703172914737,0.008935703172914738,333.7794494628906,187.10943603515625
5,355.0288406387879,8.935703172914737,0.008935703172914738,333.882568359375,187.10943603515625
5,359.3803545214396,8.935703172914737,0.008935703172914738,333.9856872558594,187.10943603515625
5,363.7865155496397,8.935703172914737,0.008935703172914738,334.0888366699219,187.10943603515625
5,368.2453704130568,8.935703172914737,0.008935703172914738,334.19195556640625,187.10943603515625
5,372.75887652340947,8.935703172914737,0.008935703172914738,334.2950744628906,187.10943603515625
5,377.32770372954496,8.935703172914737,0.008935703172914738,334.398193359375,187.10943603515625
5,381.95253009050737,8.84380820492277,0.00884380820492277,334.5013122558594,187.2126007080078
5,386.6354359075164,8.84380820492277,0.00884380820492277,334.6044616699219,187.2126007080078
5,391.3743451855612,8.84380820492277,0.00884380820492277,334.70758056640625,187.2126007080078
5,396.1713382786413,8.84380820492277,0.00884380820492277,334.8106994628906,187.2126007080078
5,401.02712710787097,8.84380820492277,0.00884380820492277,334.913818359375,187.2126007080078
5,405.9424323202305,8.84380820492277,0.00884380820492277,335.0169372558594,187.2126007080078
5,410.9194648777391,8.84380820492277,0.00884380820492277,335.1200866699219,187.2126007080078
5,415.9560183950532,8.84380820492277,0.00884380820492277,335.22320556640625,187.2126007080078
5,421.0543038902875,8.84380820492277,0.00884380820492277,335.3263244628906,187.2126007080078
5,426.21507799932044,8.84380820492277,0.00884380820492277,335.429443359375,187.2126007080078
5,431.43910663195896,8.84380820492277,0.00884380820492277,335.5325622558594,187.2126007080078
5,436.7287396176424,8.79821572441568,0.00879821572441568,335.6357116699219,187.2641830444336
5,442.08163199106133,8.75285828680308,0.00875285828680308,335.73883056640625,187.31576538085938
5,447.5001336412741,8.75285828680308,0.00875285828680308,335.8419494628906,187.31576538085938
5,452.98504872739665,8.75285828680308,0.00875285828680308,335.945068359375,187.31576538085938
5,458.5371912649557,8.75285828680308,0.00875285828680308,336.0481872558594,187.31576538085938
5,464.159058672879,8.75285828680308,0.00875285828680308,336.1513366699219,187.31576538085938
5,469.8481587018778,8.75285828680308,0.00875285828680308,336.25445556640625,187.31576538085938
5,475.60698883424357,8.75285828680308,0.00875285828680308,336.3575744628906,187.31576538085938
5,481.43640373719785,8.75285828680308,0.00875285828680308,336.460693359375,187.31576538085938
5,487.33726855343843,8.75285828680308,0.00875285828680308,336.5638122558594,187.31576538085938
5,493.31223756127156,8.75285828680308,0.00875285828680308,336.6669616699219,187.31576538085938
5,499.3586619767287,8.662843699641988,0.008662843699641988,336.77008056640625,187.41893005371094
5,505.47919614545805,8.662843699641988,0.008662843699641988,336.8731994628906,187.41893005371094
5,511.6747484151297,8.662843699641988,0.008662843699641988,336.976318359375,187.41893005371094
5,517.9462382668403,8.662843699641988,0.008662843699641988,337.0794372558594,187.41893005371094
5,524.2964866903886,8.662843699641988,0.008662843699641988,337.1825866699219,187.41893005371094
5,530.7226785354053,8.662843699641988,0.008662843699641988,337.28570556640625,187.41893005371094
5,537.2276348632619,8.662843699641988,0.008662843699641988,337.3888244628906,187.41893005371094
5,543.8123210736704,8.662843699641988,0.008662843699641988,337.491943359375,187.41893005371094
5,550.4777143990445,8.662843699641988,0.008662843699641988,337.5950622558594,187.41893005371094
5,557.2268130115923,8.573754824475344,0.008573754824475345,337.6982116699219,187.5220947265625
5,564.0566249453012,8.573754824475344,0.008573754824475345,337.80133056640625,187.5220947265625
5,570.9701484484477,8.573754824475344,0.008573754824475345,337.9044494628906,187.5220947265625
5,577.9684095561445,8.573754824475344,0.008573754824475345,338.007568359375,187.5220947265625
5,585.0524468794009,8.573754824475344,0.008573754824475345,338.1106872558594,187.5220947265625
5,592.2254469014134,8.573754824475344,0.008573754824475345,338.2138366699219,187.5220947265625
5,599.4842297349827,8.573754824475344,0.008573754824475345,338.31695556640625,187.5220947265625
5,606.8319819441521,8.573754824475344,0.008573754824475345,338.4200744628906,187.5220947265625
5,614.2697940078588,8.529548029388371,0.008529548029388372,338.523193359375,187.5736846923828
5,621.7987697708118,8.485569167193333,0.008485569167193332,338.6263122558594,187.62527465820312
5,629.4222958547439,8.485569167193333,0.008485569167193332,338.7294616699219,187.62527465820312
5,637.1369926482046,8.485569167193333,0.008485569167193332,338.83258056640625,187.62527465820312
5,644.9462468588516,8.485569167193333,0.008485569167193332,338.9356994628906,187.62527465820312
5,652.8512174570733,8.485569167193333,0.008485569167193332,339.038818359375,187.62527465820312
5,660.8530776185153,8.485569167193333,0.008485569167193332,339.1419372558594,187.62527465820312
5,668.9554266738672,8.485569167193333,0.008485569167193332,339.2450866699219,187.62527465820312
5,677.1546727430285,8.441829969826765,0.008441829969826765,339.34820556640625,187.67684936523438
5,685.4544152480083,8.398316227859663,0.008398316227859663,339.4513244628906,187.72842407226562
5,693.8558859525004,8.398316227859663,0.008398316227859663,339.554443359375,187.72842407226562
5,702.3603317176651,8.398316227859663,0.008398316227859663,339.6575622558594,187.72842407226562
5,710.9715779430996,8.398316227859663,0.008398316227859663,339.7607116699219,187.72842407226562
5,719.6858071477569,8.398316227859663,0.008398316227859663,339.86383056640625,187.72842407226562
5,728.5068448282902,8.398316227859663,0.008398316227859663,339.9669494628906,187.72842407226562
5,737.4360001137395,8.398316227859663,0.008398316227859663,340.070068359375,187.72842407226562
5,746.4745981788665,8.311935050443465,0.008311935050443465,340.1731872558594,187.83160400390625
5,755.6267046912465,8.311935050443465,0.008311935050443465,340.2763366699219,187.83160400390625
5,764.8882623992064,8.311935050443465,0.008311935050443465,340.37945556640625,187.83160400390625
5,774.2633370734744,8.311935050443465,0.008311935050443465,340.4825744628906,187.83160400390625
5,783.7533200676484,8.311935050443465,0.008311935050443465,340.585693359375,187.83160400390625
5,793.359619788854,8.311935050443465,0.008311935050443465,340.6888122558594,187.83160400390625
5,803.0865572635423,8.311935050443465,0.008311935050443465,340.7919616699219,187.83160400390625
5,812.9298204097573,8.226454927544234,0.008226454927544233,340.89508056640625,187.9347686767578
5,822.8937303635788,8.226454927544234,0.008226454927544233,340.9981994628906,187.9347686767578
5,832.9797658675714,8.226454927544234,0.008226454927544233,341.101318359375,187.9347686767578
5,843.1894237889348,8.226454927544234,0.008226454927544233,341.2044372558594,187.9347686767578
5,853.5272965517258,8.226454927544234,0.008226454927544233,341.3075866699219,187.9347686767578
5,863.988801238174,8.226454927544234,0.008226454927544233,341.41070556640625,187.9347686767578
5,874.5785303888505,8.184045088113555,0.008184045088113556,341.5138244628906,187.9863510131836
5,885.2980556240641,8.141853884109235,0.008141853884109235,341.616943359375,188.03793334960938
5,896.1489678271437,8.141853884109235,0.008141853884109235,341.7200622558594,188.03793334960938
5,907.1361478658507,8.141853884109235,0.008141853884109235,341.8232116699219,188.03793334960938
5,918.2547249757862,8.141853884109235,0.008141853884109235,341.92633056640625,188.03793334960938
5,929.5095801485465,8.141853884109235,0.008141853884109235,342.0294494628906,188.03793334960938
5,940.902383715706,8.099880188400162,0.008099880188400162,342.132568359375,188.08951568603516
5,952.434826481742,8.058122879665918,0.008058122879665917,342.2356872558594,188.14109802246094
5,964.1120958748681,8.058122879665918,0.008058122879665917,342.3388366699219,188.14109802246094
5,975.9290152048114,8.058122879665918,0.008058122879665917,342.44195556640625,188.14109802246094
5,987.8907720313985,8.058122879665918,0.008058122879665917,342.5450744628906,188.14109802246094
5,999.9991415973846,8.058122879665918,0.008058122879665917,342.648193359375,188.14109802246094
6,5.6405674115041,12.568444557169173,0.012568444557169173,298.82012939453125,183.7049560546875
6,5.70970266077858,12.568444557169173,0.012568444557169173,298.9232482910156,183.7049560546875
6,5.77970612376707,12.568444557169173,0.012568444557169173,299.0263977050781,183.7049560546875
6,5.8505467669947215,12.568444557169173,0.012568444557169173,299.1295166015625,183.7049560546875
6,5.922255689097706,12.568444557169173,0.012568444557169173,299.2326354980469,183.7049560546875
6,5.994843532387713,12.568444557169173,0.012568444557169173,299.33575439453125,183.7049560546875
6,6.068321069617005,12.568444557169173,0.012568444557169173,299.4388732910156,183.7049560546875
6,6.142721351844888,12.568444557169173,0.012568444557169173,299.5420227050781,183.7049560546875
6,6.218011396427515,12.568444557169173,0.012568444557169173,299.6451416015625,183.7049560546875
6,6.2942242552627485,12.568444557169173,0.012568444557169173,299.7482604980469,183.7049560546875
6,6.371371239090928,12.568444557169173,0.012568444557169173,299.85137939453125,183.7049560546875
6,6.449463797285767,12.568444557169173,0.012568444557169173,299.9544982910156,183.7049560546875
6,6.528537056797209,12.568444557169173,0.012568444557169173,300.0576477050781,183.7049560546875
6,6.6085559633878495,12.568444557169173,0.012568444557169173,300.1607666015625,183.7049560546875
6,6.68955564489885,12.568444557169173,0.012568444557169173,300.2638854980469,183.7049560546875
6,6.771548122482281,12.568444557169173,0.012568444557169173,300.36700439453125,183.7049560546875
6,6.854545564630945,12.568444557169173,0.012568444557169173,300.4701232910156,183.7049560546875
6,6.938585304569197,12.568444557169173,0.012568444557169173,300.5732727050781,183.7049560546875
6,7.02363008635219,12.568444557169173,0.012568444557169173,300.6763916015625,183.7049560546875
6,7.109717244151483,12.568444557169173,0.012568444557169173,300.7795104980469,183.7049560546875
6,7.196859554150825,12.568444557169173,0.012568444557169173,300.88262939453125,183.7049560546875
6,7.28506994912897,12.568444557169173,0.012568444557169173,300.9857482910156,183.7049560546875
6,7.37438810715769,12.568444557169173,0.012568444557169173,301.0888977050781,183.7049560546875
6,7.464774432298544,12.568444557169173,0.012568444557169173,301.1920166015625,183.7049560546875
6,7.556268603629988,12.568444557169173,0.012568444557169173,301.2951354980469,183.7049560546875
6,7.648884199789945,12.568444557169173,0.012568444557169173,301.39825439453125,183.7049560546875
6,7.7426349658468485,12.568444557169173,0.012568444557169173,301.5013732910156,183.7049560546875
6,7.837563071996453,12.568444557169173,0.012568444557169173,301.6045227050781,183.7049560546875
6,7.9336264353350066,12.568444557169173,0.012568444557169173,301.7076416015625,183.7049560546875
6,8.030867227128189,12.568444557169173,0.012568444557169173,301.8107604980469,183.7049560546875
6,8.129299878869109,12.568444557169173,0.012568444557169173,301.91387939453125,183.7049560546875
6,8.228938998934645,12.568444557169173,0.012568444557169173,302.0169982910156,183.7049560546875
6,8.329829406171356,12.568444557169173,0.012568444557169173,302.1201477050781,183.7049560546875
6,8.43192637450738,12.568444557169173,0.012568444557169173,302.2232666015625,183.7049560546875
6,8.535274723926394,12.568444557169173,0.012568444557169173,302.3263854980469,183.7049560546875
6,8.639889792343325,12.568444557169173,0.012568444557169173,302.42950439453125,183.7049560546875
6,8.745787105666706,12.568444557169173,0.012568444557169173,302.5326232910156,183.7049560546875
6,8.85301429775192,12.568444557169173,0.012568444557169173,302.6357727050781,183.7049560546875
6,8.961523833345327,12.568444557169173,0.012568444557169173,302.7388916015625,183.7049560546875
6,9.071363347510852,12.568444557169173,0.012568444557169173,302.8420104980469,183.7049560546875
6,9.182549141516338,12.568444557169173,0.012568444557169173,302.94512939453125,183.7049560546875
6,9.295097716430826,12.568444557169173,0.012568444557169173,303.0482482910156,183.7049560546875
6,9.409059697925297,12.568444557169173,0.012568444557169173,303.1513977050781,183.7049560546875
6,9.524384565123553,12.568444557169173,0.012568444557169173,303.2545166015625,183.7049560546875
6,9.641122944981023,12.568444557169173,0.012568444557169173,303.3576354980469,183.7049560546875
6,9.759292162625286,12.568444557169173,0.012568444557169173,303.46075439453125,183.7049560546875
6,9.878909755534377,12.568444557169173,0.012568444557169173,303.5638732910156,183.7049560546875
6,10.000029529106593,12.568444557169173,0.012568444557169173,303.6670227050781,183.7049560546875
6,10.122597789320436,12.568444557169173,0.012568444557169173,303.7701416015625,183.7049560546875
6,10.246668342939325,12.568444557169173,0.012568444557169173,303.8732604980469,183.7049560546875
6,10.37225960325778,12.568444557169173,0.012568444557169173,303.97637939453125,183.7049560546875
6,10.49939020925822,12.568444557169173,0.012568444557169173,304.0794982910156,183.7049560546875
6,10.628117345780474,12.568444557169173,0.012568444557169173,304.1826477050781,183.7049560546875
6,10.758383946356927,12.568444557169173,0.012568444557169173,304.2857666015625,183.7049560546875
6,10.890247197278278,12.568444557169173,0.012568444557169173,304.3888854980469,183.7049560546875
6,11.023726668352232,12.568444557169173,0.012568444557169173,304.49200439453125,183.7049560546875
6,11.15884216924951,12.568444557169173,0.012568444557169173,304.5951232910156,183.7049560546875
6,11.295654476509478,12.568444557169173,0.012568444557169173,304.6982727050781,183.7049560546875
6,11.434102939399777,12.568444557169173,0.012568444557169173,304.8013916015625,183.7049560546875
6,11.57424833600176,12.568444557169173,0.012568444557169173,304.9045104980469,183.7049560546875
6,11.716111465275283,12.568444557169173,0.012568444557169173,305.00762939453125,183.7049560546875
6,11.859713381108673,12.568444557169173,0.012568444557169173,305.1107482910156,183.7049560546875
6,12.005075395443363,12.568444557169173,0.012568444557169173,305.2138671875,183.7049560546875
6,12.152262893820799,12.568444557169173,0.012568444557169173,305.3170166015625,183.7049560546875
6,12.30121062604713,12.568444557169173,0.012568444557169173,305.4201354980469,183.7049560546875
6,12.451983979322751,12.568444557169173,0.012568444557169173,305.52325439453125,183.7049560546875
6,12.60460532990116,12.568444557169173,0.012568444557169173,305.6263732910156,183.7049560546875
6,12.759097328296894,12.568444557169173,0.012568444557169173,305.7294921875,183.7049560546875
6,12.915529466825491,12.568444557169173,0.012568444557169173,305.8326416015625,183.7049560546875
6,13.073832397020023,12.568444557169173,0.012568444557169173,305.9357604980469,183.7049560546875
6,13.234075612959126,12.568444557169173,0.012568444557169173,306.03887939453125,183.7049560546875
6,13.396282896317393,12.568444557169173,0.012568444557169173,306.1419982910156,183.7049560546875
6,13.560478320256383,12.568444557169173,0.012568444557169173,306.2451171875,183.7049560546875
6,13.726686252997334,12.568444557169173,0.012568444557169173,306.3482360839844,183.7049560546875
6,13.894981456820666,12.568444557169173,0.012568444557169173,306.4513854980469,183.7049560546875
6,14.065289324203354,12.568444557169173,0.012568444557169173,306.55450439453125,183.7049560546875
6,14.237684619322641,12.568444557169173,0.012568444557169173,306.6576232910156,183.7049560546875
6,14.412192927341573,12.568444557169173,0.012568444557169173,306.7607421875,183.7049560546875
6,14.588840147015164,12.568444557169173,0.012568444557169173,306.8638610839844,183.7049560546875
6,14.767705736337694,12.568444557169173,0.012568444557169173,306.9670104980469,183.7049560546875
6,14.948710401792377,12.568444557169173,0.012568444557169173,307.07012939453125,183.7049560546875
6,15.131933603389449,12.568444557169173,0.012568444557169173,307.1732482910156,183.7049560546875
6,15.31740253326015,12.568444557169173,0.012568444557169173,307.2763671875,183.7049560546875
6,15.505144716823935,12.568444557169173,0.012568444557169173,307.3794860839844,183.7049560546875
6,15.695188016873544,12.568444557169173,0.012568444557169173,307.48260498046875,183.7049560546875
6,15.887617917117558,12.568444557169173,0.012568444557169173,307.58575439453125,183.7049560546875
6,16.082349110798077,12.568444557169173,0.012568444557169173,307.6888732910156,183.7049560546875
6,16.279467083792518,12.568444557169173,0.012568444557169173,307.7919921875,183.7049560546875
6,16.479001090353318,12.568444557169173,0.012568444557169173,307.8951110839844,183.7049560546875
6,16.68098074329611,12.568444557169173,0.012568444557169173,307.99822998046875,183.7049560546875
6,16.885496895441207,12.568444557169173,0.012568444557169173,308.10137939453125,183.7049560546875
6,17.092458882032997,12.568444557169173,0.012568444557169173,308.2044982910156,183.7049560546875
6,17.30195755819686,12.568444557169173,0.012568444557169173,308.3076171875,183.7049560546875
6,17.51402401560374,12.568444557169173,0.012568444557169173,308.4107360839844,183.7049560546875
6,17.728689727008675,12.568444557169173,0.012568444557169173,308.51385498046875,183.7049560546875
6,17.94605125157007,12.568444557169173,0.012568444557169173,308.61700439453125,183.7049560546875
6,18.166012230006288,12.568444557169173,0.012568444557169173,308.7201232910156,183.7049560546875
6,18.388669223925604,12.568444557169173,0.012568444557169173,308.8232421875,183.7049560546875
6,18.61405527782315,12.568444557169173,0.012568444557169173,308.9263610839844,183.7049560546875
6,18.842203841213532,12.568444557169173,0.012568444557169173,309.02947998046875,183.7049560546875
6,19.07314877359499,12.568444557169173,0.012568444557169173,309.1325988769531,183.7049560546875
6,19.306993956710755,12.568444557169173,0.012568444557169173,309.2357482910156,183.7049560546875
6,19.543635723852077,12.568444557169173,0.012568444557169173,309.3388671875,183.7049560546875
6,19.78317795939782,12.568444557169173,0.012568444557169173,309.4419860839844,183.7049560546875
6,20.02565621377961,12.568444557169173,0.012568444557169173,309.54510498046875,183.7049560546875
6,20.271106473163268,12.568444557169173,0.012568444557169173,309.6482238769531,183.7049560546875
6,20.519639143958493,12.568444557169173,0.012568444557169173,309.7513732910156,183.7049560546875
6,20.77114404829605,12.568444557169173,0.012568444557169173,309.8544921875,183.7049560546875
6,21.025731595386844,12.568444557169173,0.012568444557169173,309.9576110839844,183.7049560546875
6,21.2834395685352,12.568444557169173,0.012568444557169173,310.06072998046875,183.7049560546875
6,21.544306214147472,12.568444557169173,0.012568444557169173,310.1638488769531,183.7049560546875
6,21.808370247408206,12.568444557169173,0.012568444557169173,310.2669677734375,183.7049560546875
6,22.075750447421203,12.568444557169173,0.012568444557169173,310.3701171875,183.7049560546875
6,22.346328280954573,12.568444557169173,0.012568444557169173,310.4732360839844,183.7049560546875
6,22.62022253012572,12.568444557169173,0.012568444557169173,310.57635498046875,183.7049560546875
6,22.89747384354411,12.568444557169173,0.012568444557169173,310.6794738769531,183.7049560546875
6,23.178123368040637,12.568444557169173,0.012568444557169173,310.7825927734375,183.7049560546875
6,23.46229734306793,12.568444557169173,0.012568444557169173,310.8857421875,183.7049560546875
6,23.749869790488145,12.568444557169173,0.012568444557169173,310.9888610839844,183.7049560546875
6,24.04096695295677,12.568444557169173,0.012568444557169173,311.09197998046875,183.7049560546875
6,24.335632032165353,12.568444557169173,0.012568444557169173,311.1950988769531,183.7049560546875
6,24.633908759319503,12.568444557169173,0.012568444557169173,311.2982177734375,183.7049560546875
6,24.9359313027946,12.568444557169173,0.012568444557169173,311.4013671875,183.7049560546875
6,25.24156577194286,12.568444557169173,0.012568444557169173,311.5044860839844,183.7049560546875
6,25.5509463385437,12.568444557169173,0.012568444557169173,311.60760498046875,183.7049560546875
6,25.86411891772631,12.568444557169173,0.012568444557169173,311.7107238769531,183.7049560546875
6,26.181129987391902,12.568444557169173,0.012568444557169173,311.8138427734375,183.7049560546875
6,26.502122142843188,12.568444557169173,0.012568444557169173,311.9169921875,183.7049560546875
6,26.82695308394874,12.568444557169173,0.012568444557169173,312.0201110839844,183.7049560546875
6,27.155765409629115,12.568444557169173,0.012568444557169173,312.12322998046875,183.7049560546875
6,27.488607918878255,12.568444557169173,0.012568444557169173,312.2263488769531,183.7049560546875
6,27.825530008809157,12.568444557169173,0.012568444557169173,312.3294677734375,183.7049560546875
6,28.166683230935295,12.568444557169173,0.012568444557169173,312.4326171875,183.7049560546875
6,28.51191634745376,12.568444557169173,0.012568444557169173,312.5357360839844,183.7049560546875
6,28.861380913723117,12.568444557169173,0.012568444557169173,312.63885498046875,183.7049560546875
6,29.21512879373362,12.568444557169173,0.012568444557169173,312.7419738769531,183.7049560546875
6,29.573212487161587,12.503650460531231,0.012503650460531231,312.8450927734375,183.75653839111328
6,29.935793064258323,12.439190396870883,0.012439190396870883,312.9482421875,183.80812072753906
6,30.302709788186778,12.439190396870883,0.012439190396870883,313.0513610839844,183.80812072753906
6,30.67412373328488,12.439190396870883,0.012439190396870883,313.15447998046875,183.80812072753906
6,31.050090021047303,12.439190396870883,0.012439190396870883,313.2575988769531,183.80812072753906
6,31.4306644485813,12.439190396870883,0.012439190396870883,313.3607177734375,183.80812072753906
6,31.816018202734583,12.439190396870883,0.012439190396870883,313.4638671875,183.80812072753906
6,32.205980451015016,12.439190396870883,0.012439190396870883,313.5669860839844,183.80812072753906
6,32.600722384613526,12.439190396870883,0.012439190396870883,313.67010498046875,183.80812072753906
6,33.00030258712854,12.439190396870883,0.012439190396870883,313.7732238769531,183.80812072753906
6,33.40478036020528,12.439190396870883,0.012439190396870883,313.8763427734375,183.80812072753906
6,33.81433764269701,12.439190396870883,0.012439190396870883,313.9794921875,183.80812072753906
6,34.228792872362625,12.439190396870883,0.012439190396870883,314.0826110839844,183.80812072753906
6,34.64832799267142,12.439190396870883,0.012439190396870883,314.18572998046875,183.80812072753906
6,35.0730052667754,12.439190396870883,0.012439190396870883,314.2888488769531,183.80812072753906
6,35.50288772097287,12.439190396870883,0.012439190396870883,314.3919677734375,183.80812072753906
6,35.93816872144108,12.439190396870883,0.012439190396870883,314.4951171875,183.80812072753906
6,36.378655302269415,12.439190396870883,0.012439190396870883,314.5982360839844,183.80812072753906
6,36.82454083454109,12.439190396870883,0.012439190396870883,314.70135498046875,183.80812072753906
6,37.275891492069235,12.439190396870883,0.012439190396870883,314.8044738769531,183.80812072753906
6,37.732774259745526,12.439190396870883,0.012439190396870883,314.9075927734375,183.80812072753906
6,38.19539464880535,12.439190396870883,0.012439190396870883,315.0107421875,183.80812072753906
6,38.663547573420075,12.439190396870883,0.012439190396870883,315.1138610839844,183.80812072753906
6,39.137438550039285,12.439190396870883,0.012439190396870883,315.21697998046875,183.80812072753906
6,39.61713790876038,12.439190396870883,0.012439190396870883,315.3200988769531,183.80812072753906
6,40.10271684170201,12.439190396870883,0.012439190396870883,315.4232177734375,183.80812072753906
6,40.59439376797181,12.439190396870883,0.012439190396870883,315.5263671875,183.80812072753906
6,41.09195072058815,12.439190396870883,0.012439190396870883,315.6294860839844,183.80812072753906
6,41.59560612420029,12.439190396870883,0.012439190396870883,315.73260498046875,183.80812072753906
6,42.10543472624032,12.439190396870883,0.012439190396870883,315.8357238769531,183.80812072753906
6,42.621512190303946,12.439190396870883,0.012439190396870883,315.9388427734375,183.80812072753906
6,43.14407065409628,12.439190396870883,0.012439190396870883,316.0419921875,183.80812072753906
6,43.67287846043563,12.439190396870883,0.012439190396870883,316.1451110839844,183.80812072753906
6,44.20816775291677,12.439190396870883,0.012439190396870883,316.24822998046875,183.80812072753906
6,44.750017973753145,12.439190396870883,0.012439190396870883,316.3513488769531,183.80812072753906
6,45.298509538864664,12.439190396870883,0.012439190396870883,316.4544677734375,183.80812072753906
6,45.85388916619981,12.439190396870883,0.012439190396870883,316.5576171875,183.80812072753906
6,46.415910648514526,12.439190396870883,0.012439190396870883,316.6607360839844,183.80812072753906
6,46.9848207100169,12.439190396870883,0.012439190396870883,316.76385498046875,183.80812072753906
6,47.560703782574215,12.439190396870883,0.012439190396870883,316.8669738769531,183.80812072753906
6,48.1436453329175,12.439190396870883,0.012439190396870883,316.9700927734375,183.80812072753906
6,48.73390757500321,12.439190396870883,0.012439190396870883,317.0732421875,183.80812072753906
6,49.331228837655914,12.439190396870883,0.012439190396870883,317.1763610839844,183.80812072753906
6,49.935871341484855,12.439190396870883,0.012439190396870883,317.27947998046875,183.80812072753906
6,50.547924821404415,12.439190396870883,0.012439190396870883,317.3825988769531,183.80812072753906
6,51.16748011219093,12.439190396870883,0.012439190396870883,317.4857177734375,183.80812072753906
6,51.79481589709147,12.439190396870883,0.012439190396870883,317.5888671875,183.80812072753906
6,52.429654069731306,12.439190396870883,0.012439190396870883,317.6919860839844,183.80812072753906
6,53.07227332042813,12.439190396870883,0.012439190396870883,317.79510498046875,183.80812072753906
6,53.72276902022028,12.439190396870883,0.012439190396870883,317.8982238769531,183.80812072753906
6,54.381237709088886,12.439190396870883,0.012439190396870883,318.0013427734375,183.80812072753906
6,55.047975573984566,12.439190396870883,0.012439190396870883,318.1044921875,183.80812072753906
6,55.72268704106161,12.439190396870883,0.012439190396870883,318.2076110839844,183.80812072753906
6,56.405668304785266,12.439190396870883,0.012439190396870883,318.31072998046875,183.80812072753906
6,57.09702072631499,12.439190396870883,0.012439190396870883,318.4138488769531,183.80812072753906
6,57.7968469091726,12.439190396870883,0.012439190396870883,318.5169677734375,183.80812072753906
6,58.50546164339521,12.439190396870883,0.012439190396870883,318.6201171875,183.80812072753906
6,59.22255079055888,12.439190396870883,0.012439190396870883,318.7232360839844,183.80812072753906
6,59.9484291486874,12.439190396870883,0.012439190396870883,318.82635498046875,183.80812072753906
6,60.683204445292304,12.439190396870883,0.012439190396870883,318.9294738769531,183.80812072753906
6,61.42698572827866,12.439190396870883,0.012439190396870883,319.0325927734375,183.80812072753906
6,62.18010755920387,12.439190396870883,0.012439190396870883,319.1357421875,183.80812072753906
6,62.94223606905059,12.439190396870883,0.012439190396870883,319.2388610839844,183.80812072753906
6,63.71370582786456,12.439190396870883,0.012439190396870883,319.34197998046875,183.80812072753906
6,64.49463132937107,12.439190396870883,0.012439190396870883,319.4450988769531,183.80812072753906
6,65.28512847062105,12.439190396870883,0.012439190396870883,319.5482177734375,183.80812072753906
6,66.08555282651369,12.439190396870883,0.012439190396870883,319.6513671875,183.80812072753906
6,66.89554955818724,12.439190396870883,0.012439190396870883,319.7544860839844,183.80812072753906
6,67.71547424956246,12.311265489200354,0.012311265489200354,319.85760498046875,183.91128540039062
6,68.54544858555481,12.311265489200354,0.012311265489200354,319.9607238769531,183.91128540039062
6,69.38559574254616,12.311265489200354,0.012311265489200354,320.0638427734375,183.91128540039062
6,70.23629362859607,12.311265489200354,0.012311265489200354,320.1669921875,183.91128540039062
6,71.097165117912,12.311265489200354,0.012311265489200354,320.2701110839844,183.91128540039062
6,71.96858812814156,12.311265489200354,0.012311265489200354,320.37322998046875,183.91128540039062
6,72.85069198705897,12.311265489200354,0.012311265489200354,320.4763488769531,183.91128540039062
6,73.74360760758174,12.311265489200354,0.012311265489200354,320.5794677734375,183.91128540039062
6,74.64773663364404,12.311265489200354,0.012311265489200354,320.6826171875,183.91128540039062
6,75.56267825271188,12.311265489200354,0.012311265489200354,320.7857360839844,183.91128540039062
6,76.48883411890962,12.311265489200354,0.012311265489200354,320.88885498046875,183.91128540039062
6,77.42634168290753,12.311265489200354,0.012311265489200354,320.9919738769531,183.91128540039062
6,78.3753400800797,12.311265489200354,0.012311265489200354,321.0950927734375,183.91128540039062
6,79.33625618105194,12.311265489200354,0.012311265489200354,321.1982421875,183.91128540039062
6,80.30866399881765,12.311265489200354,0.012311265489200354,321.3013610839844,183.91128540039062
6,81.29299041483299,12.311265489200354,0.012311265489200354,321.40447998046875,183.91128540039062
6,82.2893815128517,12.311265489200354,0.012311265489200354,321.5075988769531,183.91128540039062
6,83.29798516714555,12.311265489200354,0.012311265489200354,321.6107177734375,183.91128540039062
6,84.3192550594851,12.311265489200354,0.012311265489200354,321.7138671875,183.91128540039062
6,85.35273844721782,12.311265489200354,0.012311265489200354,321.8169860839844,183.91128540039062
6,86.39888902362487,12.311265489200354,0.012311265489200354,321.92010498046875,183.91128540039062
6,87.45786204777559,12.311265489200354,0.012311265489200354,322.0232238769531,183.91128540039062
6,88.529814681717,12.311265489200354,0.012311265489200354,322.1263427734375,183.91128540039062
6,89.61522910233495,12.311265489200354,0.012311265489200354,322.2294921875,183.91128540039062
6,90.71362413084631,12.311265489200354,0.012311265489200354,322.3326110839844,183.91128540039062
6,91.82548195637051,12.311265489200354,0.012311265489200354,322.43572998046875,183.91128540039062
6,92.95096758958098,12.311265489200354,0.012311265489200354,322.5388488769531,183.91128540039062
6,94.09024806365234,12.311265489200354,0.012311265489200354,322.6419677734375,183.91128540039062
6,95.24383584032364,12.311265489200354,0.012311265489200354,322.7451171875,183.91128540039062
6,96.41121951864805,12.311265489200354,0.012311265489200354,322.8482360839844,183.91128540039062
6,97.59291157336648,12.311265489200354,0.012311265489200354,322.95135498046875,183.91128540039062
6,98.78908737924128,12.311265489200354,0.012311265489200354,323.0544738769531,183.91128540039062
6,99.99992446056623,12.311265489200354,0.012311265489200354,323.1575927734375,183.91128540039062
6,101.22596746608284,12.311265489200354,0.012311265489200354,323.2607421875,183.91128540039062
6,102.46667287446867,12.311265489200354,0.012311265489200354,323.3638610839844,183.91128540039062
6,103.7225853482838,12.311265489200354,0.012311265489200354,323.46697998046875,183.91128540039062
6,104.99389127733305,12.311265489200354,0.012311265489200354,323.5700988769531,183.91128540039062
6,106.28077933596188,12.311265489200354,0.012311265489200354,323.6732177734375,183.91128540039062
6,107.58382838153489,12.18465616409431,0.01218465616409431,323.7763671875,184.0144500732422
6,108.90246075491822,12.18465616409431,0.01218465616409431,323.8794860839844,184.0144500732422
6,110.23725532816276,12.18465616409431,0.01218465616409431,323.98260498046875,184.0144500732422
6,111.58841019795533,12.18465616409431,0.01218465616409431,324.0857238769531,184.0144500732422
6,112.95612588901228,12.18465616409431,0.01218465616409431,324.1888427734375,184.0144500732422
6,114.34101761591634,12.18465616409431,0.01218465616409431,324.2919921875,184.0144500732422
6,115.74247143757474,12.18465616409431,0.01218465616409431,324.3951110839844,184.0144500732422
6,117.16110258417908,12.18465616409431,0.01218465616409431,324.49822998046875,184.0144500732422
6,118.59712159459106,12.18465616409431,0.01218465616409431,324.6013488769531,184.0144500732422
6,120.05074158820294,12.18465616409431,0.01218465616409431,324.7044677734375,184.0144500732422
6,121.52261642036176,12.18465616409431,0.01218465616409431,324.8076171875,184.0144500732422
6,123.01209358919652,12.18465616409431,0.01218465616409431,324.9107360839844,184.0144500732422
6,124.51982696664358,12.18465616409431,0.01218465616409431,325.01385498046875,184.0144500732422
6,126.04604031521492,12.18465616409431,0.01218465616409431,325.1169738769531,184.0144500732422
6,127.59096014003266,12.18465616409431,0.01218465616409431,325.2200927734375,184.0144500732422
6,129.15528136418047,12.18465616409431,0.01218465616409431,325.3232421875,184.0144500732422
6,130.7383105030604,12.18465616409431,0.01218465616409431,325.4263610839844,184.0144500732422
6,132.3407424973876,12.18465616409431,0.01218465616409431,325.52947998046875,184.0144500732422
6,133.96281516388322,12.18465616409431,0.01218465616409431,325.6325988769531,184.0144500732422
6,135.6047692341381,12.18465616409431,0.01218465616409431,325.7357177734375,184.0144500732422
6,137.26734327837926,12.18465616409431,0.01218465616409431,325.8388671875,184.0144500732422
6,138.94980025521468,12.18465616409431,0.01218465616409431,325.9419860839844,184.0144500732422
6,140.65287875361028,12.18465616409431,0.01218465616409431,326.04510498046875,184.0144500732422
6,142.3768315272216,12.18465616409431,0.01218465616409431,326.1482238769531,184.0144500732422
6,144.1219144276528,12.18465616409431,0.01218465616409431,326.2513427734375,184.0144500732422
6,145.88891241369,12.18465616409431,0.01218465616409431,326.3544921875,184.0144500732422
6,147.6770421514062,12.121840611588565,0.012121840611588566,326.4576110839844,184.06603240966797
6,149.48708861950294,12.059348892072727,0.012059348892072727,326.56072998046875,184.11761474609375
6,151.31932044673852,12.059348892072727,0.012059348892072727,326.6638488769531,184.11761474609375
6,153.17400955439706,12.059348892072727,0.012059348892072727,326.7669677734375,184.11761474609375
6,155.05143119664476,12.059348892072727,0.012059348892072727,326.8700866699219,184.11761474609375
6,156.9524298597883,12.059348892072727,0.012059348892072727,326.9732360839844,184.11761474609375
6,158.8761628056017,12.059348892072727,0.012059348892072727,327.07635498046875,184.11761474609375
6,160.82347454181732,12.059348892072727,0.012059348892072727,327.1794738769531,184.11761474609375
6,162.79465406871387,12.059348892072727,0.012059348892072727,327.2825927734375,184.11761474609375
6,164.78999392878515,12.059348892072727,0.012059348892072727,327.3857116699219,184.11761474609375
6,166.81039164933733,12.059348892072727,0.012059348892072727,327.4888610839844,184.11761474609375
6,168.85495156093947,12.059348892072727,0.012059348892072727,327.59197998046875,184.11761474609375
6,170.92457121366922,12.059348892072727,0.012059348892072727,327.6950988769531,184.11761474609375
6,173.01955775950657,12.059348892072727,0.012059348892072727,327.7982177734375,184.11761474609375
6,175.1402221151293,12.059348892072727,0.012059348892072727,327.9013366699219,184.11761474609375
6,177.28751818027345,12.059348892072727,0.012059348892072727,328.0044860839844,184.11761474609375
6,179.4604940297685,12.059348892072727,0.012059348892072727,328.10760498046875,184.11761474609375
6,181.66010358755253,12.059348892072727,0.012059348892072727,328.2107238769531,184.11761474609375
6,183.88667329739016,12.059348892072727,0.012059348892072727,328.3138427734375,184.11761474609375
6,186.14053360419925,12.059348892072727,0.012059348892072727,328.4169616699219,184.11761474609375
6,188.42201900309098,12.059348892072727,0.012059348892072727,328.52008056640625,184.11761474609375
6,190.73215573299584,11.997179336090724,0.011997179336090725,328.62322998046875,184.16919708251953
6,193.06991967929065,11.935330282793045,0.011935330282793045,328.7263488769531,184.2207794189453
6,195.43633710694309,11.935330282793045,0.011935330282793045,328.8294677734375,184.2207794189453
6,197.8317592156518,11.935330282793045,0.011935330282793045,328.9325866699219,184.2207794189453
6,200.25654150969692,11.935330282793045,0.011935330282793045,329.03570556640625,184.2207794189453
6,202.71177468463534,11.935330282793045,0.011935330282793045,329.13885498046875,184.2207794189453
6,205.19637030264207,11.935330282793045,0.011935330282793045,329.2419738769531,184.2207794189453
6,207.7114190869467,11.935330282793045,0.011935330282793045,329.3450927734375,184.2207794189453
6,210.2572942956082,11.935330282793045,0.011935330282793045,329.4482116699219,184.2207794189453
6,212.8343737616308,11.935330282793045,0.011935330282793045,329.55133056640625,184.2207794189453
6,215.44303994903916,11.935330282793045,0.011935330282793045,329.6544494628906,184.2207794189453
6,218.08446626652528,11.935330282793045,0.011935330282793045,329.7575988769531,184.2207794189453
6,220.75748173434465,11.935330282793045,0.011935330282793045,329.8607177734375,184.2207794189453
6,223.46325979096054,11.935330282793045,0.011935330282793045,329.9638366699219,184.2207794189453
6,226.20220200053808,11.935330282793045,0.011935330282793045,330.06695556640625,184.2207794189453
6,228.9747148491297,11.935330282793045,0.011935330282793045,330.1700744628906,184.2207794189453
6,231.78204544558076,11.935330282793045,0.011935330282793045,330.2732238769531,184.2207794189453
6,234.62294926255265,11.873800079892327,0.011873800079892327,330.3763427734375,184.2723617553711
6,237.49867344053123,11.812587083619269,0.011812587083619269,330.4794616699219,184.32394409179688
6,240.4096447653631,11.812587083619269,0.011812587083619269,330.58258056640625,184.32394409179688
6,243.35629525391928,11.812587083619269,0.011812587083619269,330.6856994628906,184.32394409179688
6,246.33995034420033,11.812587083619269,0.011812587083619269,330.7888488769531,184.32394409179688
6,249.35928734185322,11.812587083619269,0.011812587083619269,330.8919677734375,184.32394409179688
6,252.41563171850677,11.812587083619269,0.011812587083619269,330.9950866699219,184.32394409179688
6,255.50943706582748,11.812587083619269,0.011812587083619269,331.09820556640625,184.32394409179688
6,258.6411625350596,11.812587083619269,0.011812587083619269,331.2013244628906,184.32394409179688
6,261.8112729051674,11.812587083619269,0.011812587083619269,331.304443359375,184.32394409179688
6,265.02119412903164,11.812587083619269,0.011812587083619269,331.4075927734375,184.32394409179688
6,268.26950320548417,11.812587083619269,0.011812587083619269,331.5107116699219,184.32394409179688
6,271.55762612358376,11.812587083619269,0.011812587083619269,331.61383056640625,184.32394409179688
6,274.8860508732197,11.812587083619269,0.011812587083619269,331.7169494628906,184.32394409179688
6,278.2552714254708,11.812587083619269,0.011812587083619269,331.820068359375,184.32394409179688
6,281.66680329531573,11.691088303038763,0.011691088303038763,331.9232177734375,184.4271240234375
6,285.1191341048814,11.691088303038763,0.011691088303038763,332.0263366699219,184.4271240234375
6,288.6137794075973,11.691088303038763,0.011691088303038763,332.12945556640625,184.4271240234375
6,292.1512578433126,11.691088303038763,0.011691088303038763,332.2325744628906,184.4271240234375
6,295.73209440873615,11.691088303038763,0.011691088303038763,332.335693359375,184.4271240234375
6,299.3568205353512,11.691088303038763,0.011691088303038763,332.4388122558594,184.4271240234375
6,303.0270666675447,11.691088303038763,0.011691088303038763,332.5419616699219,184.4271240234375
6,306.74120573593837,11.691088303038763,0.011691088303038763,332.64508056640625,184.4271240234375
6,310.50086822628595,11.691088303038763,0.011691088303038763,332.7481994628906,184.4271240234375
6,314.30661210960255,11.691088303038763,0.011691088303038763,332.851318359375,184.4271240234375
6,318.1590021958369,11.691088303038763,0.011691088303038763,332.9544372558594,184.4271240234375
6,322.0597713352991,11.691088303038763,0.011691088303038763,333.0575866699219,184.4271240234375
6,326.0071902646672,11.691088303038763,0.011691088303038763,333.16070556640625,184.4271240234375
6,330.00299187821633,11.5708745850959,0.0115708745850959,333.2638244628906,184.5302734375
6,334.04776919233785,11.5708745850959,0.0115708745850959,333.366943359375,184.5302734375
6,338.14212249190035,11.5708745850959,0.0115708745850959,333.4700622558594,184.5302734375
6,342.2878934651094,11.5708745850959,0.0115708745850959,333.5732116699219,184.5302734375
6,346.4832442360413,11.5708745850959,0.0115708745850959,333.67633056640625,184.5302734375
6,350.730016539628,11.5708745850959,0.0115708745850959,333.7794494628906,184.5302734375
6,355.0288406387879,11.5708745850959,0.0115708745850959,333.882568359375,184.5302734375
6,359.3803545214396,11.5708745850959,0.0115708745850959,333.9856872558594,184.5302734375
6,363.7865155496397,11.5708745850959,0.0115708745850959,334.0888366699219,184.5302734375
6,368.2453704130568,11.5708745850959,0.0115708745850959,334.19195556640625,184.5302734375
6,372.75887652340947,11.5708745850959,0.0115708745850959,334.2950744628906,184.5302734375
6,377.32770372954496,11.511214460420984,0.011511214460420985,334.398193359375,184.5818634033203
6,381.95253009050737,11.451861946933972,0.011451861946933973,334.5013122558594,184.63345336914062
6,386.6354359075164,11.451861946933972,0.011451861946933973,334.6044616699219,184.63345336914062
6,391.3743451855612,11.451861946933972,0.011451861946933973,334.70758056640625,184.63345336914062
6,396.1713382786413,11.451861946933972,0.011451861946933973,334.8106994628906,184.63345336914062
6,401.02712710787097,11.451861946933972,0.011451861946933973,334.913818359375,184.63345336914062
6,405.9424323202305,11.451861946933972,0.011451861946933973,335.0169372558594,184.63345336914062
6,410.9194648777391,11.451861946933972,0.011451861946933973,335.1200866699219,184.63345336914062
6,415.9560183950532,11.451861946933972,0.011451861946933973,335.22320556640625,184.63345336914062
6,421.0543038902875,11.451861946933972,0.011451861946933973,335.3263244628906,184.63345336914062
6,426.21507799932044,11.451861946933972,0.011451861946933973,335.429443359375,184.63345336914062
6,431.43910663195896,11.334108076094465,0.011334108076094465,335.5325622558594,184.73660278320312
6,436.7287396176424,11.334108076094465,0.011334108076094465,335.6357116699219,184.73660278320312
6,442.08163199106133,11.334108076094465,0.011334108076094465,335.73883056640625,184.73660278320312
6,447.5001336412741,11.334108076094465,0.011334108076094465,335.8419494628906,184.73660278320312
6,452.98504872739665,11.334108076094465,0.011334108076094465,335.945068359375,184.73660278320312
6,458.5371912649557,11.334108076094465,0.011334108076094465,336.0481872558594,184.73660278320312
6,464.159058672879,11.334108076094465,0.011334108076094465,336.1513366699219,184.73660278320312
6,469.8481587018778,11.334108076094465,0.011334108076094465,336.25445556640625,184.73660278320312
6,475.60698883424357,11.334108076094465,0.011334108076094465,336.3575744628906,184.73660278320312
6,481.43640373719785,11.275668733767674,0.011275668733767674,336.460693359375,184.78819274902344
6,487.33726855343843,11.217530708201636,0.011217530708201636,336.5638122558594,184.83978271484375
6,493.31223756127156,11.217530708201636,0.011217530708201636,336.6669616699219,184.83978271484375
6,499.3586619767287,11.217530708201636,0.011217530708201636,336.77008056640625,184.83978271484375
6,505.47919614545805,11.217530708201636,0.011217530708201636,336.8731994628906,184.83978271484375
6,511.6747484151297,11.217530708201636,0.011217530708201636,336.976318359375,184.83978271484375
6,517.9462382668403,11.217530708201636,0.011217530708201636,337.0794372558594,184.83978271484375
6,524.2964866903886,11.217530708201636,0.011217530708201636,337.1825866699219,184.83978271484375
6,530.7226785354053,11.217530708201636,0.011217530708201636,337.28570556640625,184.83978271484375
6,537.2276348632619,11.102169375642648,0.011102169375642647,337.3888244628906,184.9429473876953
6,543.8123210736704,11.102169375642648,0.011102169375642647,337.491943359375,184.9429473876953
6,550.4777143990445,11.102169375642648,0.011102169375642647,337.5950622558594,184.9429473876953
6,557.2268130115923,11.102169375642648,0.011102169375642647,337.6982116699219,184.9429473876953
6,564.0566249453012,11.102169375642648,0.011102169375642647,337.80133056640625,184.9429473876953
6,570.9701484484477,11.102169375642648,0.011102169375642647,337.9044494628906,184.9429473876953
6,577.9684095561445,11.102169375642648,0.011102169375642647,338.007568359375,184.9429473876953
6,585.0524468794009,11.102169375642648,0.011102169375642647,338.1106872558594,184.9429473876953
6,592.2254469014134,11.04493436679616,0.011044934366796159,338.2138366699219,184.9945297241211
6,599.4842297349827,10.98799442156533,0.01098799442156533,338.31695556640625,185.04611206054688
6,606.8319819441521,10.98799442156533,0.01098799442156533,338.4200744628906,185.04611206054688
6,614.2697940078588,10.98799442156533,0.01098799442156533,338.523193359375,185.04611206054688
6,621.7987697708118,10.98799442156533,0.01098799442156533,338.6263122558594,185.04611206054688
6,629.4222958547439,10.98799442156533,0.01098799442156533,338.7294616699219,185.04611206054688
6,637.1369926482046,10.98799442156533,0.01098799442156533,338.83258056640625,185.04611206054688
6,644.9462468588516,10.98799442156533,0.01098799442156533,338.9356994628906,185.04611206054688
6,652.8512174570733,10.874993645227292,0.010874993645227293,339.038818359375,185.14927673339844
6,660.8530776185153,10.874993645227292,0.010874993645227293,339.1419372558594,185.14927673339844
6,668.9554266738672,10.874993645227292,0.010874993645227293,339.2450866699219,185.14927673339844
6,677.1546727430285,10.874993645227292,0.010874993645227293,339.34820556640625,185.14927673339844
6,685.4544152480083,10.874993645227292,0.010874993645227293,339.4513244628906,185.14927673339844
6,693.8558859525004,10.874993645227292,0.010874993645227293,339.554443359375,185.14927673339844
6,702.3603317176651,10.874993645227292,0.010874993645227293,339.6575622558594,185.14927673339844
6,710.9715779430996,10.763154971358828,0.010763154971358829,339.7607116699219,185.25244140625
6,719.6858071477569,10.763154971358828,0.010763154971358829,339.86383056640625,185.25244140625
6,728.5068448282902,10.763154971358828,0.010763154971358829,339.9669494628906,185.25244140625
6,737.4360001137395,10.763154971358828,0.010763154971358829,340.070068359375,185.25244140625
6,746.4745981788665,10.763154971358828,0.010763154971358829,340.1731872558594,185.25244140625
6,755.6267046912465,10.763154971358828,0.010763154971358829,340.2763366699219,185.25244140625
6,764.8882623992064,10.763154971358828,0.010763154971358829,340.37945556640625,185.25244140625
6,774.2633370734744,10.70765949754963,0.01070765949754963,340.4825744628906,185.3040313720703
6,783.7533200676484,10.65245016173821,0.01065245016173821,340.585693359375,185.35562133789062
6,793.359619788854,10.65245016173821,0.01065245016173821,340.6888122558594,185.35562133789062
6,803.0865572635423,10.65245016173821,0.01065245016173821,340.7919616699219,185.35562133789062
6,812.9298204097573,10.65245016173821,0.01065245016173821,340.89508056640625,185.35562133789062
6,822.8937303635788,10.65245016173821,0.01065245016173821,340.9981994628906,185.35562133789062
6,832.9797658675714,10.65245016173821,0.01065245016173821,341.101318359375,185.35562133789062
6,843.1894237889348,10.542900129949315,0.010542900129949314,341.2044372558594,185.4587860107422
6,853.5272965517258,10.542900129949315,0.010542900129949314,341.3075866699219,185.4587860107422
6,863.988801238174,10.542900129949315,0.010542900129949314,341.41070556640625,185.4587860107422
6,874.5785303888505,10.542900129949315,0.010542900129949314,341.5138244628906,185.4587860107422
6,885.2980556240641,10.542900129949315,0.010542900129949314,341.616943359375,185.4587860107422
6,896.1489678271437,10.542900129949315,0.010542900129949314,341.7200622558594,185.4587860107422
6,907.1361478658507,10.434476713097151,0.01043447671309715,341.8232116699219,185.56195068359375
6,918.2547249757862,10.434476713097151,0.01043447671309715,341.92633056640625,185.56195068359375
6,929.5095801485465,10.434476713097151,0.01043447671309715,342.0294494628906,185.56195068359375
6,940.902383715706,10.434476713097151,0.01043447671309715,342.132568359375,185.56195068359375
6,952.434826481742,10.434476713097151,0.01043447671309715,342.2356872558594,185.56195068359375
6,964.1120958748681,10.434476713097151,0.01043447671309715,342.3388366699219,185.56195068359375
6,975.9290152048114,10.327168325048916,0.010327168325048916,342.44195556640625,185.6651153564453
6,987.8907720313985,10.327168325048916,0.010327168325048916,342.5450744628906,185.6651153564453
6,999.9991415973846,10.327168325048916,0.010327168325048916,342.648193359375,185.6651153564453
7,13.234075612959126,22.422960356009924,0.022422960356009925,306.03887939453125,177.92764282226562
7,13.396282896317393,22.422960356009924,0.022422960356009925,306.1419982910156,177.92764282226562
7,13.560478320256383,22.422960356009924,0.022422960356009925,306.2451171875,177.92764282226562
7,13.726686252997334,22.422960356009924,0.022422960356009925,306.3482360839844,177.92764282226562
7,13.894981456820666,22.422960356009924,0.022422960356009925,306.4513854980469,177.92764282226562
7,14.065289324203354,22.422960356009924,0.022422960356009925,306.55450439453125,177.92764282226562
7,14.237684619322641,22.422960356009924,0.022422960356009925,306.6576232910156,177.92764282226562
7,14.412192927341573,22.422960356009924,0.022422960356009925,306.7607421875,177.92764282226562
7,14.588840147015164,22.422960356009924,0.022422960356009925,306.8638610839844,177.92764282226562
7,14.767705736337694,22.422960356009924,0.022422960356009925,306.9670104980469,177.92764282226562
7,14.948710401792377,22.422960356009924,0.022422960356009925,307.07012939453125,177.92764282226562
7,15.131933603389449,22.422960356009924,0.022422960356009925,307.1732482910156,177.92764282226562
7,15.31740253326015,22.422960356009924,0.022422960356009925,307.2763671875,177.92764282226562
7,15.505144716823935,22.422960356009924,0.022422960356009925,307.3794860839844,177.92764282226562
7,15.695188016873544,22.422960356009924,0.022422960356009925,307.48260498046875,177.92764282226562
7,15.887617917117558,22.422960356009924,0.022422960356009925,307.58575439453125,177.92764282226562
7,16.082349110798077,22.307363278455306,0.022307363278455308,307.6888732910156,177.9792251586914
7,16.279467083792518,22.19236213846321,0.02219236213846321,307.7919921875,178.0308074951172
7,16.479001090353318,22.19236213846321,0.02219236213846321,307.8951110839844,178.0308074951172
7,16.68098074329611,22.19236213846321,0.02219236213846321,307.99822998046875,178.0308074951172
7,16.885496895441207,22.19236213846321,0.02219236213846321,308.10137939453125,178.0308074951172
7,17.092458882032997,22.19236213846321,0.02219236213846321,308.2044982910156,178.0308074951172
7,17.30195755819686,22.19236213846321,0.02219236213846321,308.3076171875,178.0308074951172
7,17.51402401560374,22.19236213846321,0.02219236213846321,308.4107360839844,178.0308074951172
7,17.728689727008675,22.19236213846321,0.02219236213846321,308.51385498046875,178.0308074951172
7,17.94605125157007,22.19236213846321,0.02219236213846321,308.61700439453125,178.0308074951172
7,18.166012230006288,22.19236213846321,0.02219236213846321,308.7201232910156,178.0308074951172
7,18.388669223925604,22.19236213846321,0.02219236213846321,308.8232421875,178.0308074951172
7,18.61405527782315,22.1923282073557,0.0221923282073557,308.9263610839844,178.03082275390625
7,18.842203841213532,22.1923282073557,0.0221923282073557,309.02947998046875,178.03082275390625
7,19.07314877359499,22.1923282073557,0.0221923282073557,309.1325988769531,178.03082275390625
7,19.306993956710755,22.1923282073557,0.0221923282073557,309.2357482910156,178.03082275390625
7,19.543635723852077,22.1923282073557,0.0221923282073557,309.3388671875,178.03082275390625
7,19.78317795939782,22.1923282073557,0.0221923282073557,309.4419860839844,178.03082275390625
7,20.02565621377961,22.1923282073557,0.0221923282073557,309.54510498046875,178.03082275390625
7,20.271106473163268,22.1923282073557,0.0221923282073557,309.6482238769531,178.03082275390625
7,20.519639143958493,22.1923282073557,0.0221923282073557,309.7513732910156,178.03082275390625
7,20.77114404829605,22.1923282073557,0.0221923282073557,309.8544921875,178.03082275390625
7,21.025731595386844,22.1923282073557,0.0221923282073557,309.9576110839844,178.03082275390625
7,21.2834395685352,22.1923282073557,0.0221923282073557,310.06072998046875,178.03082275390625
7,21.544306214147472,22.1923282073557,0.0221923282073557,310.1638488769531,178.03082275390625
7,21.808370247408206,22.1923282073557,0.0221923282073557,310.2669677734375,178.03082275390625
7,22.075750447421203,22.1923282073557,0.0221923282073557,310.3701171875,178.03082275390625
7,22.346328280954573,22.1923282073557,0.0221923282073557,310.4732360839844,178.03082275390625
7,22.62022253012572,22.1923282073557,0.0221923282073557,310.57635498046875,178.03082275390625
7,22.89747384354411,22.1923282073557,0.0221923282073557,310.6794738769531,178.03082275390625
7,23.178123368040637,22.1923282073557,0.0221923282073557,310.7825927734375,178.03082275390625
7,23.46229734306793,22.1923282073557,0.0221923282073557,310.8857421875,178.03082275390625
7,23.749869790488145,22.1923282073557,0.0221923282073557,310.9888610839844,178.03082275390625
7,24.04096695295677,21.964135398058293,0.021964135398058294,311.09197998046875,178.13397216796875
7,24.335632032165353,21.964135398058293,0.021964135398058294,311.1950988769531,178.13397216796875
7,24.633908759319503,21.964135398058293,0.021964135398058294,311.2982177734375,178.13397216796875
7,24.9359313027946,21.964135398058293,0.021964135398058294,311.4013671875,178.13397216796875
7,25.24156577194286,21.964135398058293,0.021964135398058294,311.5044860839844,178.13397216796875
7,25.5509463385437,21.964135398058293,0.021964135398058294,311.60760498046875,178.13397216796875
7,25.86411891772631,21.964135398058293,0.021964135398058294,311.7107238769531,178.13397216796875
7,26.181129987391902,21.964135398058293,0.021964135398058294,311.8138427734375,178.13397216796875
7,26.502122142843188,21.964135398058293,0.021964135398058294,311.9169921875,178.13397216796875
7,26.82695308394874,21.964135398058293,0.021964135398058294,312.0201110839844,178.13397216796875
7,27.155765409629115,21.964135398058293,0.021964135398058294,312.12322998046875,178.13397216796875
7,27.488607918878255,21.964135398058293,0.021964135398058294,312.2263488769531,178.13397216796875
7,27.825530008809157,21.964135398058293,0.021964135398058294,312.3294677734375,178.13397216796875
7,28.166683230935295,21.964135398058293,0.021964135398058294,312.4326171875,178.13397216796875
7,28.51191634745376,21.964135398058293,0.021964135398058294,312.5357360839844,178.13397216796875
7,28.861380913723117,21.964135398058293,0.021964135398058294,312.63885498046875,178.13397216796875
7,29.21512879373362,21.964135398058293,0.021964135398058294,312.7419738769531,178.13397216796875
7,29.573212487161587,21.964135398058293,0.021964135398058294,312.8450927734375,178.13397216796875
7,29.935793064258323,21.964135398058293,0.021964135398058294,312.9482421875,178.13397216796875
7,30.302709788186778,21.964135398058293,0.021964135398058294,313.0513610839844,178.13397216796875
7,30.67412373328488,21.964135398058293,0.021964135398058294,313.15447998046875,178.13397216796875
7,31.050090021047303,21.964135398058293,0.021964135398058294,313.2575988769531,178.13397216796875
7,31.4306644485813,21.964135398058293,0.021964135398058294,313.3607177734375,178.13397216796875
7,31.816018202734583,21.964135398058293,0.021964135398058294,313.4638671875,178.13397216796875
7,32.205980451015016,21.964135398058293,0.021964135398058294,313.5669860839844,178.13397216796875
7,32.600722384613526,21.964135398058293,0.021964135398058294,313.67010498046875,178.13397216796875
7,33.00030258712854,21.85088699608246,0.02185088699608246,313.7732238769531,178.18556213378906
7,33.40478036020528,21.738222509672507,0.021738222509672507,313.8763427734375,178.23715209960938
7,33.81433764269701,21.738222509672507,0.021738222509672507,313.9794921875,178.23715209960938
7,34.228792872362625,21.738222509672507,0.021738222509672507,314.0826110839844,178.23715209960938
7,34.64832799267142,21.738222509672507,0.021738222509672507,314.18572998046875,178.23715209960938
7,35.0730052667754,21.738222509672507,0.021738222509672507,314.2888488769531,178.23715209960938
7,35.50288772097287,21.738222509672507,0.021738222509672507,314.3919677734375,178.23715209960938
7,35.93816872144108,21.738222509672507,0.021738222509672507,314.4951171875,178.23715209960938
7,36.378655302269415,21.738222509672507,0.021738222509672507,314.5982360839844,178.23715209960938
7,36.82454083454109,21.738222509672507,0.021738222509672507,314.70135498046875,178.23715209960938
7,37.275891492069235,21.738222509672507,0.021738222509672507,314.8044738769531,178.23715209960938
7,37.732774259745526,21.738222509672507,0.021738222509672507,314.9075927734375,178.23715209960938
7,38.19539464880535,21.738222509672507,0.021738222509672507,315.0107421875,178.23715209960938
7,38.663547573420075,21.738222509672507,0.021738222509672507,315.1138610839844,178.23715209960938
7,39.137438550039285,21.738222509672507,0.021738222509672507,315.21697998046875,178.23715209960938
7,39.61713790876038,21.738222509672507,0.021738222509672507,315.3200988769531,178.23715209960938
7,40.10271684170201,21.738222509672507,0.021738222509672507,315.4232177734375,178.23715209960938
7,40.59439376797181,21.738222509672507,0.021738222509672507,315.5263671875,178.23715209960938
7,41.09195072058815,21.738222509672507,0.021738222509672507,315.6294860839844,178.23715209960938
7,41.59560612420029,21.738222509672507,0.021738222509672507,315.73260498046875,178.23715209960938
7,42.10543472624032,21.738222509672507,0.021738222509672507,315.8357238769531,178.23715209960938
7,42.621512190303946,21.738222509672507,0.021738222509672507,315.9388427734375,178.23715209960938
7,43.14407065409628,21.738222509672507,0.021738222509672507,316.0419921875,178.23715209960938
7,43.67287846043563,21.626155460832692,0.021626155460832693,316.1451110839844,178.28873443603516
7,44.20816775291677,21.51466615119994,0.02151466615119994,316.24822998046875,178.34031677246094
7,44.750017973753145,21.51466615119994,0.02151466615119994,316.3513488769531,178.34031677246094
7,45.298509538864664,21.51466615119994,0.02151466615119994,316.4544677734375,178.34031677246094
7,45.85388916619981,21.51466615119994,0.02151466615119994,316.5576171875,178.34031677246094
7,46.415910648514526,21.51466615119994,0.02151466615119994,316.6607360839844,178.34031677246094
7,46.9848207100169,21.51466615119994,0.02151466615119994,316.76385498046875,178.34031677246094
7,47.560703782574215,21.51466615119994,0.02151466615119994,316.8669738769531,178.34031677246094
7,48.1436453329175,21.51466615119994,0.02151466615119994,316.9700927734375,178.34031677246094
7,48.73390757500321,21.51466615119994,0.02151466615119994,317.0732421875,178.34031677246094
7,49.331228837655914,21.51466615119994,0.02151466615119994,317.1763610839844,178.34031677246094
7,49.935871341484855,21.51466615119994,0.02151466615119994,317.27947998046875,178.34031677246094
7,50.547924821404415,21.51466615119994,0.02151466615119994,317.3825988769531,178.34031677246094
7,51.16748011219093,21.51466615119994,0.02151466615119994,317.4857177734375,178.34031677246094
7,51.79481589709147,21.51466615119994,0.02151466615119994,317.5888671875,178.34031677246094
7,52.429654069731306,21.51466615119994,0.02151466615119994,317.6919860839844,178.34031677246094
7,53.07227332042813,21.51466615119994,0.02151466615119994,317.79510498046875,178.34031677246094
7,53.72276902022028,21.51466615119994,0.02151466615119994,317.8982238769531,178.34031677246094
7,54.381237709088886,21.51466615119994,0.02151466615119994,318.0013427734375,178.34031677246094
7,55.047975573984566,21.51466615119994,0.02151466615119994,318.1044921875,178.34031677246094
7,55.72268704106161,21.40375160235557,0.02140375160235557,318.2076110839844,178.39189910888672
7,56.405668304785266,21.293408851235547,0.021293408851235547,318.31072998046875,178.4434814453125
7,57.09702072631499,21.293408851235547,0.021293408851235547,318.4138488769531,178.4434814453125
7,57.7968469091726,21.293408851235547,0.021293408851235547,318.5169677734375,178.4434814453125
7,58.50546164339521,21.293408851235547,0.021293408851235547,318.6201171875,178.4434814453125
7,59.22255079055888,21.293408851235547,0.021293408851235547,318.7232360839844,178.4434814453125
7,59.9484291486874,21.293408851235547,0.021293408851235547,318.82635498046875,178.4434814453125
7,60.683204445292304,21.293408851235547,0.021293408851235547,318.9294738769531,178.4434814453125
7,61.42698572827866,21.293408851235547,0.021293408851235547,319.0325927734375,178.4434814453125
7,62.18010755920387,21.293408851235547,0.021293408851235547,319.1357421875,178.4434814453125
7,62.94223606905059,21.293408851235547,0.021293408851235547,319.2388610839844,178.4434814453125
7,63.71370582786456,21.293408851235547,0.021293408851235547,319.34197998046875,178.4434814453125
7,64.49463132937107,21.293408851235547,0.021293408851235547,319.4450988769531,178.4434814453125
7,65.28512847062105,21.293408851235547,0.021293408851235547,319.5482177734375,178.4434814453125
7,66.08555282651369,21.293408851235547,0.021293408851235547,319.6513671875,178.4434814453125
7,66.89554955818724,21.293408851235547,0.021293408851235547,319.7544860839844,178.4434814453125
7,67.71547424956246,21.293408851235547,0.021293408851235547,319.85760498046875,178.4434814453125
7,68.54544858555481,21.293408851235547,0.021293408851235547,319.9607238769531,178.4434814453125
7,69.38559574254616,21.183634950051317,0.02118363495005132,320.0638427734375,178.49506378173828
7,70.23629362859607,21.07442696621107,0.02107442696621107,320.1669921875,178.54664611816406
7,71.097165117912,21.07442696621107,0.02107442696621107,320.2701110839844,178.54664611816406
7,71.96858812814156,21.07442696621107,0.02107442696621107,320.37322998046875,178.54664611816406
7,72.85069198705897,21.07442696621107,0.02107442696621107,320.4763488769531,178.54664611816406
7,73.74360760758174,21.07442696621107,0.02107442696621107,320.5794677734375,178.54664611816406
7,74.64773663364404,21.07442696621107,0.02107442696621107,320.6826171875,178.54664611816406
7,75.56267825271188,21.07442696621107,0.02107442696621107,320.7857360839844,178.54664611816406
7,76.48883411890962,21.07442696621107,0.02107442696621107,320.88885498046875,178.54664611816406
7,77.42634168290753,21.07442696621107,0.02107442696621107,320.9919738769531,178.54664611816406
7,78.3753400800797,21.07442696621107,0.02107442696621107,321.0950927734375,178.54664611816406
7,79.33625618105194,21.07442696621107,0.02107442696621107,321.1982421875,178.54664611816406
7,80.30866399881765,21.07442696621107,0.02107442696621107,321.3013610839844,178.54664611816406
7,81.29299041483299,21.07442696621107,0.02107442696621107,321.40447998046875,178.54664611816406
7,82.2893815128517,21.07442696621107,0.02107442696621107,321.5075988769531,178.54664611816406
7,83.29798516714555,21.07442696621107,0.02107442696621107,321.6107177734375,178.54664611816406
7,84.3192550594851,20.965781982241356,0.020965781982241357,321.7138671875,178.59822845458984
7,85.35273844721782,20.8576970957092,0.0208576970957092,321.8169860839844,178.64981079101562
7,86.39888902362487,20.8576970957092,0.0208576970957092,321.92010498046875,178.64981079101562
7,87.45786204777559,20.8576970957092,0.0208576970957092,322.0232238769531,178.64981079101562
7,88.529814681717,20.8576970957092,0.0208576970957092,322.1263427734375,178.64981079101562
7,89.61522910233495,20.8576970957092,0.0208576970957092,322.2294921875,178.64981079101562
7,90.71362413084631,20.8576970957092,0.0208576970957092,322.3326110839844,178.64981079101562
7,91.82548195637051,20.8576970957092,0.0208576970957092,322.43572998046875,178.64981079101562
7,92.95096758958098,20.8576970957092,0.0208576970957092,322.5388488769531,178.64981079101562
7,94.09024806365234,20.8576970957092,0.0208576970957092,322.6419677734375,178.64981079101562
7,95.24383584032364,20.8576970957092,0.0208576970957092,322.7451171875,178.64981079101562
7,96.41121951864805,20.8576970957092,0.0208576970957092,322.8482360839844,178.64981079101562
7,97.59291157336648,20.8576970957092,0.0208576970957092,322.95135498046875,178.64981079101562
7,98.78908737924128,20.8576970957092,0.0208576970957092,323.0544738769531,178.64981079101562
7,99.99992446056623,20.8576970957092,0.0208576970957092,323.1575927734375,178.64981079101562
7,101.22596746608284,20.750169419144527,0.020750169419144527,323.2607421875,178.7013931274414
7,102.46667287446867,20.643196079963047,0.02064319607996305,323.3638610839844,178.7529754638672
7,103.7225853482838,20.643196079963047,0.02064319607996305,323.46697998046875,178.7529754638672
7,104.99389127733305,20.643196079963047,0.02064319607996305,323.5700988769531,178.7529754638672
7,106.28077933596188,20.643196079963047,0.02064319607996305,323.6732177734375,178.7529754638672
7,107.58382838153489,20.643196079963047,0.02064319607996305,323.7763671875,178.7529754638672
7,108.90246075491822,20.643196079963047,0.02064319607996305,323.8794860839844,178.7529754638672
7,110.23725532816276,20.643196079963047,0.02064319607996305,323.98260498046875,178.7529754638672
7,111.58841019795533,20.643196079963047,0.02064319607996305,324.0857238769531,178.7529754638672
7,112.95612588901228,20.643196079963047,0.02064319607996305,324.1888427734375,178.7529754638672
7,114.34101761591634,20.643196079963047,0.02064319607996305,324.2919921875,178.7529754638672
7,115.74247143757474,20.643196079963047,0.02064319607996305,324.3951110839844,178.7529754638672
7,117.16110258417908,20.643196079963047,0.02064319607996305,324.49822998046875,178.7529754638672
7,118.59712159459106,20.643196079963047,0.02064319607996305,324.6013488769531,178.7529754638672
7,120.05074158820294,20.43090099738128,0.02043090099738128,324.7044677734375,178.85614013671875
7,121.52261642036176,20.43090099738128,0.02043090099738128,324.8076171875,178.85614013671875
7,123.01209358919652,20.43090099738128,0.02043090099738128,324.9107360839844,178.85614013671875
7,124.51982696664358,20.43090099738128,0.02043090099738128,325.01385498046875,178.85614013671875
7,126.04604031521492,20.43090099738128,0.02043090099738128,325.1169738769531,178.85614013671875
7,127.59096014003266,20.43090099738128,0.02043090099738128,325.2200927734375,178.85614013671875
7,129.15528136418047,20.43090099738128,0.02043090099738128,325.3232421875,178.85614013671875
7,130.7383105030604,20.43090099738128,0.02043090099738128,325.4263610839844,178.85614013671875
7,132.3407424973876,20.43090099738128,0.02043090099738128,325.52947998046875,178.85614013671875
7,133.96281516388322,20.43090099738128,0.02043090099738128,325.6325988769531,178.85614013671875
7,135.6047692341381,20.43090099738128,0.02043090099738128,325.7357177734375,178.85614013671875
7,137.26734327837926,20.43090099738128,0.02043090099738128,325.8388671875,178.85614013671875
7,138.94980025521468,20.325573582552575,0.020325573582552575,325.9419860839844,178.90772247314453
7,140.65287875361028,20.220789162098722,0.020220789162098723,326.04510498046875,178.9593048095703
7,142.3768315272216,20.220789162098722,0.020220789162098723,326.1482238769531,178.9593048095703
7,144.1219144276528,20.220789162098722,0.020220789162098723,326.2513427734375,178.9593048095703
7,145.88891241369,20.220789162098722,0.020220789162098723,326.3544921875,178.9593048095703
7,147.6770421514062,20.220789162098722,0.020220789162098723,326.4576110839844,178.9593048095703
7,149.48708861950294,20.220789162098722,0.020220789162098723,326.56072998046875,178.9593048095703
7,151.31932044673852,20.220789162098722,0.020220789162098723,326.6638488769531,178.9593048095703
7,153.17400955439706,20.220789162098722,0.020220789162098723,326.7669677734375,178.9593048095703
7,155.05143119664476,20.220789162098722,0.020220789162098723,326.8700866699219,178.9593048095703
7,156.9524298597883,20.220789162098722,0.020220789162098723,326.9732360839844,178.9593048095703
7,158.8761628056017,20.220789162098722,0.020220789162098723,327.07635498046875,178.9593048095703
7,160.82347454181732,20.11654493672104,0.02011654493672104,327.1794738769531,179.0108871459961
7,162.79465406871387,20.012838121552104,0.020012838121552103,327.2825927734375,179.06246948242188
7,164.78999392878515,20.012838121552104,0.020012838121552103,327.3857116699219,179.06246948242188
7,166.81039164933733,20.012838121552104,0.020012838121552103,327.4888610839844,179.06246948242188
7,168.85495156093947,20.012838121552104,0.020012838121552103,327.59197998046875,179.06246948242188
7,170.92457121366922,20.012838121552104,0.020012838121552103,327.6950988769531,179.06246948242188
7,173.01955775950657,20.012838121552104,0.020012838121552103,327.7982177734375,179.06246948242188
7,175.1402221151293,20.012838121552104,0.020012838121552103,327.9013366699219,179.06246948242188
7,177.28751818027345,20.012838121552104,0.020012838121552103,328.0044860839844,179.06246948242188
7,179.4604940297685,20.012838121552104,0.020012838121552103,328.10760498046875,179.06246948242188
7,181.66010358755253,20.012838121552104,0.020012838121552103,328.2107238769531,179.06246948242188
7,183.88667329739016,19.90965072559081,0.01990965072559081,328.3138427734375,179.1140594482422
7,186.14053360419925,19.806995370043797,0.0198069953700438,328.4169616699219,179.1656494140625
7,188.42201900309098,19.806995370043797,0.0198069953700438,328.52008056640625,179.1656494140625
7,190.73215573299584,19.806995370043797,0.0198069953700438,328.62322998046875,179.1656494140625
7,193.06991967929065,19.806995370043797,0.0198069953700438,328.7263488769531,179.1656494140625
7,195.43633710694309,19.806995370043797,0.0198069953700438,328.8294677734375,179.1656494140625
7,197.8317592156518,19.806995370043797,0.0198069953700438,328.9325866699219,179.1656494140625
7,200.25654150969692,19.806995370043797,0.0198069953700438,329.03570556640625,179.1656494140625
7,202.71177468463534,19.806995370043797,0.0198069953700438,329.13885498046875,179.1656494140625
7,205.19637030264207,19.806995370043797,0.0198069953700438,329.2419738769531,179.1656494140625
7,207.7114190869467,19.806995370043797,0.0198069953700438,329.3450927734375,179.1656494140625
7,210.2572942956082,19.603299793957042,0.019603299793957044,329.4482116699219,179.26881408691406
7,212.8343737616308,19.603299793957042,0.019603299793957044,329.55133056640625,179.26881408691406
7,215.44303994903916,19.603299793957042,0.019603299793957044,329.6544494628906,179.26881408691406
7,218.08446626652528,19.603299793957042,0.019603299793957044,329.7575988769531,179.26881408691406
7,220.75748173434465,19.603299793957042,0.019603299793957044,329.8607177734375,179.26881408691406
7,223.46325979096054,19.603299793957042,0.019603299793957044,329.9638366699219,179.26881408691406
7,226.20220200053808,19.603299793957042,0.019603299793957044,330.06695556640625,179.26881408691406
7,228.9747148491297,19.603299793957042,0.019603299793957044,330.1700744628906,179.26881408691406
7,231.78204544558076,19.603299793957042,0.019603299793957044,330.2732238769531,179.26881408691406
7,234.62294926255265,19.50223891124442,0.01950223891124442,330.3763427734375,179.32039642333984
7,237.49867344053123,19.401699027655514,0.019401699027655515,330.4794616699219,179.37197875976562
7,240.4096447653631,19.401699027655514,0.019401699027655515,330.58258056640625,179.37197875976562
7,243.35629525391928,19.401699027655514,0.019401699027655515,330.6856994628906,179.37197875976562
7,246.33995034420033,19.401699027655514,0.019401699027655515,330.7888488769531,179.37197875976562
7,249.35928734185322,19.401699027655514,0.019401699027655515,330.8919677734375,179.37197875976562
7,252.41563171850677,19.401699027655514,0.019401699027655515,330.9950866699219,179.37197875976562
7,255.50943706582748,19.401699027655514,0.019401699027655515,331.09820556640625,179.37197875976562
7,258.6411625350596,19.401699027655514,0.019401699027655515,331.2013244628906,179.37197875976562
7,261.8112729051674,19.401699027655514,0.019401699027655515,331.304443359375,179.37197875976562
7,265.02119412903164,19.202171528069314,0.019202171528069314,331.4075927734375,179.4751434326172
7,268.26950320548417,19.202171528069314,0.019202171528069314,331.5107116699219,179.4751434326172
7,271.55762612358376,19.202171528069314,0.019202171528069314,331.61383056640625,179.4751434326172
7,274.8860508732197,19.202171528069314,0.019202171528069314,331.7169494628906,179.4751434326172
7,278.2552714254708,19.202171528069314,0.019202171528069314,331.820068359375,179.4751434326172
7,281.66680329531573,19.202171528069314,0.019202171528069314,331.9232177734375,179.4751434326172
7,285.1191341048814,19.202171528069314,0.019202171528069314,332.0263366699219,179.4751434326172
7,288.6137794075973,19.202171528069314,0.019202171528069314,332.12945556640625,179.4751434326172
7,292.1512578433126,19.202171528069314,0.019202171528069314,332.2325744628906,179.4751434326172
7,295.73209440873615,19.004695973677933,0.019004695973677932,332.335693359375,179.57830810546875
7,299.3568205353512,19.004695973677933,0.019004695973677932,332.4388122558594,179.57830810546875
7,303.0270666675447,19.004695973677933,0.019004695973677932,332.5419616699219,179.57830810546875
7,306.74120573593837,19.004695973677933,0.019004695973677932,332.64508056640625,179.57830810546875
7,310.50086822628595,19.004695973677933,0.019004695973677932,332.7481994628906,179.57830810546875
7,314.30661210960255,19.004695973677933,0.019004695973677932,332.851318359375,179.57830810546875
7,318.1590021958369,19.004695973677933,0.019004695973677932,332.9544372558594,179.57830810546875
7,322.0597713352991,19.004695973677933,0.019004695973677932,333.0575866699219,179.57830810546875
7,326.0071902646672,18.906721072973877,0.01890672107297388,333.16070556640625,179.62989044189453
7,330.00299187821633,18.809251262231857,0.018809251262231857,333.2638244628906,179.6814727783203
7,334.04776919233785,18.809251262231857,0.018809251262231857,333.366943359375,179.6814727783203
7,338.14212249190035,18.809251262231857,0.018809251262231857,333.4700622558594,179.6814727783203
7,342.2878934651094,18.809251262231857,0.018809251262231857,333.5732116699219,179.6814727783203
7,346.4832442360413,18.809251262231857,0.018809251262231857,333.67633056640625,179.6814727783203
7,350.730016539628,18.809251262231857,0.018809251262231857,333.7794494628906,179.6814727783203
7,355.0288406387879,18.809251262231857,0.018809251262231857,333.882568359375,179.6814727783203
7,359.3803545214396,18.71228393756182,0.018712283937561823,333.9856872558594,179.7330551147461
7,363.7865155496397,18.61581650849755,0.01861581650849755,334.0888366699219,179.78463745117188
7,368.2453704130568,18.61581650849755,0.01861581650849755,334.19195556640625,179.78463745117188
7,372.75887652340947,18.61581650849755,0.01861581650849755,334.2950744628906,179.78463745117188
7,377.32770372954496,18.61581650849755,0.01861581650849755,334.398193359375,179.78463745117188
7,381.95253009050737,18.61581650849755,0.01861581650849755,334.5013122558594,179.78463745117188
7,386.6354359075164,18.61581650849755,0.01861581650849755,334.6044616699219,179.78463745117188
7,391.3743451855612,18.61581650849755,0.01861581650849755,334.70758056640625,179.78463745117188
7,396.1713382786413,18.424371042025694,0.018424371042025694,334.8106994628906,179.88780212402344
7,401.02712710787097,18.424371042025694,0.018424371042025694,334.913818359375,179.88780212402344
7,405.9424323202305,18.424371042025694,0.018424371042025694,335.0169372558594,179.88780212402344
7,410.9194648777391,18.424371042025694,0.018424371042025694,335.1200866699219,179.88780212402344
7,415.9560183950532,18.424371042025694,0.018424371042025694,335.22320556640625,179.88780212402344
7,421.0543038902875,18.424371042025694,0.018424371042025694,335.3263244628906,179.88780212402344
7,426.21507799932044,18.424371042025694,0.018424371042025694,335.429443359375,179.88780212402344
7,431.43910663195896,18.329387890183778,0.01832938789018378,335.5325622558594,179.93938446044922
7,436.7287396176424,18.234894404942334,0.018234894404942335,335.6357116699219,179.990966796875
7,442.08163199106133,18.234894404942334,0.018234894404942335,335.73883056640625,179.990966796875
7,447.5001336412741,18.234894404942334,0.018234894404942335,335.8419494628906,179.990966796875
7,452.98504872739665,18.234894404942334,0.018234894404942335,335.945068359375,179.990966796875
7,458.5371912649557,18.234894404942334,0.018234894404942335,336.0481872558594,179.990966796875
7,464.159058672879,18.234894404942334,0.018234894404942335,336.1513366699219,179.990966796875
7,469.8481587018778,18.234894404942334,0.018234894404942335,336.25445556640625,179.990966796875
7,475.60698883424357,18.047366349762715,0.018047366349762714,336.3575744628906,180.09413146972656
7,481.43640373719785,18.047366349762715,0.018047366349762714,336.460693359375,180.09413146972656
7,487.33726855343843,18.047366349762715,0.018047366349762714,336.5638122558594,180.09413146972656
7,493.31223756127156,18.047366349762715,0.018047366349762714,336.6669616699219,180.09413146972656
7,499.3586619767287,18.047366349762715,0.018047366349762714,336.77008056640625,180.09413146972656
7,505.47919614545805,18.047366349762715,0.018047366349762714,336.8731994628906,180.09413146972656
7,511.6747484151297,17.954326770043217,0.017954326770043216,336.976318359375,180.14571380615234
7,517.9462382668403,17.86176683722768,0.01786176683722768,337.0794372558594,180.19729614257812
7,524.2964866903886,17.86176683722768,0.01786176683722768,337.1825866699219,180.19729614257812
7,530.7226785354053,17.86176683722768,0.01786176683722768,337.28570556640625,180.19729614257812
7,537.2276348632619,17.86176683722768,0.01786176683722768,337.3888244628906,180.19729614257812
7,543.8123210736704,17.86176683722768,0.01786176683722768,337.491943359375,180.19729614257812
7,550.4777143990445,17.86176683722768,0.01786176683722768,337.5950622558594,180.19729614257812
7,557.2268130115923,17.769656909557767,0.017769656909557768,337.6982116699219,180.24889373779297
7,564.0566249453012,17.6780490051919,0.017678049005191904,337.80133056640625,180.30047607421875
7,570.9701484484477,17.6780490051919,0.017678049005191904,337.9044494628906,180.30047607421875
7,577.9684095561445,17.6780490051919,0.017678049005191904,338.007568359375,180.30047607421875
7,585.0524468794009,17.6780490051919,0.017678049005191904,338.1106872558594,180.30047607421875
7,592.2254469014134,17.6780490051919,0.017678049005191904,338.2138366699219,180.30047607421875
7,599.4842297349827,17.586913367014677,0.017586913367014678,338.31695556640625,180.35205841064453
7,606.8319819441521,17.496247560352433,0.017496247560352434,338.4200744628906,180.4036407470703
7,614.2697940078588,17.496247560352433,0.017496247560352434,338.523193359375,180.4036407470703
7,621.7987697708118,17.496247560352433,0.017496247560352434,338.6263122558594,180.4036407470703
7,629.4222958547439,17.496247560352433,0.017496247560352434,338.7294616699219,180.4036407470703
7,637.1369926482046,17.496247560352433,0.017496247560352434,338.83258056640625,180.4036407470703
7,644.9462468588516,17.496247560352433,0.017496247560352434,338.9356994628906,180.4036407470703
7,652.8512174570733,17.406049163082965,0.017406049163082967,339.038818359375,180.4552230834961
7,660.8530776185153,17.31631576557084,0.01731631576557084,339.1419372558594,180.50680541992188
7,668.9554266738672,17.31631576557084,0.01731631576557084,339.2450866699219,180.50680541992188
7,677.1546727430285,17.31631576557084,0.01731631576557084,339.34820556640625,180.50680541992188
7,685.4544152480083,17.31631576557084,0.01731631576557084,339.4513244628906,180.50680541992188
7,693.8558859525004,17.31631576557084,0.01731631576557084,339.554443359375,180.50680541992188
7,702.3603317176651,17.22704497060302,0.017227044970603022,339.6575622558594,180.55838775634766
7,710.9715779430996,17.138234393324808,0.01713823439332481,339.7607116699219,180.60997009277344
7,719.6858071477569,17.138234393324808,0.01713823439332481,339.86383056640625,180.60997009277344
7,728.5068448282902,17.138234393324808,0.01713823439332481,339.9669494628906,180.60997009277344
7,737.4360001137395,17.138234393324808,0.01713823439332481,340.070068359375,180.60997009277344
7,746.4745981788665,17.138234393324808,0.01713823439332481,340.1731872558594,180.60997009277344
7,755.6267046912465,16.961984413828276,0.016961984413828277,340.2763366699219,180.713134765625
7,764.8882623992064,16.961984413828276,0.016961984413828277,340.37945556640625,180.713134765625
7,774.2633370734744,16.961984413828276,0.016961984413828277,340.4825744628906,180.713134765625
7,783.7533200676484,16.961984413828276,0.016961984413828277,340.585693359375,180.713134765625
7,793.359619788854,16.961984413828276,0.016961984413828277,340.6888122558594,180.713134765625
7,803.0865572635423,16.961984413828276,0.016961984413828277,340.7919616699219,180.713134765625
7,812.9298204097573,16.787546992997907,0.016787546992997907,340.89508056640625,180.81629943847656
7,822.8937303635788,16.787546992997907,0.016787546992997907,340.9981994628906,180.81629943847656
7,832.9797658675714,16.787546992997907,0.016787546992997907,341.101318359375,180.81629943847656
7,843.1894237889348,16.787546992997907,0.016787546992997907,341.2044372558594,180.81629943847656
7,853.5272965517258,16.787546992997907,0.016787546992997907,341.3075866699219,180.81629943847656
7,863.988801238174,16.70100215944825,0.016701002159448253,341.41070556640625,180.86788177490234
7,874.5785303888505,16.61490349044052,0.01661490349044052,341.5138244628906,180.91946411132812
7,885.2980556240641,16.61490349044052,0.01661490349044052,341.616943359375,180.91946411132812
7,896.1489678271437,16.61490349044052,0.01661490349044052,341.7200622558594,180.91946411132812
7,907.1361478658507,16.61490349044052,0.01661490349044052,341.8232116699219,180.91946411132812
7,918.2547249757862,16.61490349044052,0.01661490349044052,341.92633056640625,180.91946411132812
7,929.5095801485465,16.44403545746113,0.01644403545746113,342.0294494628906,181.0226287841797
7,940.902383715706,16.44403545746113,0.01644403545746113,342.132568359375,181.0226287841797
7,952.434826481742,16.44403545746113,0.01644403545746113,342.2356872558594,181.0226287841797
7,964.1120958748681,16.44403545746113,0.01644403545746113,342.3388366699219,181.0226287841797
7,975.9290152048114,16.44403545746113,0.01644403545746113,342.44195556640625,181.0226287841797
7,987.8907720313985,16.359261528777918,0.016359261528777917,342.5450744628906,181.07421112060547
7,999.9991415973846,16.274924635091548,0.01627492463509155,342.648193359375,181.12579345703125
8,4.210543906345235,28.148903504846682,0.028148903504846685,296.3451232910156,175.65798950195312
8,4.262167024398997,28.148903504846682,0.028148903504846685,296.4482727050781,175.65798950195312
8,4.31440750982965,28.148903504846682,0.028148903504846685,296.5513916015625,175.65798950195312
8,4.367288295910748,28.148903504846682,0.028148903504846685,296.6545104980469,175.65798950195312
8,4.420817230672791,28.148903504846682,0.028148903504846685,296.75762939453125,175.65798950195312
8,4.4750022583379385,28.148903504846682,0.028148903504846685,296.8607482910156,175.65798950195312
8,4.5298677519680846,28.148903504846682,0.028148903504846685,296.9638977050781,175.65798950195312
8,4.585389388953401,28.148903504846682,0.028148903504846685,297.0670166015625,175.65798950195312
8,4.641591542974163,28.148903504846682,0.028148903504846685,297.1701354980469,175.65798950195312
8,4.6984825549846505,28.148903504846682,0.028148903504846685,297.27325439453125,175.65798950195312
8,4.75607086817246,28.148903504846682,0.028148903504846685,297.3763732910156,175.65798950195312
8,4.814382386437294,28.148903504846682,0.028148903504846685,297.4795227050781,175.65798950195312
8,4.87339125950034,28.148903504846682,0.028148903504846685,297.5826416015625,175.65798950195312
8,4.93312339191852,28.148903504846682,0.028148903504846685,297.6857604980469,175.65798950195312
8,4.993587648529736,28.148903504846682,0.028148903504846685,297.78887939453125,175.65798950195312
8,5.054793002826355,28.148903504846682,0.028148903504846685,297.8919982910156,175.65798950195312
8,5.116766985695646,28.148903504846682,0.028148903504846685,297.9951477050781,175.65798950195312
8,5.179482123239082,28.148903504846682,0.028148903504846685,298.0982666015625,175.65798950195312
8,5.242965947042431,28.148903504846682,0.028148903504846685,298.2013854980469,175.65798950195312
8,5.307227878731629,28.148903504846682,0.028148903504846685,298.30450439453125,175.65798950195312
8,5.372277455411493,28.148903504846682,0.028148903504846685,298.4076232910156,175.65798950195312
8,5.4381439371456795,28.148903504846682,0.028148903504846685,298.5107727050781,175.65798950195312
8,5.504798124438658,28.148903504846682,0.028148903504846685,298.6138916015625,175.65798950195312
8,5.572269278096456,27.85941956200182,0.02785941956200182,298.7170104980469,175.7611541748047
8,5.6405674115041,27.85941956200182,0.02785941956200182,298.82012939453125,175.7611541748047
8,5.70970266077858,27.85941956200182,0.02785941956200182,298.9232482910156,175.7611541748047
8,5.77970612376707,27.85941956200182,0.02785941956200182,299.0263977050781,175.7611541748047
8,5.8505467669947215,27.85941956200182,0.02785941956200182,299.1295166015625,175.7611541748047
8,5.922255689097706,27.85941956200182,0.02785941956200182,299.2326354980469,175.7611541748047
8,5.994843532387713,27.85941956200182,0.02785941956200182,299.33575439453125,175.7611541748047
8,6.068321069617005,27.85941956200182,0.02785941956200182,299.4388732910156,175.7611541748047
8,6.142721351844888,27.85941956200182,0.02785941956200182,299.5420227050781,175.7611541748047
8,6.218011396427515,27.85941956200182,0.02785941956200182,299.6451416015625,175.7611541748047
8,6.2942242552627485,27.85941956200182,0.02785941956200182,299.7482604980469,175.7611541748047
8,6.371371239090928,27.85941956200182,0.02785941956200182,299.85137939453125,175.7611541748047
8,6.449463797285767,27.85941956200182,0.02785941956200182,299.9544982910156,175.7611541748047
8,6.528537056797209,27.85941956200182,0.02785941956200182,300.0576477050781,175.7611541748047
8,6.6085559633878495,27.85941956200182,0.02785941956200182,300.1607666015625,175.7611541748047
8,6.68955564489885,27.85941956200182,0.02785941956200182,300.2638854980469,175.7611541748047
8,6.771548122482281,27.85941956200182,0.02785941956200182,300.36700439453125,175.7611541748047
8,6.854545564630945,27.85941956200182,0.02785941956200182,300.4701232910156,175.7611541748047
8,6.938585304569197,27.85941956200182,0.02785941956200182,300.5732727050781,175.7611541748047
8,7.02363008635219,27.85941956200182,0.02785941956200182,300.6763916015625,175.7611541748047
8,7.109717244151483,27.85941956200182,0.02785941956200182,300.7795104980469,175.7611541748047
8,7.196859554150825,27.85941956200182,0.02785941956200182,300.88262939453125,175.7611541748047
8,7.28506994912897,27.85941956200182,0.02785941956200182,300.9857482910156,175.7611541748047
8,7.37438810715769,27.85941956200182,0.02785941956200182,301.0888977050781,175.7611541748047
8,7.464774432298544,27.85941956200182,0.02785941956200182,301.1920166015625,175.7611541748047
8,7.556268603629988,27.85941956200182,0.02785941956200182,301.2951354980469,175.7611541748047
8,7.648884199789945,27.85941956200182,0.02785941956200182,301.39825439453125,175.7611541748047
8,7.7426349658468485,27.85941956200182,0.02785941956200182,301.5013732910156,175.7611541748047
8,7.837563071996453,27.85941956200182,0.02785941956200182,301.6045227050781,175.7611541748047
8,7.9336264353350066,27.85941956200182,0.02785941956200182,301.7076416015625,175.7611541748047
8,8.030867227128189,27.85941956200182,0.02785941956200182,301.8107604980469,175.7611541748047
8,8.129299878869109,27.85941956200182,0.02785941956200182,301.91387939453125,175.7611541748047
8,8.228938998934645,27.85941956200182,0.02785941956200182,302.0169982910156,175.7611541748047
8,8.329829406171356,27.85941956200182,0.02785941956200182,302.1201477050781,175.7611541748047
8,8.43192637450738,27.85941956200182,0.02785941956200182,302.2232666015625,175.7611541748047
8,8.535274723926394,27.85941956200182,0.02785941956200182,302.3263854980469,175.7611541748047
8,8.639889792343325,27.71579590871947,0.027715795908719473,302.42950439453125,175.81273651123047
8,8.745787105666706,27.57291267839304,0.027572912678393038,302.5326232910156,175.86431884765625
8,8.85301429775192,27.57291267839304,0.027572912678393038,302.6357727050781,175.86431884765625
8,8.961523833345327,27.57291267839304,0.027572912678393038,302.7388916015625,175.86431884765625
8,9.071363347510852,27.57291267839304,0.027572912678393038,302.8420104980469,175.86431884765625
8,9.182549141516338,27.57291267839304,0.027572912678393038,302.94512939453125,175.86431884765625
8,9.295097716430826,27.57291267839304,0.027572912678393038,303.0482482910156,175.86431884765625
8,9.409059697925297,27.57291267839304,0.027572912678393038,303.1513977050781,175.86431884765625
8,9.524384565123553,27.57291267839304,0.027572912678393038,303.2545166015625,175.86431884765625
8,9.641122944981023,27.57291267839304,0.027572912678393038,303.3576354980469,175.86431884765625
8,9.759292162625286,27.57291267839304,0.027572912678393038,303.46075439453125,175.86431884765625
8,9.878909755534377,27.57291267839304,0.027572912678393038,303.5638732910156,175.86431884765625
8,10.000029529106593,27.57291267839304,0.027572912678393038,303.6670227050781,175.86431884765625
8,10.122597789320436,27.57291267839304,0.027572912678393038,303.7701416015625,175.86431884765625
8,10.246668342939325,27.57291267839304,0.027572912678393038,303.8732604980469,175.86431884765625
8,10.37225960325778,27.57291267839304,0.027572912678393038,303.97637939453125,175.86431884765625
8,10.49939020925822,27.57291267839304,0.027572912678393038,304.0794982910156,175.86431884765625
8,10.628117345780474,27.57291267839304,0.027572912678393038,304.1826477050781,175.86431884765625
8,10.758383946356927,27.57291267839304,0.027572912678393038,304.2857666015625,175.86431884765625
8,10.890247197278278,27.57291267839304,0.027572912678393038,304.3888854980469,175.86431884765625
8,11.023726668352232,27.57291267839304,0.027572912678393038,304.49200439453125,175.86431884765625
8,11.15884216924951,27.57291267839304,0.027572912678393038,304.5951232910156,175.86431884765625
8,11.295654476509478,27.57291267839304,0.027572912678393038,304.6982727050781,175.86431884765625
8,11.434102939399777,27.57291267839304,0.027572912678393038,304.8013916015625,175.86431884765625
8,11.57424833600176,27.57291267839304,0.027572912678393038,304.9045104980469,175.86431884765625
8,11.716111465275283,27.57291267839304,0.027572912678393038,305.00762939453125,175.86431884765625
8,11.859713381108673,27.57291267839304,0.027572912678393038,305.1107482910156,175.86431884765625
8,12.005075395443363,27.57291267839304,0.027572912678393038,305.2138671875,175.86431884765625
8,12.152262893820799,27.57291267839304,0.027572912678393038,305.3170166015625,175.86431884765625
8,12.30121062604713,27.57291267839304,0.027572912678393038,305.4201354980469,175.86431884765625
8,12.451983979322751,27.57291267839304,0.027572912678393038,305.52325439453125,175.86431884765625
8,12.60460532990116,27.289352237877676,0.027289352237877675,305.6263732910156,175.9674835205078
8,12.759097328296894,27.289352237877676,0.027289352237877675,305.7294921875,175.9674835205078
8,12.915529466825491,27.289352237877676,0.027289352237877675,305.8326416015625,175.9674835205078
8,13.073832397020023,27.289352237877676,0.027289352237877675,305.9357604980469,175.9674835205078
8,13.234075612959126,27.289352237877676,0.027289352237877675,306.03887939453125,175.9674835205078
8,13.396282896317393,27.289352237877676,0.027289352237877675,306.1419982910156,175.9674835205078
8,13.560478320256383,27.289352237877676,0.027289352237877675,306.2451171875,175.9674835205078
8,13.726686252997334,27.289352237877676,0.027289352237877675,306.3482360839844,175.9674835205078
8,13.894981456820666,27.289352237877676,0.027289352237877675,306.4513854980469,175.9674835205078
8,14.065289324203354,27.289352237877676,0.027289352237877675,306.55450439453125,175.9674835205078
8,14.237684619322641,27.289352237877676,0.027289352237877675,306.6576232910156,175.9674835205078
8,14.412192927341573,27.289352237877676,0.027289352237877675,306.7607421875,175.9674835205078
8,14.588840147015164,27.289352237877676,0.027289352237877675,306.8638610839844,175.9674835205078
8,14.767705736337694,27.289352237877676,0.027289352237877675,306.9670104980469,175.9674835205078
8,14.948710401792377,27.289352237877676,0.027289352237877675,307.07012939453125,175.9674835205078
8,15.131933603389449,27.289352237877676,0.027289352237877675,307.1732482910156,175.9674835205078
8,15.31740253326015,27.289352237877676,0.027289352237877675,307.2763671875,175.9674835205078
8,15.505144716823935,27.289352237877676,0.027289352237877675,307.3794860839844,175.9674835205078
8,15.695188016873544,27.289352237877676,0.027289352237877675,307.48260498046875,175.9674835205078
8,15.887617917117558,27.289352237877676,0.027289352237877675,307.58575439453125,175.9674835205078
8,16.082349110798077,27.289352237877676,0.027289352237877675,307.6888732910156,175.9674835205078
8,16.279467083792518,27.289352237877676,0.027289352237877675,307.7919921875,175.9674835205078
8,16.479001090353318,27.289352237877676,0.027289352237877675,307.8951110839844,175.9674835205078
8,16.68098074329611,27.289352237877676,0.027289352237877675,307.99822998046875,175.9674835205078
8,16.885496895441207,27.289352237877676,0.027289352237877675,308.10137939453125,175.9674835205078
8,17.092458882032997,27.289352237877676,0.027289352237877675,308.2044982910156,175.9674835205078
8,17.30195755819686,27.00870793917015,0.02700870793917015,308.3076171875,176.07064819335938
8,17.51402401560374,27.00870793917015,0.02700870793917015,308.4107360839844,176.07064819335938
8,17.728689727008675,27.00870793917015,0.02700870793917015,308.51385498046875,176.07064819335938
8,17.94605125157007,27.00870793917015,0.02700870793917015,308.61700439453125,176.07064819335938
8,18.166012230006288,27.00870793917015,0.02700870793917015,308.7201232910156,176.07064819335938
8,18.388669223925604,27.00870793917015,0.02700870793917015,308.8232421875,176.07064819335938
8,18.61405527782315,27.008666644090038,0.02700866664409004,308.9263610839844,176.07066345214844
8,18.842203841213532,27.008666644090038,0.02700866664409004,309.02947998046875,176.07066345214844
8,19.07314877359499,27.008666644090038,0.02700866664409004,309.1325988769531,176.07066345214844
8,19.306993956710755,27.008666644090038,0.02700866664409004,309.2357482910156,176.07066345214844
8,19.543635723852077,27.008666644090038,0.02700866664409004,309.3388671875,176.07066345214844
8,19.78317795939782,27.008666644090038,0.02700866664409004,309.4419860839844,176.07066345214844
8,20.02565621377961,27.008666644090038,0.02700866664409004,309.54510498046875,176.07066345214844
8,20.271106473163268,27.008666644090038,0.02700866664409004,309.6482238769531,176.07066345214844
8,20.519639143958493,27.008666644090038,0.02700866664409004,309.7513732910156,176.07066345214844
8,20.77114404829605,27.008666644090038,0.02700866664409004,309.8544921875,176.07066345214844
8,21.025731595386844,27.008666644090038,0.02700866664409004,309.9576110839844,176.07066345214844
8,21.2834395685352,27.008666644090038,0.02700866664409004,310.06072998046875,176.07066345214844
8,21.544306214147472,27.008666644090038,0.02700866664409004,310.1638488769531,176.07066345214844
8,21.808370247408206,27.008666644090038,0.02700866664409004,310.2669677734375,176.07066345214844
8,22.075750447421203,27.008666644090038,0.02700866664409004,310.3701171875,176.07066345214844
8,22.346328280954573,27.008666644090038,0.02700866664409004,310.4732360839844,176.07066345214844
8,22.62022253012572,26.869428876947175,0.026869428876947175,310.57635498046875,176.12224578857422
8,22.89747384354411,26.730908922203362,0.026730908922203363,310.6794738769531,176.173828125
8,23.178123368040637,26.730908922203362,0.026730908922203363,310.7825927734375,176.173828125
8,23.46229734306793,26.730908922203362,0.026730908922203363,310.8857421875,176.173828125
8,23.749869790488145,26.730908922203362,0.026730908922203363,310.9888610839844,176.173828125
8,24.04096695295677,26.730908922203362,0.026730908922203363,311.09197998046875,176.173828125
8,24.335632032165353,26.730908922203362,0.026730908922203363,311.1950988769531,176.173828125
8,24.633908759319503,26.730908922203362,0.026730908922203363,311.2982177734375,176.173828125
8,24.9359313027946,26.730908922203362,0.026730908922203363,311.4013671875,176.173828125
8,25.24156577194286,26.730908922203362,0.026730908922203363,311.5044860839844,176.173828125
8,25.5509463385437,26.730908922203362,0.026730908922203363,311.60760498046875,176.173828125
8,25.86411891772631,26.730908922203362,0.026730908922203363,311.7107238769531,176.173828125
8,26.181129987391902,26.730908922203362,0.026730908922203363,311.8138427734375,176.173828125
8,26.502122142843188,26.730908922203362,0.026730908922203363,311.9169921875,176.173828125
8,26.82695308394874,26.730908922203362,0.026730908922203363,312.0201110839844,176.173828125
8,27.155765409629115,26.730908922203362,0.026730908922203363,312.12322998046875,176.173828125
8,27.488607918878255,26.730908922203362,0.026730908922203363,312.2263488769531,176.173828125
8,27.825530008809157,26.730908922203362,0.026730908922203363,312.3294677734375,176.173828125
8,28.166683230935295,26.730908922203362,0.026730908922203363,312.4326171875,176.173828125
8,28.51191634745376,26.730908922203362,0.026730908922203363,312.5357360839844,176.173828125
8,28.861380913723117,26.593103079320656,0.026593103079320658,312.63885498046875,176.22541046142578
8,29.21512879373362,26.4560076668385,0.026456007666838498,312.7419738769531,176.27699279785156
8,29.573212487161587,26.4560076668385,0.026456007666838498,312.8450927734375,176.27699279785156
8,29.935793064258323,26.4560076668385,0.026456007666838498,312.9482421875,176.27699279785156
8,30.302709788186778,26.4560076668385,0.026456007666838498,313.0513610839844,176.27699279785156
8,30.67412373328488,26.4560076668385,0.026456007666838498,313.15447998046875,176.27699279785156
8,31.050090021047303,26.4560076668385,0.026456007666838498,313.2575988769531,176.27699279785156
8,31.4306644485813,26.4560076668385,0.026456007666838498,313.3607177734375,176.27699279785156
8,31.816018202734583,26.4560076668385,0.026456007666838498,313.4638671875,176.27699279785156
8,32.205980451015016,26.4560076668385,0.026456007666838498,313.5669860839844,176.27699279785156
8,32.600722384613526,26.4560076668385,0.026456007666838498,313.67010498046875,176.27699279785156
8,33.00030258712854,26.4560076668385,0.026456007666838498,313.7732238769531,176.27699279785156
8,33.40478036020528,26.4560076668385,0.026456007666838498,313.8763427734375,176.27699279785156
8,33.81433764269701,26.4560076668385,0.026456007666838498,313.9794921875,176.27699279785156
8,34.228792872362625,26.4560076668385,0.026456007666838498,314.0826110839844,176.27699279785156
8,34.64832799267142,26.4560076668385,0.026456007666838498,314.18572998046875,176.27699279785156
8,35.0730052667754,26.4560076668385,0.026456007666838498,314.2888488769531,176.27699279785156
8,35.50288772097287,26.4560076668385,0.026456007666838498,314.3919677734375,176.27699279785156
8,35.93816872144108,26.4560076668385,0.026456007666838498,314.4951171875,176.27699279785156
8,36.378655302269415,26.183933502030907,0.02618393350203091,314.5982360839844,176.38015747070312
8,36.82454083454109,26.183933502030907,0.02618393350203091,314.70135498046875,176.38015747070312
8,37.275891492069235,26.183933502030907,0.02618393350203091,314.8044738769531,176.38015747070312
8,37.732774259745526,26.183933502030907,0.02618393350203091,314.9075927734375,176.38015747070312
8,38.19539464880535,26.183933502030907,0.02618393350203091,315.0107421875,176.38015747070312
8,38.663547573420075,26.183933502030907,0.02618393350203091,315.1138610839844,176.38015747070312
8,39.137438550039285,26.183933502030907,0.02618393350203091,315.21697998046875,176.38015747070312
8,39.61713790876038,26.183933502030907,0.02618393350203091,315.3200988769531,176.38015747070312
8,40.10271684170201,26.183933502030907,0.02618393350203091,315.4232177734375,176.38015747070312
8,40.59439376797181,26.183933502030907,0.02618393350203091,315.5263671875,176.38015747070312
8,41.09195072058815,26.183933502030907,0.02618393350203091,315.6294860839844,176.38015747070312
8,41.59560612420029,26.183933502030907,0.02618393350203091,315.73260498046875,176.38015747070312
8,42.10543472624032,26.183933502030907,0.02618393350203091,315.8357238769531,176.38015747070312
8,42.621512190303946,26.183933502030907,0.02618393350203091,315.9388427734375,176.38015747070312
8,43.14407065409628,26.183933502030907,0.02618393350203091,316.0419921875,176.38015747070312
8,43.67287846043563,26.183933502030907,0.02618393350203091,316.1451110839844,176.38015747070312
8,44.20816775291677,26.048947481288657,0.026048947481288658,316.24822998046875,176.4317398071289
8,44.750017973753145,25.914657353919115,0.025914657353919113,316.3513488769531,176.4833221435547
8,45.298509538864664,25.914657353919115,0.025914657353919113,316.4544677734375,176.4833221435547
8,45.85388916619981,25.914657353919115,0.025914657353919113,316.5576171875,176.4833221435547
8,46.415910648514526,25.914657353919115,0.025914657353919113,316.6607360839844,176.4833221435547
8,46.9848207100169,25.914657353919115,0.025914657353919113,316.76385498046875,176.4833221435547
8,47.560703782574215,25.914657353919115,0.025914657353919113,316.8669738769531,176.4833221435547
8,48.1436453329175,25.914657353919115,0.025914657353919113,316.9700927734375,176.4833221435547
8,48.73390757500321,25.914657353919115,0.025914657353919113,317.0732421875,176.4833221435547
8,49.331228837655914,25.914657353919115,0.025914657353919113,317.1763610839844,176.4833221435547
8,49.935871341484855,25.914657353919115,0.025914657353919113,317.27947998046875,176.4833221435547
8,50.547924821404415,25.914657353919115,0.025914657353919113,317.3825988769531,176.4833221435547
8,51.16748011219093,25.914657353919115,0.025914657353919113,317.4857177734375,176.4833221435547
8,51.79481589709147,25.914657353919115,0.025914657353919113,317.5888671875,176.4833221435547
8,52.429654069731306,25.914657353919115,0.025914657353919113,317.6919860839844,176.4833221435547
8,53.07227332042813,25.914657353919115,0.025914657353919113,317.79510498046875,176.4833221435547
8,53.72276902022028,25.648150447637853,0.025648150447637855,317.8982238769531,176.58648681640625
8,54.381237709088886,25.648150447637853,0.025648150447637855,318.0013427734375,176.58648681640625
8,55.047975573984566,25.648150447637853,0.025648150447637855,318.1044921875,176.58648681640625
8,55.72268704106161,25.648150447637853,0.025648150447637855,318.2076110839844,176.58648681640625
8,56.405668304785266,25.648150447637853,0.025648150447637855,318.31072998046875,176.58648681640625
8,57.09702072631499,25.648150447637853,0.025648150447637855,318.4138488769531,176.58648681640625
8,57.7968469091726,25.648150447637853,0.025648150447637855,318.5169677734375,176.58648681640625
8,58.50546164339521,25.648150447637853,0.025648150447637855,318.6201171875,176.58648681640625
8,59.22255079055888,25.648150447637853,0.025648150447637855,318.7232360839844,176.58648681640625
8,59.9484291486874,25.648150447637853,0.025648150447637855,318.82635498046875,176.58648681640625
8,60.683204445292304,25.648150447637853,0.025648150447637855,318.9294738769531,176.58648681640625
8,61.42698572827866,25.648150447637853,0.025648150447637855,319.0325927734375,176.58648681640625
8,62.18010755920387,25.648150447637853,0.025648150447637855,319.1357421875,176.58648681640625
8,62.94223606905059,25.648150447637853,0.025648150447637855,319.2388610839844,176.58648681640625
8,63.71370582786456,25.38438430424323,0.02538438430424323,319.34197998046875,176.6896514892578
8,64.49463132937107,25.38438430424323,0.02538438430424323,319.4450988769531,176.6896514892578
8,65.28512847062105,25.38438430424323,0.02538438430424323,319.5482177734375,176.6896514892578
8,66.08555282651369,25.38438430424323,0.02538438430424323,319.6513671875,176.6896514892578
8,66.89554955818724,25.38438430424323,0.02538438430424323,319.7544860839844,176.6896514892578
8,67.71547424956246,25.38438430424323,0.02538438430424323,319.85760498046875,176.6896514892578
8,68.54544858555481,25.38438430424323,0.02538438430424323,319.9607238769531,176.6896514892578
8,69.38559574254616,25.38438430424323,0.02538438430424323,320.0638427734375,176.6896514892578
8,70.23629362859607,25.38438430424323,0.02538438430424323,320.1669921875,176.6896514892578
8,71.097165117912,25.38438430424323,0.02538438430424323,320.2701110839844,176.6896514892578
8,71.96858812814156,25.38438430424323,0.02538438430424323,320.37322998046875,176.6896514892578
8,72.85069198705897,25.38438430424323,0.02538438430424323,320.4763488769531,176.6896514892578
8,73.74360760758174,25.38438430424323,0.02538438430424323,320.5794677734375,176.6896514892578
8,74.64773663364404,25.25352019912486,0.02525352019912486,320.6826171875,176.7412338256836
8,75.56267825271188,25.12333073766943,0.025123330737669432,320.7857360839844,176.79281616210938
8,76.48883411890962,25.12333073766943,0.025123330737669432,320.88885498046875,176.79281616210938
8,77.42634168290753,25.12333073766943,0.025123330737669432,320.9919738769531,176.79281616210938
8,78.3753400800797,25.12333073766943,0.025123330737669432,321.0950927734375,176.79281616210938
8,79.33625618105194,25.12333073766943,0.025123330737669432,321.1982421875,176.79281616210938
8,80.30866399881765,25.12333073766943,0.025123330737669432,321.3013610839844,176.79281616210938
8,81.29299041483299,25.12333073766943,0.025123330737669432,321.40447998046875,176.79281616210938
8,82.2893815128517,25.12333073766943,0.025123330737669432,321.5075988769531,176.79281616210938
8,83.29798516714555,25.12333073766943,0.025123330737669432,321.6107177734375,176.79281616210938
8,84.3192550594851,25.12333073766943,0.025123330737669432,321.7138671875,176.79281616210938
8,85.35273844721782,25.12333073766943,0.025123330737669432,321.8169860839844,176.79281616210938
8,86.39888902362487,24.993812441886774,0.024993812441886774,321.92010498046875,176.84439849853516
8,87.45786204777559,24.864961851716775,0.024864961851716775,322.0232238769531,176.89598083496094
8,88.529814681717,24.864961851716775,0.024864961851716775,322.1263427734375,176.89598083496094
8,89.61522910233495,24.864961851716775,0.024864961851716775,322.2294921875,176.89598083496094
8,90.71362413084631,24.864961851716775,0.024864961851716775,322.3326110839844,176.89598083496094
8,91.82548195637051,24.864961851716775,0.024864961851716775,322.43572998046875,176.89598083496094
8,92.95096758958098,24.864961851716775,0.024864961851716775,322.5388488769531,176.89598083496094
8,94.09024806365234,24.864961851716775,0.024864961851716775,322.6419677734375,176.89598083496094
8,95.24383584032364,24.864961851716775,0.024864961851716775,322.7451171875,176.89598083496094
8,96.41121951864805,24.864961851716775,0.024864961851716775,322.8482360839844,176.89598083496094
8,97.59291157336648,24.864961851716775,0.024864961851716775,322.95135498046875,176.89598083496094
8,98.78908737924128,24.864961851716775,0.024864961851716775,323.0544738769531,176.89598083496094
8,99.99992446056623,24.609250037070673,0.024609250037070672,323.1575927734375,176.9991455078125
8,101.22596746608284,24.609250037070673,0.024609250037070672,323.2607421875,176.9991455078125
8,102.46667287446867,24.609250037070673,0.024609250037070672,323.3638610839844,176.9991455078125
8,103.7225853482838,24.609250037070673,0.024609250037070672,323.46697998046875,176.9991455078125
8,104.99389127733305,24.609250037070673,0.024609250037070672,323.5700988769531,176.9991455078125
8,106.28077933596188,24.609250037070673,0.024609250037070672,323.6732177734375,176.9991455078125
8,107.58382838153489,24.609250037070673,0.024609250037070672,323.7763671875,176.9991455078125
8,108.90246075491822,24.609250037070673,0.024609250037070672,323.8794860839844,176.9991455078125
8,110.23725532816276,24.609250037070673,0.024609250037070672,323.98260498046875,176.9991455078125
8,111.58841019795533,24.609250037070673,0.024609250037070672,324.0857238769531,176.9991455078125
8,112.95612588901228,24.609250037070673,0.024609250037070672,324.1888427734375,176.9991455078125
8,114.34101761591634,24.482363265066507,0.024482363265066507,324.2919921875,177.0507354736328
8,115.74247143757474,24.356130728883645,0.024356130728883645,324.3951110839844,177.10232543945312
8,117.16110258417908,24.356130728883645,0.024356130728883645,324.49822998046875,177.10232543945312
8,118.59712159459106,24.356130728883645,0.024356130728883645,324.6013488769531,177.10232543945312
8,120.05074158820294,24.356130728883645,0.024356130728883645,324.7044677734375,177.10232543945312
8,121.52261642036176,24.356130728883645,0.024356130728883645,324.8076171875,177.10232543945312
8,123.01209358919652,24.356130728883645,0.024356130728883645,324.9107360839844,177.10232543945312
8,124.51982696664358,24.356130728883645,0.024356130728883645,325.01385498046875,177.10232543945312
8,126.04604031521492,24.356130728883645,0.024356130728883645,325.1169738769531,177.10232543945312
8,127.59096014003266,24.356130728883645,0.024356130728883645,325.2200927734375,177.10232543945312
8,129.15528136418047,24.23056757896519,0.02423056757896519,325.3232421875,177.1539077758789
8,130.7383105030604,24.10565174469769,0.024105651744697688,325.4263610839844,177.2054901123047
8,132.3407424973876,24.10565174469769,0.024105651744697688,325.52947998046875,177.2054901123047
8,133.96281516388322,24.10565174469769,0.024105651744697688,325.6325988769531,177.2054901123047
8,135.6047692341381,24.10565174469769,0.024105651744697688,325.7357177734375,177.2054901123047
8,137.26734327837926,24.10565174469769,0.024105651744697688,325.8388671875,177.2054901123047
8,138.94980025521468,24.10565174469769,0.024105651744697688,325.9419860839844,177.2054901123047
8,140.65287875361028,24.10565174469769,0.024105651744697688,326.04510498046875,177.2054901123047
8,142.3768315272216,24.10565174469769,0.024105651744697688,326.1482238769531,177.2054901123047
8,144.1219144276528,24.10565174469769,0.024105651744697688,326.2513427734375,177.2054901123047
8,145.88891241369,23.981379888975052,0.023981379888975054,326.3544921875,177.25707244873047
8,147.6770421514062,23.857748691894972,0.023857748691894973,326.4576110839844,177.30865478515625
8,149.48708861950294,23.857748691894972,0.023857748691894973,326.56072998046875,177.30865478515625
8,151.31932044673852,23.857748691894972,0.023857748691894973,326.6638488769531,177.30865478515625
8,153.17400955439706,23.857748691894972,0.023857748691894973,326.7669677734375,177.30865478515625
8,155.05143119664476,23.857748691894972,0.023857748691894973,326.8700866699219,177.30865478515625
8,156.9524298597883,23.857748691894972,0.023857748691894973,326.9732360839844,177.30865478515625
8,158.8761628056017,23.857748691894972,0.023857748691894973,327.07635498046875,177.30865478515625
8,160.82347454181732,23.857748691894972,0.023857748691894973,327.1794738769531,177.30865478515625
8,162.79465406871387,23.857748691894972,0.023857748691894973,327.2825927734375,177.30865478515625
8,164.78999392878515,23.612395079540487,0.023612395079540487,327.3857116699219,177.4118194580078
8,166.81039164933733,23.612395079540487,0.023612395079540487,327.4888610839844,177.4118194580078
8,168.85495156093947,23.612395079540487,0.023612395079540487,327.59197998046875,177.4118194580078
8,170.92457121366922,23.612395079540487,0.023612395079540487,327.6950988769531,177.4118194580078
8,173.01955775950657,23.612395079540487,0.023612395079540487,327.7982177734375,177.4118194580078
8,175.1402221151293,23.612395079540487,0.023612395079540487,327.9013366699219,177.4118194580078
8,177.28751818027345,23.612395079540487,0.023612395079540487,328.0044860839844,177.4118194580078
8,179.4604940297685,23.612395079540487,0.023612395079540487,328.10760498046875,177.4118194580078
8,181.66010358755253,23.612395079540487,0.023612395079540487,328.2107238769531,177.4118194580078
8,183.88667329739016,23.369564689132595,0.023369564689132597,328.3138427734375,177.51498413085938
8,186.14053360419925,23.369564689132595,0.023369564689132597,328.4169616699219,177.51498413085938
8,188.42201900309098,23.369564689132595,0.023369564689132597,328.52008056640625,177.51498413085938
8,190.73215573299584,23.369564689132595,0.023369564689132597,328.62322998046875,177.51498413085938
8,193.06991967929065,23.369564689132595,0.023369564689132597,328.7263488769531,177.51498413085938
8,195.43633710694309,23.369564689132595,0.023369564689132597,328.8294677734375,177.51498413085938
8,197.8317592156518,23.369564689132595,0.023369564689132597,328.9325866699219,177.51498413085938
8,200.25654150969692,23.369564689132595,0.023369564689132597,329.03570556640625,177.51498413085938
8,202.71177468463534,23.249087582680268,0.023249087582680267,329.13885498046875,177.56656646728516
8,205.19637030264207,23.12923157180127,0.02312923157180127,329.2419738769531,177.61814880371094
8,207.7114190869467,23.12923157180127,0.02312923157180127,329.3450927734375,177.61814880371094
8,210.2572942956082,23.12923157180127,0.02312923157180127,329.4482116699219,177.61814880371094
8,212.8343737616308,23.12923157180127,0.02312923157180127,329.55133056640625,177.61814880371094
8,215.44303994903916,23.12923157180127,0.02312923157180127,329.6544494628906,177.61814880371094
8,218.08446626652528,23.12923157180127,0.02312923157180127,329.7575988769531,177.61814880371094
8,220.75748173434465,23.12923157180127,0.02312923157180127,329.8607177734375,177.61814880371094
8,223.46325979096054,23.12923157180127,0.02312923157180127,329.9638366699219,177.61814880371094
8,226.20220200053808,22.891370045535268,0.022891370045535268,330.06695556640625,177.7213134765625
8,228.9747148491297,22.891370045535268,0.022891370045535268,330.1700744628906,177.7213134765625
8,231.78204544558076,22.891370045535268,0.022891370045535268,330.2732238769531,177.7213134765625
8,234.62294926255265,22.891370045535268,0.022891370045535268,330.3763427734375,177.7213134765625
8,237.49867344053123,22.891370045535268,0.022891370045535268,330.4794616699219,177.7213134765625
8,240.4096447653631,22.891370045535268,0.022891370045535268,330.58258056640625,177.7213134765625
8,243.35629525391928,22.891370045535268,0.022891370045535268,330.6856994628906,177.7213134765625
8,246.33995034420033,22.891370045535268,0.022891370045535268,330.7888488769531,177.7213134765625
8,249.35928734185322,22.655920052518383,0.02265592005251838,330.8919677734375,177.82449340820312
8,252.41563171850677,22.655920052518383,0.02265592005251838,330.9950866699219,177.82449340820312
8,255.50943706582748,22.655920052518383,0.02265592005251838,331.09820556640625,177.82449340820312
8,258.6411625350596,22.655920052518383,0.02265592005251838,331.2013244628906,177.82449340820312
8,261.8112729051674,22.655920052518383,0.02265592005251838,331.304443359375,177.82449340820312
8,265.02119412903164,22.655920052518383,0.02265592005251838,331.4075927734375,177.82449340820312
8,268.26950320548417,22.655920052518383,0.02265592005251838,331.5107116699219,177.82449340820312
8,271.55762612358376,22.655920052518383,0.02265592005251838,331.61383056640625,177.82449340820312
8,274.8860508732197,22.422960356009924,0.022422960356009925,331.7169494628906,177.92764282226562
8,278.2552714254708,22.422960356009924,0.022422960356009925,331.820068359375,177.92764282226562
8,281.66680329531573,22.422960356009924,0.022422960356009925,331.9232177734375,177.92764282226562
8,285.1191341048814,22.422960356009924,0.022422960356009925,332.0263366699219,177.92764282226562
8,288.6137794075973,22.422960356009924,0.022422960356009925,332.12945556640625,177.92764282226562
8,292.1512578433126,22.422960356009924,0.022422960356009925,332.2325744628906,177.92764282226562
8,295.73209440873615,22.422960356009924,0.022422960356009925,332.335693359375,177.92764282226562
8,299.3568205353512,22.307346224979284,0.022307346224979284,332.4388122558594,177.97923278808594
8,303.0270666675447,22.1923282073557,0.0221923282073557,332.5419616699219,178.03082275390625
8,306.74120573593837,22.1923282073557,0.0221923282073557,332.64508056640625,178.03082275390625
8,310.50086822628595,22.1923282073557,0.0221923282073557,332.7481994628906,178.03082275390625
8,314.30661210960255,22.1923282073557,0.0221923282073557,332.851318359375,178.03082275390625
8,318.1590021958369,22.1923282073557,0.0221923282073557,332.9544372558594,178.03082275390625
8,322.0597713352991,22.1923282073557,0.0221923282073557,333.0575866699219,178.03082275390625
8,326.0071902646672,22.077936985699303,0.022077936985699303,333.16070556640625,178.0823974609375
8,330.00299187821633,21.964135398058293,0.021964135398058294,333.2638244628906,178.13397216796875
8,334.04776919233785,21.964135398058293,0.021964135398058294,333.366943359375,178.13397216796875
8,338.14212249190035,21.964135398058293,0.021964135398058294,333.4700622558594,178.13397216796875
8,342.2878934651094,21.964135398058293,0.021964135398058294,333.5732116699219,178.13397216796875
8,346.4832442360413,21.964135398058293,0.021964135398058294,333.67633056640625,178.13397216796875
8,350.730016539628,21.964135398058293,0.021964135398058294,333.7794494628906,178.13397216796875
8,355.0288406387879,21.85088699608246,0.02185088699608246,333.882568359375,178.18556213378906
8,359.3803545214396,21.738222509672507,0.021738222509672507,333.9856872558594,178.23715209960938
8,363.7865155496397,21.738222509672507,0.021738222509672507,334.0888366699219,178.23715209960938
8,368.2453704130568,21.738222509672507,0.021738222509672507,334.19195556640625,178.23715209960938
8,372.75887652340947,21.738222509672507,0.021738222509672507,334.2950744628906,178.23715209960938
8,377.32770372954496,21.738222509672507,0.021738222509672507,334.398193359375,178.23715209960938
8,381.95253009050737,21.738222509672507,0.021738222509672507,334.5013122558594,178.23715209960938
8,386.6354359075164,21.51466615119994,0.02151466615119994,334.6044616699219,178.34031677246094
8,391.3743451855612,21.51466615119994,0.02151466615119994,334.70758056640625,178.34031677246094
8,396.1713382786413,21.51466615119994,0.02151466615119994,334.8106994628906,178.34031677246094
8,401.02712710787097,21.51466615119994,0.02151466615119994,334.913818359375,178.34031677246094
8,405.9424323202305,21.51466615119994,0.02151466615119994,335.0169372558594,178.34031677246094
8,410.9194648777391,21.51466615119994,0.02151466615119994,335.1200866699219,178.34031677246094
8,415.9560183950532,21.51466615119994,0.02151466615119994,335.22320556640625,178.34031677246094
8,421.0543038902875,21.293408851235547,0.021293408851235547,335.3263244628906,178.4434814453125
8,426.21507799932044,21.293408851235547,0.021293408851235547,335.429443359375,178.4434814453125
8,431.43910663195896,21.293408851235547,0.021293408851235547,335.5325622558594,178.4434814453125
8,436.7287396176424,21.293408851235547,0.021293408851235547,335.6357116699219,178.4434814453125
8,442.08163199106133,21.293408851235547,0.021293408851235547,335.73883056640625,178.4434814453125
8,447.5001336412741,21.293408851235547,0.021293408851235547,335.8419494628906,178.4434814453125
8,452.98504872739665,21.07442696621107,0.02107442696621107,335.945068359375,178.54664611816406
8,458.5371912649557,21.07442696621107,0.02107442696621107,336.0481872558594,178.54664611816406
8,464.159058672879,21.07442696621107,0.02107442696621107,336.1513366699219,178.54664611816406
8,469.8481587018778,21.07442696621107,0.02107442696621107,336.25445556640625,178.54664611816406
8,475.60698883424357,21.07442696621107,0.02107442696621107,336.3575744628906,178.54664611816406
8,481.43640373719785,21.07442696621107,0.02107442696621107,336.460693359375,178.54664611816406
8,487.33726855343843,20.965781982241356,0.020965781982241357,336.5638122558594,178.59822845458984
8,493.31223756127156,20.8576970957092,0.0208576970957092,336.6669616699219,178.64981079101562
8,499.3586619767287,20.8576970957092,0.0208576970957092,336.77008056640625,178.64981079101562
8,505.47919614545805,20.8576970957092,0.0208576970957092,336.8731994628906,178.64981079101562
8,511.6747484151297,20.8576970957092,0.0208576970957092,336.976318359375,178.64981079101562
8,517.9462382668403,20.8576970957092,0.0208576970957092,337.0794372558594,178.64981079101562
8,524.2964866903886,20.750169419144527,0.020750169419144527,337.1825866699219,178.7013931274414
8,530.7226785354053,20.643196079963047,0.02064319607996305,337.28570556640625,178.7529754638672
8,537.2276348632619,20.643196079963047,0.02064319607996305,337.3888244628906,178.7529754638672
8,543.8123210736704,20.643196079963047,0.02064319607996305,337.491943359375,178.7529754638672
8,550.4777143990445,20.643196079963047,0.02064319607996305,337.5950622558594,178.7529754638672
8,557.2268130115923,20.643164517459645,0.020643164517459647,337.6982116699219,178.75299072265625
8,564.0566249453012,20.536758520488874,0.020536758520488873,337.80133056640625,178.8045654296875
8,570.9701484484477,20.43090099738128,0.02043090099738128,337.9044494628906,178.85614013671875
8,577.9684095561445,20.43090099738128,0.02043090099738128,338.007568359375,178.85614013671875
8,585.0524468794009,20.43090099738128,0.02043090099738128,338.1106872558594,178.85614013671875
8,592.2254469014134,20.43090099738128,0.02043090099738128,338.2138366699219,178.85614013671875
8,599.4842297349827,20.43090099738128,0.02043090099738128,338.31695556640625,178.85614013671875
8,606.8319819441521,20.325558044110082,0.02032555804411008,338.4200744628906,178.90773010253906
8,614.2697940078588,20.220758245436194,0.020220758245436194,338.523193359375,178.95932006835938
8,621.7987697708118,20.220758245436194,0.020220758245436194,338.6263122558594,178.95932006835938
8,629.4222958547439,20.220758245436194,0.020220758245436194,338.7294616699219,178.95932006835938
8,637.1369926482046,20.220758245436194,0.020220758245436194,338.83258056640625,178.95932006835938
8,644.9462468588516,20.220758245436194,0.020220758245436194,338.9356994628906,178.95932006835938
8,652.8512174570733,20.012838121552104,0.020012838121552103,339.038818359375,179.06246948242188
8,660.8530776185153,20.012838121552104,0.020012838121552103,339.1419372558594,179.06246948242188
8,668.9554266738672,20.012838121552104,0.020012838121552103,339.2450866699219,179.06246948242188
8,677.1546727430285,20.012838121552104,0.020012838121552103,339.34820556640625,179.06246948242188
8,685.4544152480083,20.012838121552104,0.020012838121552103,339.4513244628906,179.06246948242188
8,693.8558859525004,19.90965072559081,0.01990965072559081,339.554443359375,179.1140594482422
8,702.3603317176651,19.806995370043797,0.0198069953700438,339.6575622558594,179.1656494140625
8,710.9715779430996,19.806995370043797,0.0198069953700438,339.7607116699219,179.1656494140625
8,719.6858071477569,19.806995370043797,0.0198069953700438,339.86383056640625,179.1656494140625
8,728.5068448282902,19.806995370043797,0.0198069953700438,339.9669494628906,179.1656494140625
8,737.4360001137395,19.806995370043797,0.0198069953700438,340.070068359375,179.1656494140625
8,746.4745981788665,19.603299793957042,0.019603299793957044,340.1731872558594,179.26881408691406
8,755.6267046912465,19.603299793957042,0.019603299793957044,340.2763366699219,179.26881408691406
8,764.8882623992064,19.603299793957042,0.019603299793957044,340.37945556640625,179.26881408691406
8,774.2633370734744,19.603299793957042,0.019603299793957044,340.4825744628906,179.26881408691406
8,783.7533200676484,19.603299793957042,0.019603299793957044,340.585693359375,179.26881408691406
8,793.359619788854,19.50223891124442,0.01950223891124442,340.6888122558594,179.32039642333984
8,803.0865572635423,19.401699027655514,0.019401699027655515,340.7919616699219,179.37197875976562
8,812.9298204097573,19.401699027655514,0.019401699027655515,340.89508056640625,179.37197875976562
8,822.8937303635788,19.401699027655514,0.019401699027655515,340.9981994628906,179.37197875976562
8,832.9797658675714,19.401699027655514,0.019401699027655515,341.101318359375,179.37197875976562
8,843.1894237889348,19.30167745728378,0.01930167745728378,341.2044372558594,179.4235610961914
8,853.5272965517258,19.202171528069314,0.019202171528069314,341.3075866699219,179.4751434326172
8,863.988801238174,19.202171528069314,0.019202171528069314,341.41070556640625,179.4751434326172
8,874.5785303888505,19.202171528069314,0.019202171528069314,341.5138244628906,179.4751434326172
8,885.2980556240641,19.202171528069314,0.019202171528069314,341.616943359375,179.4751434326172
8,896.1489678271437,19.10317858172749,0.01910317858172749,341.7200622558594,179.52672576904297
8,907.1361478658507,19.004695973677933,0.019004695973677932,341.8232116699219,179.57830810546875
8,918.2547249757862,19.004695973677933,0.019004695973677932,341.92633056640625,179.57830810546875
8,929.5095801485465,19.004695973677933,0.019004695973677932,342.0294494628906,179.57830810546875
8,940.902383715706,19.004695973677933,0.019004695973677932,342.132568359375,179.57830810546875
8,952.434826481742,18.906721072973877,0.01890672107297388,342.2356872558594,179.62989044189453
8,964.1120958748681,18.809251262231857,0.018809251262231857,342.3388366699219,179.6814727783203
8,975.9290152048114,18.809251262231857,0.018809251262231857,342.44195556640625,179.6814727783203
8,987.8907720313985,18.809251262231857,0.018809251262231857,342.5450744628906,179.6814727783203
8,999.9991415973846,18.809251262231857,0.018809251262231857,342.648193359375,179.6814727783203
9,2.374987223692343,20.43090099738128,0.02043090099738128,291.4982604980469,178.85614013671875
9,2.4040969429377497,20.43090099738128,0.02043090099738128,291.60137939453125,178.85614013671875
9,2.433563453893904,20.43090099738128,0.02043090099738128,291.7044982910156,178.85614013671875
9,2.4634000109435457,20.43090099738128,0.02043090099738128,291.8076477050781,178.85614013671875
9,2.4935933871404137,20.43090099738128,0.02043090099738128,291.9107666015625,178.85614013671875
9,2.52415683720353,20.43090099738128,0.02043090099738128,292.0138854980469,178.85614013671875
9,2.555094897050494,20.43090099738128,0.02043090099738128,292.11700439453125,178.85614013671875
9,2.5864121581946935,20.43090099738128,0.02043090099738128,292.2201232910156,178.85614013671875
9,2.6181227075080407,20.43090099738128,0.02043090099738128,292.3232727050781,178.85614013671875
9,2.650212487278349,20.43090099738128,0.02043090099738128,292.4263916015625,178.85614013671875
9,2.6826955847349345,20.43090099738128,0.02043090099738128,292.5295104980469,178.85614013671875
9,2.7155768206900133,20.43090099738128,0.02043090099738128,292.63262939453125,178.85614013671875
9,2.7488610750434845,20.43090099738128,0.02043090099738128,292.7357482910156,178.85614013671875
9,2.782563319443909,20.43090099738128,0.02043090099738128,292.8388977050781,178.85614013671875
9,2.816668613233932,20.43090099738128,0.02043090099738128,292.9420166015625,178.85614013671875
9,2.8511919284419673,20.43090099738128,0.02043090099738128,293.0451354980469,178.85614013671875
9,2.88613838866868,20.43090099738128,0.02043090099738128,293.14825439453125,178.85614013671875
9,2.9215131803136307,20.43090099738128,0.02043090099738128,293.2513732910156,178.85614013671875
9,2.9573322153736084,20.43090099738128,0.02043090099738128,293.3545227050781,178.85614013671875
9,2.9935796147895446,20.43090099738128,0.02043090099738128,293.4576416015625,178.85614013671875
9,3.0302712909619403,20.43090099738128,0.02043090099738128,293.5607604980469,178.85614013671875
9,3.0674126892976243,20.43090099738128,0.02043090099738128,293.66387939453125,178.85614013671875
9,3.105009321946634,20.43090099738128,0.02043090099738128,293.7669982910156,178.85614013671875
9,3.1430781003159396,20.43090099738128,0.02043090099738128,293.8701477050781,178.85614013671875
9,3.1816021480050627,20.43090099738128,0.02043090099738128,293.9732666015625,178.85614013671875
9,3.220598376850043,20.43090099738128,0.02043090099738128,294.0763854980469,178.85614013671875
9,3.2600725742760672,20.43090099738128,0.02043090099738128,294.17950439453125,178.85614013671875
9,3.3000305986435783,20.43090099738128,0.02043090099738128,294.2826232910156,178.85614013671875
9,3.3404904235412785,20.43090099738128,0.02043090099738128,294.3857727050781,178.85614013671875
9,3.3814341125856684,20.43090099738128,0.02043090099738128,294.4888916015625,178.85614013671875
9,3.4228796398214643,20.43090099738128,0.02043090099738128,294.5920104980469,178.85614013671875
9,3.4648331561739076,20.43090099738128,0.02043090099738128,294.69512939453125,178.85614013671875
9,3.507300887958837,20.43090099738128,0.02043090099738128,294.7982482910156,178.85614013671875
9,3.5503019376608282,20.43090099738128,0.02043090099738128,294.9013977050781,178.85614013671875
9,3.593817242337312,20.43090099738128,0.02043090099738128,295.0045166015625,178.85614013671875
9,3.637865904957526,20.43090099738128,0.02043090099738128,295.1076354980469,178.85614013671875
9,3.6824544627776867,20.43090099738128,0.02043090099738128,295.21075439453125,178.85614013671875
9,3.727589533179791,20.43090099738128,0.02043090099738128,295.3138732910156,178.85614013671875
9,3.773291418448657,20.43090099738128,0.02043090099738128,295.4170227050781,178.85614013671875
9,3.819539858325053,20.43090099738128,0.02043090099738128,295.5201416015625,178.85614013671875
9,3.8663551556088946,20.43090099738128,0.02043090099738128,295.6232604980469,178.85614013671875
9,3.9137442581522874,20.43090099738128,0.02043090099738128,295.72637939453125,178.85614013671875
9,3.961714198965702,20.43090099738128,0.02043090099738128,295.8294982910156,178.85614013671875
9,4.0102865554919624,20.43090099738128,0.02043090099738128,295.9326477050781,178.85614013671875
9,4.059439794953398,20.43090099738128,0.02043090099738128,296.0357666015625,178.85614013671875
9,4.109195495340286,20.43090099738128,0.02043090099738128,296.1388854980469,178.85614013671875
9,4.159561040889571,20.43090099738128,0.02043090099738128,296.24200439453125,178.85614013671875
9,4.210543906345235,20.43090099738128,0.02043090099738128,296.3451232910156,178.85614013671875
9,4.262167024398997,20.43090099738128,0.02043090099738128,296.4482727050781,178.85614013671875
9,4.31440750982965,20.43090099738128,0.02043090099738128,296.5513916015625,178.85614013671875
9,4.367288295910748,20.43090099738128,0.02043090099738128,296.6545104980469,178.85614013671875
9,4.420817230672791,20.43090099738128,0.02043090099738128,296.75762939453125,178.85614013671875
9,4.4750022583379385,20.43090099738128,0.02043090099738128,296.8607482910156,178.85614013671875
9,4.5298677519680846,20.43090099738128,0.02043090099738128,296.9638977050781,178.85614013671875
9,4.585389388953401,20.43090099738128,0.02043090099738128,297.0670166015625,178.85614013671875
9,4.641591542974163,20.43090099738128,0.02043090099738128,297.1701354980469,178.85614013671875
9,4.6984825549846505,20.43090099738128,0.02043090099738128,297.27325439453125,178.85614013671875
9,4.75607086817246,20.43090099738128,0.02043090099738128,297.3763732910156,178.85614013671875
9,4.814382386437294,20.43090099738128,0.02043090099738128,297.4795227050781,178.85614013671875
9,4.87339125950034,20.43090099738128,0.02043090099738128,297.5826416015625,178.85614013671875
9,4.93312339191852,20.43090099738128,0.02043090099738128,297.6857604980469,178.85614013671875
9,4.993587648529736,20.43090099738128,0.02043090099738128,297.78887939453125,178.85614013671875
9,5.054793002826355,20.43090099738128,0.02043090099738128,297.8919982910156,178.85614013671875
9,5.116766985695646,20.43090099738128,0.02043090099738128,297.9951477050781,178.85614013671875
9,5.179482123239082,20.43090099738128,0.02043090099738128,298.0982666015625,178.85614013671875
9,5.242965947042431,20.43090099738128,0.02043090099738128,298.2013854980469,178.85614013671875
9,5.307227878731629,20.43090099738128,0.02043090099738128,298.30450439453125,178.85614013671875
9,5.372277455411493,20.43090099738128,0.02043090099738128,298.4076232910156,178.85614013671875
9,5.4381439371456795,20.43090099738128,0.02043090099738128,298.5107727050781,178.85614013671875
9,5.504798124438658,20.43090099738128,0.02043090099738128,298.6138916015625,178.85614013671875
9,5.572269278096456,20.43090099738128,0.02043090099738128,298.7170104980469,178.85614013671875
9,5.6405674115041,20.43090099738128,0.02043090099738128,298.82012939453125,178.85614013671875
9,5.70970266077858,20.43090099738128,0.02043090099738128,298.9232482910156,178.85614013671875
9,5.77970612376707,20.43090099738128,0.02043090099738128,299.0263977050781,178.85614013671875
9,5.8505467669947215,20.43090099738128,0.02043090099738128,299.1295166015625,178.85614013671875
9,5.922255689097706,20.43090099738128,0.02043090099738128,299.2326354980469,178.85614013671875
9,5.994843532387713,20.43090099738128,0.02043090099738128,299.33575439453125,178.85614013671875
9,6.068321069617005,20.43090099738128,0.02043090099738128,299.4388732910156,178.85614013671875
9,6.142721351844888,20.43090099738128,0.02043090099738128,299.5420227050781,178.85614013671875
9,6.218011396427515,20.43090099738128,0.02043090099738128,299.6451416015625,178.85614013671875
9,6.2942242552627485,20.43090099738128,0.02043090099738128,299.7482604980469,178.85614013671875
9,6.371371239090928,20.43090099738128,0.02043090099738128,299.85137939453125,178.85614013671875
9,6.449463797285767,20.43090099738128,0.02043090099738128,299.9544982910156,178.85614013671875
9,6.528537056797209,20.43090099738128,0.02043090099738128,300.0576477050781,178.85614013671875
9,6.6085559633878495,20.43090099738128,0.02043090099738128,300.1607666015625,178.85614013671875
9,6.68955564489885,20.43090099738128,0.02043090099738128,300.2638854980469,178.85614013671875
9,6.771548122482281,20.43090099738128,0.02043090099738128,300.36700439453125,178.85614013671875
9,6.854545564630945,20.43090099738128,0.02043090099738128,300.4701232910156,178.85614013671875
9,6.938585304569197,20.43090099738128,0.02043090099738128,300.5732727050781,178.85614013671875
9,7.02363008635219,20.43090099738128,0.02043090099738128,300.6763916015625,178.85614013671875
9,7.109717244151483,20.43090099738128,0.02043090099738128,300.7795104980469,178.85614013671875
9,7.196859554150825,20.43090099738128,0.02043090099738128,300.88262939453125,178.85614013671875
9,7.28506994912897,20.43090099738128,0.02043090099738128,300.9857482910156,178.85614013671875
9,7.37438810715769,20.43090099738128,0.02043090099738128,301.0888977050781,178.85614013671875
9,7.464774432298544,20.43090099738128,0.02043090099738128,301.1920166015625,178.85614013671875
9,7.556268603629988,20.43090099738128,0.02043090099738128,301.2951354980469,178.85614013671875
9,7.648884199789945,20.43090099738128,0.02043090099738128,301.39825439453125,178.85614013671875
9,7.7426349658468485,20.43090099738128,0.02043090099738128,301.5013732910156,178.85614013671875
9,7.837563071996453,20.43090099738128,0.02043090099738128,301.6045227050781,178.85614013671875
9,7.9336264353350066,20.43090099738128,0.02043090099738128,301.7076416015625,178.85614013671875
9,8.030867227128189,20.43090099738128,0.02043090099738128,301.8107604980469,178.85614013671875
9,8.129299878869109,20.43090099738128,0.02043090099738128,301.91387939453125,178.85614013671875
9,8.228938998934645,20.43090099738128,0.02043090099738128,302.0169982910156,178.85614013671875
9,8.329829406171356,20.43090099738128,0.02043090099738128,302.1201477050781,178.85614013671875
9,8.43192637450738,20.43090099738128,0.02043090099738128,302.2232666015625,178.85614013671875
9,8.535274723926394,20.43090099738128,0.02043090099738128,302.3263854980469,178.85614013671875
9,8.639889792343325,20.43090099738128,0.02043090099738128,302.42950439453125,178.85614013671875
9,8.745787105666706,20.43090099738128,0.02043090099738128,302.5326232910156,178.85614013671875
9,8.85301429775192,20.43090099738128,0.02043090099738128,302.6357727050781,178.85614013671875
9,8.961523833345327,20.43090099738128,0.02043090099738128,302.7388916015625,178.85614013671875
9,9.071363347510852,20.43090099738128,0.02043090099738128,302.8420104980469,178.85614013671875
9,9.182549141516338,20.43090099738128,0.02043090099738128,302.94512939453125,178.85614013671875
9,9.295097716430826,20.43090099738128,0.02043090099738128,303.0482482910156,178.85614013671875
9,9.409059697925297,20.43090099738128,0.02043090099738128,303.1513977050781,178.85614013671875
9,9.524384565123553,20.43090099738128,0.02043090099738128,303.2545166015625,178.85614013671875
9,9.641122944981023,20.43090099738128,0.02043090099738128,303.3576354980469,178.85614013671875
9,9.759292162625286,20.43090099738128,0.02043090099738128,303.46075439453125,178.85614013671875
9,9.878909755534377,20.43090099738128,0.02043090099738128,303.5638732910156,178.85614013671875
9,10.000029529106593,20.43090099738128,0.02043090099738128,303.6670227050781,178.85614013671875
9,10.122597789320436,20.43090099738128,0.02043090099738128,303.7701416015625,178.85614013671875
9,10.246668342939325,20.43090099738128,0.02043090099738128,303.8732604980469,178.85614013671875
9,10.37225960325778,20.43090099738128,0.02043090099738128,303.97637939453125,178.85614013671875
9,10.49939020925822,20.43090099738128,0.02043090099738128,304.0794982910156,178.85614013671875
9,10.628117345780474,20.43090099738128,0.02043090099738128,304.1826477050781,178.85614013671875
9,10.758383946356927,20.43090099738128,0.02043090099738128,304.2857666015625,178.85614013671875
9,10.890247197278278,20.43090099738128,0.02043090099738128,304.3888854980469,178.85614013671875
9,11.023726668352232,20.43090099738128,0.02043090099738128,304.49200439453125,178.85614013671875
9,11.15884216924951,20.43090099738128,0.02043090099738128,304.5951232910156,178.85614013671875
9,11.295654476509478,20.43090099738128,0.02043090099738128,304.6982727050781,178.85614013671875
9,11.434102939399777,20.43090099738128,0.02043090099738128,304.8013916015625,178.85614013671875
9,11.57424833600176,20.43090099738128,0.02043090099738128,304.9045104980469,178.85614013671875
9,11.716111465275283,20.43090099738128,0.02043090099738128,305.00762939453125,178.85614013671875
9,11.859713381108673,20.43090099738128,0.02043090099738128,305.1107482910156,178.85614013671875
9,12.005075395443363,20.43090099738128,0.02043090099738128,305.2138671875,178.85614013671875
9,12.152262893820799,20.43090099738128,0.02043090099738128,305.3170166015625,178.85614013671875
9,12.30121062604713,20.43090099738128,0.02043090099738128,305.4201354980469,178.85614013671875
9,12.451983979322751,20.43090099738128,0.02043090099738128,305.52325439453125,178.85614013671875
9,12.60460532990116,20.43090099738128,0.02043090099738128,305.6263732910156,178.85614013671875
9,12.759097328296894,20.43090099738128,0.02043090099738128,305.7294921875,178.85614013671875
9,12.915529466825491,20.43090099738128,0.02043090099738128,305.8326416015625,178.85614013671875
9,13.073832397020023,20.43090099738128,0.02043090099738128,305.9357604980469,178.85614013671875
9,13.234075612959126,20.43090099738128,0.02043090099738128,306.03887939453125,178.85614013671875
9,13.396282896317393,20.43090099738128,0.02043090099738128,306.1419982910156,178.85614013671875
9,13.560478320256383,20.43090099738128,0.02043090099738128,306.2451171875,178.85614013671875
9,13.726686252997334,20.43090099738128,0.02043090099738128,306.3482360839844,178.85614013671875
9,13.894981456820666,20.43090099738128,0.02043090099738128,306.4513854980469,178.85614013671875
9,14.065289324203354,20.43090099738128,0.02043090099738128,306.55450439453125,178.85614013671875
9,14.237684619322641,20.43090099738128,0.02043090099738128,306.6576232910156,178.85614013671875
9,14.412192927341573,20.43090099738128,0.02043090099738128,306.7607421875,178.85614013671875
9,14.588840147015164,20.43090099738128,0.02043090099738128,306.8638610839844,178.85614013671875
9,14.767705736337694,20.43090099738128,0.02043090099738128,306.9670104980469,178.85614013671875
9,14.948710401792377,20.43090099738128,0.02043090099738128,307.07012939453125,178.85614013671875
9,15.131933603389449,20.43090099738128,0.02043090099738128,307.1732482910156,178.85614013671875
9,15.31740253326015,20.43090099738128,0.02043090099738128,307.2763671875,178.85614013671875
9,15.505144716823935,20.43090099738128,0.02043090099738128,307.3794860839844,178.85614013671875
9,15.695188016873544,20.43090099738128,0.02043090099738128,307.48260498046875,178.85614013671875
9,15.887617917117558,20.43090099738128,0.02043090099738128,307.58575439453125,178.85614013671875
9,16.082349110798077,20.43090099738128,0.02043090099738128,307.6888732910156,178.85614013671875
9,16.279467083792518,20.325573582552575,0.020325573582552575,307.7919921875,178.90772247314453
9,16.479001090353318,20.220789162098722,0.020220789162098723,307.8951110839844,178.9593048095703
9,16.68098074329611,20.220789162098722,0.020220789162098723,307.99822998046875,178.9593048095703
9,16.885496895441207,20.220789162098722,0.020220789162098723,308.10137939453125,178.9593048095703
9,17.092458882032997,20.220789162098722,0.020220789162098723,308.2044982910156,178.9593048095703
9,17.30195755819686,20.220789162098722,0.020220789162098723,308.3076171875,178.9593048095703
9,17.51402401560374,20.220789162098722,0.020220789162098723,308.4107360839844,178.9593048095703
9,17.728689727008675,20.220789162098722,0.020220789162098723,308.51385498046875,178.9593048095703
9,17.94605125157007,20.220789162098722,0.020220789162098723,308.61700439453125,178.9593048095703
9,18.166012230006288,20.220789162098722,0.020220789162098723,308.7201232910156,178.9593048095703
9,18.388669223925604,20.220789162098722,0.020220789162098723,308.8232421875,178.9593048095703
9,18.61405527782315,20.220789162098722,0.020220789162098723,308.9263610839844,178.9593048095703
9,18.842203841213532,20.220789162098722,0.020220789162098723,309.02947998046875,178.9593048095703
9,19.07314877359499,20.220789162098722,0.020220789162098723,309.1325988769531,178.9593048095703
9,19.306993956710755,20.220789162098722,0.020220789162098723,309.2357482910156,178.9593048095703
9,19.543635723852077,20.220789162098722,0.020220789162098723,309.3388671875,178.9593048095703
9,19.78317795939782,20.220789162098722,0.020220789162098723,309.4419860839844,178.9593048095703
9,20.02565621377961,20.220789162098722,0.020220789162098723,309.54510498046875,178.9593048095703
9,20.271106473163268,20.220789162098722,0.020220789162098723,309.6482238769531,178.9593048095703
9,20.519639143958493,20.220789162098722,0.020220789162098723,309.7513732910156,178.9593048095703
9,20.77114404829605,20.220789162098722,0.020220789162098723,309.8544921875,178.9593048095703
9,21.025731595386844,20.220789162098722,0.020220789162098723,309.9576110839844,178.9593048095703
9,21.2834395685352,20.220789162098722,0.020220789162098723,310.06072998046875,178.9593048095703
9,21.544306214147472,20.220789162098722,0.020220789162098723,310.1638488769531,178.9593048095703
9,21.808370247408206,20.220789162098722,0.020220789162098723,310.2669677734375,178.9593048095703
9,22.075750447421203,20.220789162098722,0.020220789162098723,310.3701171875,178.9593048095703
9,22.346328280954573,20.220789162098722,0.020220789162098723,310.4732360839844,178.9593048095703
9,22.62022253012572,20.220789162098722,0.020220789162098723,310.57635498046875,178.9593048095703
9,22.89747384354411,20.220789162098722,0.020220789162098723,310.6794738769531,178.9593048095703
9,23.178123368040637,20.220789162098722,0.020220789162098723,310.7825927734375,178.9593048095703
9,23.46229734306793,20.220789162098722,0.020220789162098723,310.8857421875,178.9593048095703
9,23.749869790488145,20.220789162098722,0.020220789162098723,310.9888610839844,178.9593048095703
9,24.04096695295677,20.220789162098722,0.020220789162098723,311.09197998046875,178.9593048095703
9,24.335632032165353,20.220789162098722,0.020220789162098723,311.1950988769531,178.9593048095703
9,24.633908759319503,20.220789162098722,0.020220789162098723,311.2982177734375,178.9593048095703
9,24.9359313027946,20.220789162098722,0.020220789162098723,311.4013671875,178.9593048095703
9,25.24156577194286,20.220789162098722,0.020220789162098723,311.5044860839844,178.9593048095703
9,25.5509463385437,20.220789162098722,0.020220789162098723,311.60760498046875,178.9593048095703
9,25.86411891772631,20.220789162098722,0.020220789162098723,311.7107238769531,178.9593048095703
9,26.181129987391902,20.220789162098722,0.020220789162098723,311.8138427734375,178.9593048095703
9,26.502122142843188,20.220789162098722,0.020220789162098723,311.9169921875,178.9593048095703
9,26.82695308394874,20.220789162098722,0.020220789162098723,312.0201110839844,178.9593048095703
9,27.155765409629115,20.220789162098722,0.020220789162098723,312.12322998046875,178.9593048095703
9,27.488607918878255,20.220789162098722,0.020220789162098723,312.2263488769531,178.9593048095703
9,27.825530008809157,20.220789162098722,0.020220789162098723,312.3294677734375,178.9593048095703
9,28.166683230935295,20.220789162098722,0.020220789162098723,312.4326171875,178.9593048095703
9,28.51191634745376,20.220789162098722,0.020220789162098723,312.5357360839844,178.9593048095703
9,28.861380913723117,20.220789162098722,0.020220789162098723,312.63885498046875,178.9593048095703
9,29.21512879373362,20.220789162098722,0.020220789162098723,312.7419738769531,178.9593048095703
9,29.573212487161587,20.220789162098722,0.020220789162098723,312.8450927734375,178.9593048095703
9,29.935793064258323,20.220789162098722,0.020220789162098723,312.9482421875,178.9593048095703
9,30.302709788186778,20.220789162098722,0.020220789162098723,313.0513610839844,178.9593048095703
9,30.67412373328488,20.220789162098722,0.020220789162098723,313.15447998046875,178.9593048095703
9,31.050090021047303,20.220789162098722,0.020220789162098723,313.2575988769531,178.9593048095703
9,31.4306644485813,20.220789162098722,0.020220789162098723,313.3607177734375,178.9593048095703
9,31.816018202734583,20.220789162098722,0.020220789162098723,313.4638671875,178.9593048095703
9,32.205980451015016,20.220789162098722,0.020220789162098723,313.5669860839844,178.9593048095703
9,32.600722384613526,20.220789162098722,0.020220789162098723,313.67010498046875,178.9593048095703
9,33.00030258712854,20.220789162098722,0.020220789162098723,313.7732238769531,178.9593048095703
9,33.40478036020528,20.220789162098722,0.020220789162098723,313.8763427734375,178.9593048095703
9,33.81433764269701,20.220789162098722,0.020220789162098723,313.9794921875,178.9593048095703
9,34.228792872362625,20.220789162098722,0.020220789162098723,314.0826110839844,178.9593048095703
9,34.64832799267142,20.220789162098722,0.020220789162098723,314.18572998046875,178.9593048095703
9,35.0730052667754,20.220789162098722,0.020220789162098723,314.2888488769531,178.9593048095703
9,35.50288772097287,20.220789162098722,0.020220789162098723,314.3919677734375,178.9593048095703
9,35.93816872144108,20.220789162098722,0.020220789162098723,314.4951171875,178.9593048095703
9,36.378655302269415,20.220789162098722,0.020220789162098723,314.5982360839844,178.9593048095703
9,36.82454083454109,20.012838121552104,0.020012838121552103,314.70135498046875,179.06246948242188
9,37.275891492069235,20.012838121552104,0.020012838121552103,314.8044738769531,179.06246948242188
9,37.732774259745526,20.012838121552104,0.020012838121552103,314.9075927734375,179.06246948242188
9,38.19539464880535,20.012838121552104,0.020012838121552103,315.0107421875,179.06246948242188
9,38.663547573420075,20.012838121552104,0.020012838121552103,315.1138610839844,179.06246948242188
9,39.137438550039285,20.012838121552104,0.020012838121552103,315.21697998046875,179.06246948242188
9,39.61713790876038,20.012838121552104,0.020012838121552103,315.3200988769531,179.06246948242188
9,40.10271684170201,20.012838121552104,0.020012838121552103,315.4232177734375,179.06246948242188
9,40.59439376797181,20.012838121552104,0.020012838121552103,315.5263671875,179.06246948242188
9,41.09195072058815,20.012838121552104,0.020012838121552103,315.6294860839844,179.06246948242188
9,41.59560612420029,20.012838121552104,0.020012838121552103,315.73260498046875,179.06246948242188
9,42.10543472624032,20.012838121552104,0.020012838121552103,315.8357238769531,179.06246948242188
9,42.621512190303946,20.012838121552104,0.020012838121552103,315.9388427734375,179.06246948242188
9,43.14407065409628,20.012838121552104,0.020012838121552103,316.0419921875,179.06246948242188
9,43.67287846043563,20.012838121552104,0.020012838121552103,316.1451110839844,179.06246948242188
9,44.20816775291677,20.012838121552104,0.020012838121552103,316.24822998046875,179.06246948242188
9,44.750017973753145,20.012838121552104,0.020012838121552103,316.3513488769531,179.06246948242188
9,45.298509538864664,20.012838121552104,0.020012838121552103,316.4544677734375,179.06246948242188
9,45.85388916619981,20.012838121552104,0.020012838121552103,316.5576171875,179.06246948242188
9,46.415910648514526,20.012838121552104,0.020012838121552103,316.6607360839844,179.06246948242188
9,46.9848207100169,20.012838121552104,0.020012838121552103,316.76385498046875,179.06246948242188
9,47.560703782574215,20.012838121552104,0.020012838121552103,316.8669738769531,179.06246948242188
9,48.1436453329175,20.012838121552104,0.020012838121552103,316.9700927734375,179.06246948242188
9,48.73390757500321,20.012838121552104,0.020012838121552103,317.0732421875,179.06246948242188
9,49.331228837655914,20.012838121552104,0.020012838121552103,317.1763610839844,179.06246948242188
9,49.935871341484855,20.012838121552104,0.020012838121552103,317.27947998046875,179.06246948242188
9,50.547924821404415,20.012838121552104,0.020012838121552103,317.3825988769531,179.06246948242188
9,51.16748011219093,20.012838121552104,0.020012838121552103,317.4857177734375,179.06246948242188
9,51.79481589709147,20.012838121552104,0.020012838121552103,317.5888671875,179.06246948242188
9,52.429654069731306,20.012838121552104,0.020012838121552103,317.6919860839844,179.06246948242188
9,53.07227332042813,20.012838121552104,0.020012838121552103,317.79510498046875,179.06246948242188
9,53.72276902022028,20.012838121552104,0.020012838121552103,317.8982238769531,179.06246948242188
9,54.381237709088886,20.012838121552104,0.020012838121552103,318.0013427734375,179.06246948242188
9,55.047975573984566,20.012838121552104,0.020012838121552103,318.1044921875,179.06246948242188
9,55.72268704106161,20.012838121552104,0.020012838121552103,318.2076110839844,179.06246948242188
9,56.405668304785266,20.012838121552104,0.020012838121552103,318.31072998046875,179.06246948242188
9,57.09702072631499,20.012838121552104,0.020012838121552103,318.4138488769531,179.06246948242188
9,57.7968469091726,20.012838121552104,0.020012838121552103,318.5169677734375,179.06246948242188
9,58.50546164339521,20.012838121552104,0.020012838121552103,318.6201171875,179.06246948242188
9,59.22255079055888,19.90965072559081,0.01990965072559081,318.7232360839844,179.1140594482422
9,59.9484291486874,19.806995370043797,0.0198069953700438,318.82635498046875,179.1656494140625
9,60.683204445292304,19.806995370043797,0.0198069953700438,318.9294738769531,179.1656494140625
9,61.42698572827866,19.806995370043797,0.0198069953700438,319.0325927734375,179.1656494140625
9,62.18010755920387,19.806995370043797,0.0198069953700438,319.1357421875,179.1656494140625
9,62.94223606905059,19.806995370043797,0.0198069953700438,319.2388610839844,179.1656494140625
9,63.71370582786456,19.806995370043797,0.0198069953700438,319.34197998046875,179.1656494140625
9,64.49463132937107,19.806995370043797,0.0198069953700438,319.4450988769531,179.1656494140625
9,65.28512847062105,19.806995370043797,0.0198069953700438,319.5482177734375,179.1656494140625
9,66.08555282651369,19.806995370043797,0.0198069953700438,319.6513671875,179.1656494140625
9,66.89554955818724,19.806995370043797,0.0198069953700438,319.7544860839844,179.1656494140625
9,67.71547424956246,19.806995370043797,0.0198069953700438,319.85760498046875,179.1656494140625
9,68.54544858555481,19.806995370043797,0.0198069953700438,319.9607238769531,179.1656494140625
9,69.38559574254616,19.806995370043797,0.0198069953700438,320.0638427734375,179.1656494140625
9,70.23629362859607,19.806995370043797,0.0198069953700438,320.1669921875,179.1656494140625
9,71.097165117912,19.806995370043797,0.0198069953700438,320.2701110839844,179.1656494140625
9,71.96858812814156,19.806995370043797,0.0198069953700438,320.37322998046875,179.1656494140625
9,72.85069198705897,19.806995370043797,0.0198069953700438,320.4763488769531,179.1656494140625
9,73.74360760758174,19.806995370043797,0.0198069953700438,320.5794677734375,179.1656494140625
9,74.64773663364404,19.806995370043797,0.0198069953700438,320.6826171875,179.1656494140625
9,75.56267825271188,19.806995370043797,0.0198069953700438,320.7857360839844,179.1656494140625
9,76.48883411890962,19.806995370043797,0.0198069953700438,320.88885498046875,179.1656494140625
9,77.42634168290753,19.806995370043797,0.0198069953700438,320.9919738769531,179.1656494140625
9,78.3753400800797,19.806995370043797,0.0198069953700438,321.0950927734375,179.1656494140625
9,79.33625618105194,19.806995370043797,0.0198069953700438,321.1982421875,179.1656494140625
9,80.30866399881765,19.806995370043797,0.0198069953700438,321.3013610839844,179.1656494140625
9,81.29299041483299,19.806995370043797,0.0198069953700438,321.40447998046875,179.1656494140625
9,82.2893815128517,19.806995370043797,0.0198069953700438,321.5075988769531,179.1656494140625
9,83.29798516714555,19.603299793957042,0.019603299793957044,321.6107177734375,179.26881408691406
9,84.3192550594851,19.603299793957042,0.019603299793957044,321.7138671875,179.26881408691406
9,85.35273844721782,19.603299793957042,0.019603299793957044,321.8169860839844,179.26881408691406
9,86.39888902362487,19.603299793957042,0.019603299793957044,321.92010498046875,179.26881408691406
9,87.45786204777559,19.603299793957042,0.019603299793957044,322.0232238769531,179.26881408691406
9,88.529814681717,19.603299793957042,0.019603299793957044,322.1263427734375,179.26881408691406
9,89.61522910233495,19.603299793957042,0.019603299793957044,322.2294921875,179.26881408691406
9,90.71362413084631,19.603299793957042,0.019603299793957044,322.3326110839844,179.26881408691406
9,91.82548195637051,19.603299793957042,0.019603299793957044,322.43572998046875,179.26881408691406
9,92.95096758958098,19.603299793957042,0.019603299793957044,322.5388488769531,179.26881408691406
9,94.09024806365234,19.603299793957042,0.019603299793957044,322.6419677734375,179.26881408691406
9,95.24383584032364,19.603299793957042,0.019603299793957044,322.7451171875,179.26881408691406
9,96.41121951864805,19.603299793957042,0.019603299793957044,322.8482360839844,179.26881408691406
9,97.59291157336648,19.603299793957042,0.019603299793957044,322.95135498046875,179.26881408691406
9,98.78908737924128,19.603299793957042,0.019603299793957044,323.0544738769531,179.26881408691406
9,99.99992446056623,19.603299793957042,0.019603299793957044,323.1575927734375,179.26881408691406
9,101.22596746608284,19.603299793957042,0.019603299793957044,323.2607421875,179.26881408691406
9,102.46667287446867,19.603299793957042,0.019603299793957044,323.3638610839844,179.26881408691406
9,103.7225853482838,19.603299793957042,0.019603299793957044,323.46697998046875,179.26881408691406
9,104.99389127733305,19.603299793957042,0.019603299793957044,323.5700988769531,179.26881408691406
9,106.28077933596188,19.603299793957042,0.019603299793957044,323.6732177734375,179.26881408691406
9,107.58382838153489,19.603299793957042,0.019603299793957044,323.7763671875,179.26881408691406
9,108.90246075491822,19.401699027655514,0.019401699027655515,323.8794860839844,179.37197875976562
9,110.23725532816276,19.401699027655514,0.019401699027655515,323.98260498046875,179.37197875976562
9,111.58841019795533,19.401699027655514,0.019401699027655515,324.0857238769531,179.37197875976562
9,112.95612588901228,19.401699027655514,0.019401699027655515,324.1888427734375,179.37197875976562
9,114.34101761591634,19.401699027655514,0.019401699027655515,324.2919921875,179.37197875976562
9,115.74247143757474,19.401699027655514,0.019401699027655515,324.3951110839844,179.37197875976562
9,117.16110258417908,19.401699027655514,0.019401699027655515,324.49822998046875,179.37197875976562
9,118.59712159459106,19.401699027655514,0.019401699027655515,324.6013488769531,179.37197875976562
9,120.05074158820294,19.401699027655514,0.019401699027655515,324.7044677734375,179.37197875976562
9,121.52261642036176,19.401699027655514,0.019401699027655515,324.8076171875,179.37197875976562
9,123.01209358919652,19.401699027655514,0.019401699027655515,324.9107360839844,179.37197875976562
9,124.51982696664358,19.401699027655514,0.019401699027655515,325.01385498046875,179.37197875976562
9,126.04604031521492,19.401699027655514,0.019401699027655515,325.1169738769531,179.37197875976562
9,127.59096014003266,19.401699027655514,0.019401699027655515,325.2200927734375,179.37197875976562
9,129.15528136418047,19.401699027655514,0.019401699027655515,325.3232421875,179.37197875976562
9,130.7383105030604,19.401699027655514,0.019401699027655515,325.4263610839844,179.37197875976562
9,132.3407424973876,19.401699027655514,0.019401699027655515,325.52947998046875,179.37197875976562
9,133.96281516388322,19.401699027655514,0.019401699027655515,325.6325988769531,179.37197875976562
9,135.6047692341381,19.30167745728378,0.01930167745728378,325.7357177734375,179.4235610961914
9,137.26734327837926,19.202171528069314,0.019202171528069314,325.8388671875,179.4751434326172
9,138.94980025521468,19.202171528069314,0.019202171528069314,325.9419860839844,179.4751434326172
9,140.65287875361028,19.202171528069314,0.019202171528069314,326.04510498046875,179.4751434326172
9,142.3768315272216,19.202171528069314,0.019202171528069314,326.1482238769531,179.4751434326172
9,144.1219144276528,19.202171528069314,0.019202171528069314,326.2513427734375,179.4751434326172
9,145.88891241369,19.202171528069314,0.019202171528069314,326.3544921875,179.4751434326172
9,147.6770421514062,19.202171528069314,0.019202171528069314,326.4576110839844,179.4751434326172
9,149.48708861950294,19.202171528069314,0.019202171528069314,326.56072998046875,179.4751434326172
9,151.31932044673852,19.202171528069314,0.019202171528069314,326.6638488769531,179.4751434326172
9,153.17400955439706,19.202171528069314,0.019202171528069314,326.7669677734375,179.4751434326172
9,155.05143119664476,19.202171528069314,0.019202171528069314,326.8700866699219,179.4751434326172
9,156.9524298597883,19.202171528069314,0.019202171528069314,326.9732360839844,179.4751434326172
9,158.8761628056017,19.202171528069314,0.019202171528069314,327.07635498046875,179.4751434326172
9,160.82347454181732,19.202171528069314,0.019202171528069314,327.1794738769531,179.4751434326172
9,162.79465406871387,19.10317858172749,0.01910317858172749,327.2825927734375,179.52672576904297
9,164.78999392878515,19.004695973677933,0.019004695973677932,327.3857116699219,179.57830810546875
9,166.81039164933733,19.004695973677933,0.019004695973677932,327.4888610839844,179.57830810546875
9,168.85495156093947,19.004695973677933,0.019004695973677932,327.59197998046875,179.57830810546875
9,170.92457121366922,19.004695973677933,0.019004695973677932,327.6950988769531,179.57830810546875
9,173.01955775950657,19.004695973677933,0.019004695973677932,327.7982177734375,179.57830810546875
9,175.1402221151293,19.004695973677933,0.019004695973677932,327.9013366699219,179.57830810546875
9,177.28751818027345,19.004695973677933,0.019004695973677932,328.0044860839844,179.57830810546875
9,179.4604940297685,19.004695973677933,0.019004695973677932,328.10760498046875,179.57830810546875
9,181.66010358755253,19.004695973677933,0.019004695973677932,328.2107238769531,179.57830810546875
9,183.88667329739016,19.004695973677933,0.019004695973677932,328.3138427734375,179.57830810546875
9,186.14053360419925,19.004695973677933,0.019004695973677932,328.4169616699219,179.57830810546875
9,188.42201900309098,19.004695973677933,0.019004695973677932,328.52008056640625,179.57830810546875
9,190.73215573299584,19.004695973677933,0.019004695973677932,328.62322998046875,179.57830810546875
9,193.06991967929065,18.809251262231857,0.018809251262231857,328.7263488769531,179.6814727783203
9,195.43633710694309,18.809251262231857,0.018809251262231857,328.8294677734375,179.6814727783203
9,197.8317592156518,18.809251262231857,0.018809251262231857,328.9325866699219,179.6814727783203
9,200.25654150969692,18.809251262231857,0.018809251262231857,329.03570556640625,179.6814727783203
9,202.71177468463534,18.809251262231857,0.018809251262231857,329.13885498046875,179.6814727783203
9,205.19637030264207,18.809251262231857,0.018809251262231857,329.2419738769531,179.6814727783203
9,207.7114190869467,18.809251262231857,0.018809251262231857,329.3450927734375,179.6814727783203
9,210.2572942956082,18.809251262231857,0.018809251262231857,329.4482116699219,179.6814727783203
9,212.8343737616308,18.809251262231857,0.018809251262231857,329.55133056640625,179.6814727783203
9,215.44303994903916,18.809251262231857,0.018809251262231857,329.6544494628906,179.6814727783203
9,218.08446626652528,18.809251262231857,0.018809251262231857,329.7575988769531,179.6814727783203
9,220.75748173434465,18.809251262231857,0.018809251262231857,329.8607177734375,179.6814727783203
9,223.46325979096054,18.61581650849755,0.01861581650849755,329.9638366699219,179.78463745117188
9,226.20220200053808,18.61581650849755,0.01861581650849755,330.06695556640625,179.78463745117188
9,228.9747148491297,18.61581650849755,0.01861581650849755,330.1700744628906,179.78463745117188
9,231.78204544558076,18.61581650849755,0.01861581650849755,330.2732238769531,179.78463745117188
9,234.62294926255265,18.61581650849755,0.01861581650849755,330.3763427734375,179.78463745117188
9,237.49867344053123,18.61581650849755,0.01861581650849755,330.4794616699219,179.78463745117188
9,240.4096447653631,18.61581650849755,0.01861581650849755,330.58258056640625,179.78463745117188
9,243.35629525391928,18.61581650849755,0.01861581650849755,330.6856994628906,179.78463745117188
9,246.33995034420033,18.61581650849755,0.01861581650849755,330.7888488769531,179.78463745117188
9,249.35928734185322,18.61581650849755,0.01861581650849755,330.8919677734375,179.78463745117188
9,252.41563171850677,18.51984639792744,0.01851984639792744,330.9950866699219,179.83621978759766
9,255.50943706582748,18.424371042025694,0.018424371042025694,331.09820556640625,179.88780212402344
9,258.6411625350596,18.424371042025694,0.018424371042025694,331.2013244628906,179.88780212402344
9,261.8112729051674,18.424371042025694,0.018424371042025694,331.304443359375,179.88780212402344
9,265.02119412903164,18.424371042025694,0.018424371042025694,331.4075927734375,179.88780212402344
9,268.26950320548417,18.424371042025694,0.018424371042025694,331.5107116699219,179.88780212402344
9,271.55762612358376,18.424371042025694,0.018424371042025694,331.61383056640625,179.88780212402344
9,274.8860508732197,18.424371042025694,0.018424371042025694,331.7169494628906,179.88780212402344
9,278.2552714254708,18.424371042025694,0.018424371042025694,331.820068359375,179.88780212402344
9,281.66680329531573,18.424371042025694,0.018424371042025694,331.9232177734375,179.88780212402344
9,285.1191341048814,18.329387890183778,0.01832938789018378,332.0263366699219,179.93938446044922
9,288.6137794075973,18.234894404942334,0.018234894404942335,332.12945556640625,179.990966796875
9,292.1512578433126,18.234894404942334,0.018234894404942335,332.2325744628906,179.990966796875
9,295.73209440873615,18.234894404942334,0.018234894404942335,332.335693359375,179.990966796875
9,299.3568205353512,18.234894404942334,0.018234894404942335,332.4388122558594,179.990966796875
9,303.0270666675447,18.234894404942334,0.018234894404942335,332.5419616699219,179.990966796875
9,306.74120573593837,18.234894404942334,0.018234894404942335,332.64508056640625,179.990966796875
9,310.50086822628595,18.234894404942334,0.018234894404942335,332.7481994628906,179.990966796875
9,314.30661210960255,18.234894404942334,0.018234894404942335,332.851318359375,179.990966796875
9,318.1590021958369,18.234894404942334,0.018234894404942335,332.9544372558594,179.990966796875
9,322.0597713352991,18.047366349762715,0.018047366349762714,333.0575866699219,180.09413146972656
9,326.0071902646672,18.047366349762715,0.018047366349762714,333.16070556640625,180.09413146972656
9,330.00299187821633,18.047366349762715,0.018047366349762714,333.2638244628906,180.09413146972656
9,334.04776919233785,18.047366349762715,0.018047366349762714,333.366943359375,180.09413146972656
9,338.14212249190035,18.047366349762715,0.018047366349762714,333.4700622558594,180.09413146972656
9,342.2878934651094,18.047366349762715,0.018047366349762714,333.5732116699219,180.09413146972656
9,346.4832442360413,18.047366349762715,0.018047366349762714,333.67633056640625,180.09413146972656
9,350.730016539628,18.047366349762715,0.018047366349762714,333.7794494628906,180.09413146972656
9,355.0288406387879,17.954326770043217,0.017954326770043216,333.882568359375,180.14571380615234
9,359.3803545214396,17.86176683722768,0.01786176683722768,333.9856872558594,180.19729614257812
9,363.7865155496397,17.86176683722768,0.01786176683722768,334.0888366699219,180.19729614257812
9,368.2453704130568,17.86176683722768,0.01786176683722768,334.19195556640625,180.19729614257812
9,372.75887652340947,17.86176683722768,0.01786176683722768,334.2950744628906,180.19729614257812
9,377.32770372954496,17.86176683722768,0.01786176683722768,334.398193359375,180.19729614257812
9,381.95253009050737,17.86176683722768,0.01786176683722768,334.5013122558594,180.19729614257812
9,386.6354359075164,17.86176683722768,0.01786176683722768,334.6044616699219,180.19729614257812
9,391.3743451855612,17.769670494070017,0.017769670494070015,334.70758056640625,180.24888610839844
9,396.1713382786413,17.6780490051919,0.017678049005191904,334.8106994628906,180.30047607421875
9,401.02712710787097,17.6780490051919,0.017678049005191904,334.913818359375,180.30047607421875
9,405.9424323202305,17.6780490051919,0.017678049005191904,335.0169372558594,180.30047607421875
9,410.9194648777391,17.6780490051919,0.017678049005191904,335.1200866699219,180.30047607421875
9,415.9560183950532,17.6780490051919,0.017678049005191904,335.22320556640625,180.30047607421875
9,421.0543038902875,17.6780490051919,0.017678049005191904,335.3263244628906,180.30047607421875
9,426.21507799932044,17.586913367014677,0.017586913367014678,335.429443359375,180.35205841064453
9,431.43910663195896,17.496247560352433,0.017496247560352434,335.5325622558594,180.4036407470703
9,436.7287396176424,17.496247560352433,0.017496247560352434,335.6357116699219,180.4036407470703
9,442.08163199106133,17.496247560352433,0.017496247560352434,335.73883056640625,180.4036407470703
9,447.5001336412741,17.496247560352433,0.017496247560352434,335.8419494628906,180.4036407470703
9,452.98504872739665,17.496247560352433,0.017496247560352434,335.945068359375,180.4036407470703
9,458.5371912649557,17.496247560352433,0.017496247560352434,336.0481872558594,180.4036407470703
9,464.159058672879,17.406049163082965,0.017406049163082967,336.1513366699219,180.4552230834961
9,469.8481587018778,17.31631576557084,0.01731631576557084,336.25445556640625,180.50680541992188
9,475.60698883424357,17.31631576557084,0.01731631576557084,336.3575744628906,180.50680541992188
9,481.43640373719785,17.31631576557084,0.01731631576557084,336.460693359375,180.50680541992188
9,487.33726855343843,17.31631576557084,0.01731631576557084,336.5638122558594,180.50680541992188
9,493.31223756127156,17.31631576557084,0.01731631576557084,336.6669616699219,180.50680541992188
9,499.3586619767287,17.31631576557084,0.01731631576557084,336.77008056640625,180.50680541992188
9,505.47919614545805,17.138234393324808,0.01713823439332481,336.8731994628906,180.60997009277344
9,511.6747484151297,17.138234393324808,0.01713823439332481,336.976318359375,180.60997009277344
9,517.9462382668403,17.138234393324808,0.01713823439332481,337.0794372558594,180.60997009277344
9,524.2964866903886,17.138234393324808,0.01713823439332481,337.1825866699219,180.60997009277344
9,530.7226785354053,17.138234393324808,0.01713823439332481,337.28570556640625,180.60997009277344
9,537.2276348632619,17.138234393324808,0.01713823439332481,337.3888244628906,180.60997009277344
9,543.8123210736704,17.049881661176162,0.017049881661176162,337.491943359375,180.66155242919922
9,550.4777143990445,16.961984413828276,0.016961984413828277,337.5950622558594,180.713134765625
9,557.2268130115923,16.961984413828276,0.016961984413828277,337.6982116699219,180.713134765625
9,564.0566249453012,16.961984413828276,0.016961984413828277,337.80133056640625,180.713134765625
9,570.9701484484477,16.961984413828276,0.016961984413828277,337.9044494628906,180.713134765625
9,577.9684095561445,16.961984413828276,0.016961984413828277,338.007568359375,180.713134765625
9,585.0524468794009,16.874540303120565,0.016874540303120564,338.1106872558594,180.76471710205078
9,592.2254469014134,16.787546992997907,0.016787546992997907,338.2138366699219,180.81629943847656
9,599.4842297349827,16.787546992997907,0.016787546992997907,338.31695556640625,180.81629943847656
9,606.8319819441521,16.787546992997907,0.016787546992997907,338.4200744628906,180.81629943847656
9,614.2697940078588,16.787546992997907,0.016787546992997907,338.523193359375,180.81629943847656
9,621.7987697708118,16.787546992997907,0.016787546992997907,338.6263122558594,180.81629943847656
9,629.4222958547439,16.70100215944825,0.016701002159448253,338.7294616699219,180.86788177490234
9,637.1369926482046,16.61490349044052,0.01661490349044052,338.83258056640625,180.91946411132812
9,644.9462468588516,16.61490349044052,0.01661490349044052,338.9356994628906,180.91946411132812
9,652.8512174570733,16.61490349044052,0.01661490349044052,339.038818359375,180.91946411132812
9,660.8530776185153,16.61490349044052,0.01661490349044052,339.1419372558594,180.91946411132812
9,668.9554266738672,16.61490349044052,0.01661490349044052,339.2450866699219,180.91946411132812
9,677.1546727430285,16.44403545746113,0.01644403545746113,339.34820556640625,181.0226287841797
9,685.4544152480083,16.44403545746113,0.01644403545746113,339.4513244628906,181.0226287841797
9,693.8558859525004,16.44403545746113,0.01644403545746113,339.554443359375,181.0226287841797
9,702.3603317176651,16.44403545746113,0.01644403545746113,339.6575622558594,181.0226287841797
9,710.9715779430996,16.44403545746113,0.01644403545746113,339.7607116699219,181.0226287841797
9,719.6858071477569,16.359261528777918,0.016359261528777917,339.86383056640625,181.07421112060547
9,728.5068448282902,16.274924635091548,0.01627492463509155,339.9669494628906,181.12579345703125
9,737.4360001137395,16.274924635091548,0.01627492463509155,340.070068359375,181.12579345703125
9,746.4745981788665,16.274924635091548,0.01627492463509155,340.1731872558594,181.12579345703125
9,755.6267046912465,16.274924635091548,0.01627492463509155,340.2763366699219,181.12579345703125
9,764.8882623992064,16.274924635091548,0.01627492463509155,340.37945556640625,181.12579345703125
9,774.2633370734744,16.107528324426855,0.016107528324426856,340.4825744628906,181.22897338867188
9,783.7533200676484,16.107528324426855,0.016107528324426856,340.585693359375,181.22897338867188
9,793.359619788854,16.107528324426855,0.016107528324426856,340.6888122558594,181.22897338867188
9,803.0865572635423,16.107528324426855,0.016107528324426856,340.7919616699219,181.22897338867188
9,812.9298204097573,16.107528324426855,0.016107528324426856,340.89508056640625,181.22897338867188
9,822.8937303635788,15.941878148815663,0.015941878148815664,340.9981994628906,181.33213806152344
9,832.9797658675714,15.941878148815663,0.015941878148815664,341.101318359375,181.33213806152344
9,843.1894237889348,15.941878148815663,0.015941878148815664,341.2044372558594,181.33213806152344
9,853.5272965517258,15.941878148815663,0.015941878148815664,341.3075866699219,181.33213806152344
9,863.988801238174,15.941878148815663,0.015941878148815664,341.41070556640625,181.33213806152344
9,874.5785303888505,15.777931523254312,0.015777931523254313,341.5138244628906,181.435302734375
9,885.2980556240641,15.777931523254312,0.015777931523254313,341.616943359375,181.435302734375
9,896.1489678271437,15.777931523254312,0.015777931523254313,341.7200622558594,181.435302734375
9,907.1361478658507,15.777931523254312,0.015777931523254313,341.8232116699219,181.435302734375
9,918.2547249757862,15.696591559886974,0.015696591559886973,341.92633056640625,181.48688507080078
9,929.5095801485465,15.615670928396622,0.015615670928396622,342.0294494628906,181.53846740722656
9,940.902383715706,15.615670928396622,0.015615670928396622,342.132568359375,181.53846740722656
9,952.434826481742,15.615670928396622,0.015615670928396622,342.2356872558594,181.53846740722656
9,964.1120958748681,15.615670928396622,0.015615670928396622,342.3388366699219,181.53846740722656
9,975.9290152048114,15.535167467001816,0.015535167467001816,342.44195556640625,181.59004974365234
9,987.8907720313985,15.45507902506575,0.01545507902506575,342.5450744628906,181.64163208007812
9,999.9991415973846,15.45507902506575,0.01545507902506575,342.648193359375,181.64163208007812
10,35.93816872144108,37.21149406267047,0.03721149406267047,314.4951171875,172.8725128173828
10,36.378655302269415,37.21149406267047,0.03721149406267047,314.5982360839844,172.8725128173828
10,36.82454083454109,37.21149406267047,0.03721149406267047,314.70135498046875,172.8725128173828
10,37.275891492069235,37.21149406267047,0.03721149406267047,314.8044738769531,172.8725128173828
10,37.732774259745526,37.21149406267047,0.03721149406267047,314.9075927734375,172.8725128173828
10,38.19539464880535,37.21149406267047,0.03721149406267047,315.0107421875,172.8725128173828
10,38.663547573420075,37.21149406267047,0.03721149406267047,315.1138610839844,172.8725128173828
10,39.137438550039285,37.21149406267047,0.03721149406267047,315.21697998046875,172.8725128173828
10,39.61713790876038,37.21149406267047,0.03721149406267047,315.3200988769531,172.8725128173828
10,40.10271684170201,36.828810239176036,0.03682881023917604,315.4232177734375,172.97567749023438
10,40.59439376797181,36.828810239176036,0.03682881023917604,315.5263671875,172.97567749023438
10,41.09195072058815,36.828810239176036,0.03682881023917604,315.6294860839844,172.97567749023438
10,41.59560612420029,36.828810239176036,0.03682881023917604,315.73260498046875,172.97567749023438
10,42.10543472624032,36.828810239176036,0.03682881023917604,315.8357238769531,172.97567749023438
10,42.621512190303946,36.828810239176036,0.03682881023917604,315.9388427734375,172.97567749023438
10,43.14407065409628,36.828810239176036,0.03682881023917604,316.0419921875,172.97567749023438
10,43.67287846043563,36.828810239176036,0.03682881023917604,316.1451110839844,172.97567749023438
10,44.20816775291677,36.828810239176036,0.03682881023917604,316.24822998046875,172.97567749023438
10,44.750017973753145,36.828810239176036,0.03682881023917604,316.3513488769531,172.97567749023438
10,45.298509538864664,36.828810239176036,0.03682881023917604,316.4544677734375,172.97567749023438
10,45.85388916619981,36.828810239176036,0.03682881023917604,316.5576171875,172.97567749023438
10,46.415910648514526,36.828810239176036,0.03682881023917604,316.6607360839844,172.97567749023438
10,46.9848207100169,36.828810239176036,0.03682881023917604,316.76385498046875,172.97567749023438
10,47.560703782574215,36.828810239176036,0.03682881023917604,316.8669738769531,172.97567749023438
10,48.1436453329175,36.828810239176036,0.03682881023917604,316.9700927734375,172.97567749023438
10,48.73390757500321,36.828810239176036,0.03682881023917604,317.0732421875,172.97567749023438
10,49.331228837655914,36.828810239176036,0.03682881023917604,317.1763610839844,172.97567749023438
10,49.935871341484855,36.828810239176036,0.03682881023917604,317.27947998046875,172.97567749023438
10,50.547924821404415,36.828810239176036,0.03682881023917604,317.3825988769531,172.97567749023438
10,51.16748011219093,36.828810239176036,0.03682881023917604,317.4857177734375,172.97567749023438
10,51.79481589709147,36.828810239176036,0.03682881023917604,317.5888671875,172.97567749023438
10,52.429654069731306,36.828810239176036,0.03682881023917604,317.6919860839844,172.97567749023438
10,53.07227332042813,36.45006194454045,0.03645006194454045,317.79510498046875,173.07884216308594
10,53.72276902022028,36.45006194454045,0.03645006194454045,317.8982238769531,173.07884216308594
10,54.381237709088886,36.45006194454045,0.03645006194454045,318.0013427734375,173.07884216308594
10,55.047975573984566,36.45006194454045,0.03645006194454045,318.1044921875,173.07884216308594
10,55.72268704106161,36.45006194454045,0.03645006194454045,318.2076110839844,173.07884216308594
10,56.405668304785266,36.45006194454045,0.03645006194454045,318.31072998046875,173.07884216308594
10,57.09702072631499,36.45006194454045,0.03645006194454045,318.4138488769531,173.07884216308594
10,57.7968469091726,36.45006194454045,0.03645006194454045,318.5169677734375,173.07884216308594
10,58.50546164339521,36.45006194454045,0.03645006194454045,318.6201171875,173.07884216308594
10,59.22255079055888,36.45006194454045,0.03645006194454045,318.7232360839844,173.07884216308594
10,59.9484291486874,36.45006194454045,0.03645006194454045,318.82635498046875,173.07884216308594
10,60.683204445292304,36.45006194454045,0.03645006194454045,318.9294738769531,173.07884216308594
10,61.42698572827866,36.45006194454045,0.03645006194454045,319.0325927734375,173.07884216308594
10,62.18010755920387,36.45006194454045,0.03645006194454045,319.1357421875,173.07884216308594
10,62.94223606905059,36.45006194454045,0.03645006194454045,319.2388610839844,173.07884216308594
10,63.71370582786456,36.45006194454045,0.03645006194454045,319.34197998046875,173.07884216308594
10,64.49463132937107,36.45006194454045,0.03645006194454045,319.4450988769531,173.07884216308594
10,65.28512847062105,36.45006194454045,0.03645006194454045,319.5482177734375,173.07884216308594
10,66.08555282651369,36.45006194454045,0.03645006194454045,319.6513671875,173.07884216308594
10,66.89554955818724,36.075208705698344,0.036075208705698344,319.7544860839844,173.1820068359375
10,67.71547424956246,36.075208705698344,0.036075208705698344,319.85760498046875,173.1820068359375
10,68.54544858555481,36.075208705698344,0.036075208705698344,319.9607238769531,173.1820068359375
10,69.38559574254616,36.075208705698344,0.036075208705698344,320.0638427734375,173.1820068359375
10,70.23629362859607,36.075208705698344,0.036075208705698344,320.1669921875,173.1820068359375
10,71.097165117912,36.075208705698344,0.036075208705698344,320.2701110839844,173.1820068359375
10,71.96858812814156,36.075208705698344,0.036075208705698344,320.37322998046875,173.1820068359375
10,72.85069198705897,36.075208705698344,0.036075208705698344,320.4763488769531,173.1820068359375
10,73.74360760758174,36.075208705698344,0.036075208705698344,320.5794677734375,173.1820068359375
10,74.64773663364404,36.075208705698344,0.036075208705698344,320.6826171875,173.1820068359375
10,75.56267825271188,36.075208705698344,0.036075208705698344,320.7857360839844,173.1820068359375
10,76.48883411890962,36.075208705698344,0.036075208705698344,320.88885498046875,173.1820068359375
10,77.42634168290753,36.075208705698344,0.036075208705698344,320.9919738769531,173.1820068359375
10,78.3753400800797,36.075208705698344,0.036075208705698344,321.0950927734375,173.1820068359375
10,79.33625618105194,36.075208705698344,0.036075208705698344,321.1982421875,173.1820068359375
10,80.30866399881765,36.075208705698344,0.036075208705698344,321.3013610839844,173.1820068359375
10,81.29299041483299,35.88923019829605,0.03588923019829605,321.40447998046875,173.23358917236328
10,82.2893815128517,35.70421046581029,0.03570421046581029,321.5075988769531,173.28517150878906
10,83.29798516714555,35.70421046581029,0.03570421046581029,321.6107177734375,173.28517150878906
10,84.3192550594851,35.70421046581029,0.03570421046581029,321.7138671875,173.28517150878906
10,85.35273844721782,35.70421046581029,0.03570421046581029,321.8169860839844,173.28517150878906
10,86.39888902362487,35.70421046581029,0.03570421046581029,321.92010498046875,173.28517150878906
10,87.45786204777559,35.70421046581029,0.03570421046581029,322.0232238769531,173.28517150878906
10,88.529814681717,35.70421046581029,0.03570421046581029,322.1263427734375,173.28517150878906
10,89.61522910233495,35.70421046581029,0.03570421046581029,322.2294921875,173.28517150878906
10,90.71362413084631,35.70421046581029,0.03570421046581029,322.3326110839844,173.28517150878906
10,91.82548195637051,35.70421046581029,0.03570421046581029,322.43572998046875,173.28517150878906
10,92.95096758958098,35.70421046581029,0.03570421046581029,322.5388488769531,173.28517150878906
10,94.09024806365234,35.70421046581029,0.03570421046581029,322.6419677734375,173.28517150878906
10,95.24383584032364,35.70421046581029,0.03570421046581029,322.7451171875,173.28517150878906
10,96.41121951864805,35.520144565469145,0.03552014456546915,322.8482360839844,173.33675384521484
10,97.59291157336648,35.3370275799822,0.0353370275799822,322.95135498046875,173.38833618164062
10,98.78908737924128,35.3370275799822,0.0353370275799822,323.0544738769531,173.38833618164062
10,99.99992446056623,35.3370275799822,0.0353370275799822,323.1575927734375,173.38833618164062
10,101.22596746608284,35.3370275799822,0.0353370275799822,323.2607421875,173.38833618164062
10,102.46667287446867,35.3370275799822,0.0353370275799822,323.3638610839844,173.38833618164062
10,103.7225853482838,35.3370275799822,0.0353370275799822,323.46697998046875,173.38833618164062
10,104.99389127733305,35.3370275799822,0.0353370275799822,323.5700988769531,173.38833618164062
10,106.28077933596188,35.3370275799822,0.0353370275799822,323.6732177734375,173.38833618164062
10,107.58382838153489,35.3370275799822,0.0353370275799822,323.7763671875,173.38833618164062
10,108.90246075491822,35.3370275799822,0.0353370275799822,323.8794860839844,173.38833618164062
10,110.23725532816276,35.3370275799822,0.0353370275799822,323.98260498046875,173.38833618164062
10,111.58841019795533,35.3370275799822,0.0353370275799822,324.0857238769531,173.38833618164062
10,112.95612588901228,35.15485461740913,0.03515485461740913,324.1888427734375,173.4399185180664
10,114.34101761591634,34.973620811029015,0.03497362081102902,324.2919921875,173.4915008544922
10,115.74247143757474,34.973620811029015,0.03497362081102902,324.3951110839844,173.4915008544922
10,117.16110258417908,34.973620811029015,0.03497362081102902,324.49822998046875,173.4915008544922
10,118.59712159459106,34.973620811029015,0.03497362081102902,324.6013488769531,173.4915008544922
10,120.05074158820294,34.973620811029015,0.03497362081102902,324.7044677734375,173.4915008544922
10,121.52261642036176,34.973620811029015,0.03497362081102902,324.8076171875,173.4915008544922
10,123.01209358919652,34.973620811029015,0.03497362081102902,324.9107360839844,173.4915008544922
10,124.51982696664358,34.973620811029015,0.03497362081102902,325.01385498046875,173.4915008544922
10,126.04604031521492,34.973620811029015,0.03497362081102902,325.1169738769531,173.4915008544922
10,127.59096014003266,34.973620811029015,0.03497362081102902,325.2200927734375,173.4915008544922
10,129.15528136418047,34.973620811029015,0.03497362081102902,325.3232421875,173.4915008544922
10,130.7383105030604,34.79332131921036,0.034793321319210355,325.4263610839844,173.54308319091797
10,132.3407424973876,34.613951325281725,0.03461395132528173,325.52947998046875,173.59466552734375
10,133.96281516388322,34.613951325281725,0.03461395132528173,325.6325988769531,173.59466552734375
10,135.6047692341381,34.613951325281725,0.03461395132528173,325.7357177734375,173.59466552734375
10,137.26734327837926,34.613951325281725,0.03461395132528173,325.8388671875,173.59466552734375
10,138.94980025521468,34.613951325281725,0.03461395132528173,325.9419860839844,173.59466552734375
10,140.65287875361028,34.613951325281725,0.03461395132528173,326.04510498046875,173.59466552734375
10,142.3768315272216,34.613951325281725,0.03461395132528173,326.1482238769531,173.59466552734375
10,144.1219144276528,34.613951325281725,0.03461395132528173,326.2513427734375,173.59466552734375
10,145.88891241369,34.613951325281725,0.03461395132528173,326.3544921875,173.59466552734375
10,147.6770421514062,34.613951325281725,0.03461395132528173,326.4576110839844,173.59466552734375
10,149.48708861950294,34.25792830955078,0.03425792830955078,326.56072998046875,173.69784545898438
10,151.31932044673852,34.25792830955078,0.03425792830955078,326.6638488769531,173.69784545898438
10,153.17400955439706,34.25792830955078,0.03425792830955078,326.7669677734375,173.69784545898438
10,155.05143119664476,34.25792830955078,0.03425792830955078,326.8700866699219,173.69784545898438
10,156.9524298597883,34.25792830955078,0.03425792830955078,326.9732360839844,173.69784545898438
10,158.8761628056017,34.25792830955078,0.03425792830955078,327.07635498046875,173.69784545898438
10,160.82347454181732,34.25792830955078,0.03425792830955078,327.1794738769531,173.69784545898438
10,162.79465406871387,34.25792830955078,0.03425792830955078,327.2825927734375,173.69784545898438
10,164.78999392878515,34.25792830955078,0.03425792830955078,327.3857116699219,173.69784545898438
10,166.81039164933733,34.081344481385855,0.034081344481385854,327.4888610839844,173.74942016601562
10,168.85495156093947,33.90567086145327,0.03390567086145327,327.59197998046875,173.80099487304688
10,170.92457121366922,33.90567086145327,0.03390567086145327,327.6950988769531,173.80099487304688
10,173.01955775950657,33.90567086145327,0.03390567086145327,327.7982177734375,173.80099487304688
10,175.1402221151293,33.90567086145327,0.03390567086145327,327.9013366699219,173.80099487304688
10,177.28751818027345,33.90567086145327,0.03390567086145327,328.0044860839844,173.80099487304688
10,179.4604940297685,33.90567086145327,0.03390567086145327,328.10760498046875,173.80099487304688
10,181.66010358755253,33.90567086145327,0.03390567086145327,328.2107238769531,173.80099487304688
10,183.88667329739016,33.90567086145327,0.03390567086145327,328.3138427734375,173.80099487304688
10,186.14053360419925,33.73085118504034,0.03373085118504034,328.4169616699219,173.8525848388672
10,188.42201900309098,33.55693288938421,0.03355693288938421,328.52008056640625,173.9041748046875
10,190.73215573299584,33.55693288938421,0.03355693288938421,328.62322998046875,173.9041748046875
10,193.06991967929065,33.55693288938421,0.03355693288938421,328.7263488769531,173.9041748046875
10,195.43633710694309,33.55693288938421,0.03355693288938421,328.8294677734375,173.9041748046875
10,197.8317592156518,33.55693288938421,0.03355693288938421,328.9325866699219,173.9041748046875
10,200.25654150969692,33.55693288938421,0.03355693288938421,329.03570556640625,173.9041748046875
10,202.71177468463534,33.55693288938421,0.03355693288938421,329.13885498046875,173.9041748046875
10,205.19637030264207,33.55693288938421,0.03355693288938421,329.2419738769531,173.9041748046875
10,207.7114190869467,33.3839368481782,0.033383936848178204,329.3450927734375,173.95575714111328
10,210.2572942956082,33.211832653386494,0.033211832653386494,329.4482116699219,174.00733947753906
10,212.8343737616308,33.211832653386494,0.033211832653386494,329.55133056640625,174.00733947753906
10,215.44303994903916,33.211832653386494,0.033211832653386494,329.6544494628906,174.00733947753906
10,218.08446626652528,33.211832653386494,0.033211832653386494,329.7575988769531,174.00733947753906
10,220.75748173434465,33.211832653386494,0.033211832653386494,329.8607177734375,174.00733947753906
10,223.46325979096054,33.211832653386494,0.033211832653386494,329.9638366699219,174.00733947753906
10,226.20220200053808,33.211832653386494,0.033211832653386494,330.06695556640625,174.00733947753906
10,228.9747148491297,33.04061570727369,0.033040615707273686,330.1700744628906,174.05892181396484
10,231.78204544558076,32.87028143580706,0.03287028143580706,330.2732238769531,174.11050415039062
10,234.62294926255265,32.87028143580706,0.03287028143580706,330.3763427734375,174.11050415039062
10,237.49867344053123,32.87028143580706,0.03287028143580706,330.4794616699219,174.11050415039062
10,240.4096447653631,32.87028143580706,0.03287028143580706,330.58258056640625,174.11050415039062
10,243.35629525391928,32.87028143580706,0.03287028143580706,330.6856994628906,174.11050415039062
10,246.33995034420033,32.87028143580706,0.03287028143580706,330.7888488769531,174.11050415039062
10,249.35928734185322,32.87028143580706,0.03287028143580706,330.8919677734375,174.11050415039062
10,252.41563171850677,32.70082528853439,0.03270082528853439,330.9950866699219,174.1620864868164
10,255.50943706582748,32.53224273846242,0.032532242738462426,331.09820556640625,174.2136688232422
10,258.6411625350596,32.53224273846242,0.032532242738462426,331.2013244628906,174.2136688232422
10,261.8112729051674,32.53224273846242,0.032532242738462426,331.304443359375,174.2136688232422
10,265.02119412903164,32.53224273846242,0.032532242738462426,331.4075927734375,174.2136688232422
10,268.26950320548417,32.53224273846242,0.032532242738462426,331.5107116699219,174.2136688232422
10,271.55762612358376,32.53224273846242,0.032532242738462426,331.61383056640625,174.2136688232422
10,274.8860508732197,32.364529281935894,0.032364529281935894,331.7169494628906,174.26525115966797
10,278.2552714254708,32.197680438517246,0.03219768043851725,331.820068359375,174.31683349609375
10,281.66680329531573,32.197680438517246,0.03219768043851725,331.9232177734375,174.31683349609375
10,285.1191341048814,32.197680438517246,0.03219768043851725,332.0263366699219,174.31683349609375
10,288.6137794075973,32.197680438517246,0.03219768043851725,332.12945556640625,174.31683349609375
10,292.1512578433126,32.197680438517246,0.03219768043851725,332.2325744628906,174.31683349609375
10,295.73209440873615,32.197680438517246,0.03219768043851725,332.335693359375,174.31683349609375
10,299.3568205353512,32.03169175086689,0.03203169175086689,332.4388122558594,174.36841583251953
10,303.0270666675447,31.866558784624175,0.031866558784624174,332.5419616699219,174.4199981689453
10,306.74120573593837,31.866558784624175,0.031866558784624174,332.64508056640625,174.4199981689453
10,310.50086822628595,31.866558784624175,0.031866558784624174,332.7481994628906,174.4199981689453
10,314.30661210960255,31.866558784624175,0.031866558784624174,332.851318359375,174.4199981689453
10,318.1590021958369,31.866558784624175,0.031866558784624174,332.9544372558594,174.4199981689453
10,322.0597713352991,31.866558784624175,0.031866558784624174,333.0575866699219,174.4199981689453
10,326.0071902646672,31.538842393103536,0.03153884239310354,333.16070556640625,174.52316284179688
10,330.00299187821633,31.538842393103536,0.03153884239310354,333.2638244628906,174.52316284179688
10,334.04776919233785,31.538842393103536,0.03153884239310354,333.366943359375,174.52316284179688
10,338.14212249190035,31.538842393103536,0.03153884239310354,333.4700622558594,174.52316284179688
10,342.2878934651094,31.538842393103536,0.03153884239310354,333.5732116699219,174.52316284179688
10,346.4832442360413,31.538842393103536,0.03153884239310354,333.67633056640625,174.52316284179688
10,350.730016539628,31.3762262265003,0.0313762262265003,333.7794494628906,174.5747528076172
10,355.0288406387879,31.21444851862396,0.031214448518623962,333.882568359375,174.6263427734375
10,359.3803545214396,31.21444851862396,0.031214448518623962,333.9856872558594,174.6263427734375
10,363.7865155496397,31.21444851862396,0.031214448518623962,334.0888366699219,174.6263427734375
10,368.2453704130568,31.21444851862396,0.031214448518623962,334.19195556640625,174.6263427734375
10,372.75887652340947,31.21444851862396,0.031214448518623962,334.2950744628906,174.6263427734375
10,377.32770372954496,31.05355242579342,0.03105355242579342,334.398193359375,174.67791748046875
10,381.95253009050737,30.893485678151315,0.030893485678151315,334.5013122558594,174.7294921875
10,386.6354359075164,30.893485678151315,0.030893485678151315,334.6044616699219,174.7294921875
10,391.3743451855612,30.893485678151315,0.030893485678151315,334.70758056640625,174.7294921875
10,396.1713382786413,30.893485678151315,0.030893485678151315,334.8106994628906,174.7294921875
10,401.02712710787097,30.893485678151315,0.030893485678151315,334.913818359375,174.7294921875
10,405.9424323202305,30.575729642897887,0.030575729642897887,335.0169372558594,174.83267211914062
10,410.9194648777391,30.575729642897887,0.030575729642897887,335.1200866699219,174.83267211914062
10,415.9560183950532,30.575729642897887,0.030575729642897887,335.22320556640625,174.83267211914062
10,421.0543038902875,30.575729642897887,0.030575729642897887,335.3263244628906,174.83267211914062
10,426.21507799932044,30.575729642897887,0.030575729642897887,335.429443359375,174.83267211914062
10,431.43910663195896,30.418125851434148,0.03041812585143415,335.5325622558594,174.88424682617188
10,436.7287396176424,30.261334434862963,0.030261334434862962,335.6357116699219,174.93582153320312
10,442.08163199106133,30.261334434862963,0.030261334434862962,335.73883056640625,174.93582153320312
10,447.5001336412741,30.261334434862963,0.030261334434862962,335.8419494628906,174.93582153320312
10,452.98504872739665,30.261334434862963,0.030261334434862962,335.945068359375,174.93582153320312
10,458.5371912649557,30.261334434862963,0.030261334434862962,336.0481872558594,174.93582153320312
10,464.159058672879,30.10530517606011,0.03010530517606011,336.1513366699219,174.98741149902344
10,469.8481587018778,29.950080413491715,0.029950080413491717,336.25445556640625,175.03900146484375
10,475.60698883424357,29.950080413491715,0.029950080413491717,336.3575744628906,175.03900146484375
10,481.43640373719785,29.950080413491715,0.029950080413491717,336.460693359375,175.03900146484375
10,487.33726855343843,29.950080413491715,0.029950080413491717,336.5638122558594,175.03900146484375
10,493.31223756127156,29.79567877725114,0.02979567877725114,336.6669616699219,175.09058380126953
10,499.3586619767287,29.64207312769723,0.029642073127697233,336.77008056640625,175.1421661376953
10,505.47919614545805,29.64207312769723,0.029642073127697233,336.8731994628906,175.1421661376953
10,511.6747484151297,29.64207312769723,0.029642073127697233,336.976318359375,175.1421661376953
10,517.9462382668403,29.64207312769723,0.029642073127697233,337.0794372558594,175.1421661376953
10,524.2964866903886,29.48925936128018,0.02948925936128018,337.1825866699219,175.1937484741211
10,530.7226785354053,29.3372333956052,0.0293372333956052,337.28570556640625,175.24533081054688
10,537.2276348632619,29.3372333956052,0.0293372333956052,337.3888244628906,175.24533081054688
10,543.8123210736704,29.3372333956052,0.0293372333956052,337.491943359375,175.24533081054688
10,550.4777143990445,29.3372333956052,0.0293372333956052,337.5950622558594,175.24533081054688
10,557.2268130115923,29.185991169323476,0.029185991169323477,337.6982116699219,175.29691314697266
10,564.0566249453012,29.035528642023664,0.029035528642023665,337.80133056640625,175.34849548339844
10,570.9701484484477,29.035528642023664,0.029035528642023665,337.9044494628906,175.34849548339844
10,577.9684095561445,29.035528642023664,0.029035528642023665,338.007568359375,175.34849548339844
10,585.0524468794009,29.035528642023664,0.029035528642023665,338.1106872558594,175.34849548339844
10,592.2254469014134,28.885841794123962,0.028885841794123963,338.2138366699219,175.40007781982422
10,599.4842297349827,28.736926626764678,0.028736926626764678,338.31695556640625,175.45166015625
10,606.8319819441521,28.736926626764678,0.028736926626764678,338.4200744628906,175.45166015625
10,614.2697940078588,28.736926626764678,0.028736926626764678,338.523193359375,175.45166015625
10,621.7987697708118,28.736926626764678,0.028736926626764678,338.6263122558594,175.45166015625
10,629.4222958547439,28.441351955605207,0.028441351955605206,338.7294616699219,175.55484008789062
10,637.1369926482046,28.441351955605207,0.028441351955605206,338.83258056640625,175.55484008789062
10,644.9462468588516,28.441351955605207,0.028441351955605206,338.9356994628906,175.55484008789062
10,652.8512174570733,28.441351955605207,0.028441351955605206,339.038818359375,175.55484008789062
10,660.8530776185153,28.294749897210856,0.028294749897210855,339.1419372558594,175.60641479492188
10,668.9554266738672,28.148903504846682,0.028148903504846685,339.2450866699219,175.65798950195312
10,677.1546727430285,28.148903504846682,0.028148903504846685,339.34820556640625,175.65798950195312
10,685.4544152480083,28.148903504846682,0.028148903504846685,339.4513244628906,175.65798950195312
10,693.8558859525004,28.148903504846682,0.028148903504846685,339.554443359375,175.65798950195312
10,702.3603317176651,27.8593769662225,0.0278593769662225,339.6575622558594,175.76116943359375
10,710.9715779430996,27.8593769662225,0.0278593769662225,339.7607116699219,175.76116943359375
10,719.6858071477569,27.8593769662225,0.0278593769662225,339.86383056640625,175.76116943359375
10,728.5068448282902,27.8593769662225,0.0278593769662225,339.9669494628906,175.76116943359375
10,737.4360001137395,27.715774720618704,0.027715774720618706,340.070068359375,175.812744140625
10,746.4745981788665,27.57291267839304,0.027572912678393038,340.1731872558594,175.86431884765625
10,755.6267046912465,27.57291267839304,0.027572912678393038,340.2763366699219,175.86431884765625
10,764.8882623992064,27.57291267839304,0.027572912678393038,340.37945556640625,175.86431884765625
10,774.2633370734744,27.430745083718524,0.027430745083718525,340.4825744628906,175.91590881347656
10,783.7533200676484,27.28931051370524,0.02728931051370524,340.585693359375,175.96749877929688
10,793.359619788854,27.28931051370524,0.02728931051370524,340.6888122558594,175.96749877929688
10,803.0865572635423,27.28931051370524,0.02728931051370524,340.7919616699219,175.96749877929688
10,812.9298204097573,27.28931051370524,0.02728931051370524,340.89508056640625,175.96749877929688
10,822.8937303635788,27.008666644090038,0.02700866664409004,340.9981994628906,176.07066345214844
10,832.9797658675714,27.008666644090038,0.02700866664409004,341.101318359375,176.07066345214844
10,843.1894237889348,27.008666644090038,0.02700866664409004,341.2044372558594,176.07066345214844
10,853.5272965517258,27.008666644090038,0.02700866664409004,341.3075866699219,176.07066345214844
10,863.988801238174,26.730908922203362,0.026730908922203363,341.41070556640625,176.173828125
10,874.5785303888505,26.730908922203362,0.026730908922203363,341.5138244628906,176.173828125
10,885.2980556240641,26.730908922203362,0.026730908922203363,341.616943359375,176.173828125
10,896.1489678271437,26.730908922203362,0.026730908922203363,341.7200622558594,176.173828125
10,907.1361478658507,26.593103079320656,0.026593103079320658,341.8232116699219,176.22541046142578
10,918.2547249757862,26.4560076668385,0.026456007666838498,341.92633056640625,176.27699279785156
10,929.5095801485465,26.4560076668385,0.026456007666838498,342.0294494628906,176.27699279785156
10,940.902383715706,26.4560076668385,0.026456007666838498,342.132568359375,176.27699279785156
10,952.434826481742,26.183933502030907,0.02618393350203091,342.2356872558594,176.38015747070312
10,964.1120958748681,26.183933502030907,0.02618393350203091,342.3388366699219,176.38015747070312
10,975.9290152048114,26.183933502030907,0.02618393350203091,342.44195556640625,176.38015747070312
10,987.8907720313985,26.183933502030907,0.02618393350203091,342.5450744628906,176.38015747070312
10,999.9991415973846,25.914657353919115,0.025914657353919113,342.648193359375,176.4833221435547
11,13.234075612959126,53.43298152100798,0.053432981521007984,306.03887939453125,169.26168823242188
11,13.396282896317393,53.43298152100798,0.053432981521007984,306.1419982910156,169.26168823242188
11,13.560478320256383,53.43298152100798,0.053432981521007984,306.2451171875,169.26168823242188
11,13.726686252997334,53.43298152100798,0.053432981521007984,306.3482360839844,169.26168823242188
11,13.894981456820666,53.43298152100798,0.053432981521007984,306.4513854980469,169.26168823242188
11,14.065289324203354,53.43298152100798,0.053432981521007984,306.55450439453125,169.26168823242188
11,14.237684619322641,53.43298152100798,0.053432981521007984,306.6576232910156,169.26168823242188
11,14.412192927341573,53.43298152100798,0.053432981521007984,306.7607421875,169.26168823242188
11,14.588840147015164,53.43298152100798,0.053432981521007984,306.8638610839844,169.26168823242188
11,14.767705736337694,53.43298152100798,0.053432981521007984,306.9670104980469,169.26168823242188
11,14.948710401792377,53.157477857404025,0.053157477857404024,307.07012939453125,169.3132781982422
11,15.131933603389449,52.8833947072451,0.0528833947072451,307.1732482910156,169.3648681640625
11,15.31740253326015,52.8833947072451,0.0528833947072451,307.2763671875,169.3648681640625
11,15.505144716823935,52.8833947072451,0.0528833947072451,307.3794860839844,169.3648681640625
11,15.695188016873544,52.8833947072451,0.0528833947072451,307.48260498046875,169.3648681640625
11,15.887617917117558,52.8833947072451,0.0528833947072451,307.58575439453125,169.3648681640625
11,16.082349110798077,52.8833947072451,0.0528833947072451,307.6888732910156,169.3648681640625
11,16.279467083792518,52.8833947072451,0.0528833947072451,307.7919921875,169.3648681640625
11,16.479001090353318,52.8833947072451,0.0528833947072451,307.8951110839844,169.3648681640625
11,16.68098074329611,52.8833947072451,0.0528833947072451,307.99822998046875,169.3648681640625
11,16.885496895441207,52.8833947072451,0.0528833947072451,308.10137939453125,169.3648681640625
11,17.092458882032997,52.8833947072451,0.0528833947072451,308.2044982910156,169.3648681640625
11,17.30195755819686,52.8833947072451,0.0528833947072451,308.3076171875,169.3648681640625
11,17.51402401560374,52.8833947072451,0.0528833947072451,308.4107360839844,169.3648681640625
11,17.728689727008675,52.8833947072451,0.0528833947072451,308.51385498046875,169.3648681640625
11,17.94605125157007,52.8833947072451,0.0528833947072451,308.61700439453125,169.3648681640625
11,18.166012230006288,52.8833947072451,0.0528833947072451,308.7201232910156,169.3648681640625
11,18.388669223925604,52.8833947072451,0.0528833947072451,308.8232421875,169.3648681640625
11,18.61405527782315,52.8833947072451,0.0528833947072451,308.9263610839844,169.3648681640625
11,18.842203841213532,52.8833947072451,0.0528833947072451,309.02947998046875,169.3648681640625
11,19.07314877359499,52.33962073766988,0.05233962073766989,309.1325988769531,169.468017578125
11,19.306993956710755,52.33962073766988,0.05233962073766989,309.2357482910156,169.468017578125
11,19.543635723852077,52.33962073766988,0.05233962073766989,309.3388671875,169.468017578125
11,19.78317795939782,52.33962073766988,0.05233962073766989,309.4419860839844,169.468017578125
11,20.02565621377961,52.33962073766988,0.05233962073766989,309.54510498046875,169.468017578125
11,20.271106473163268,52.33962073766988,0.05233962073766989,309.6482238769531,169.468017578125
11,20.519639143958493,52.33962073766988,0.05233962073766989,309.7513732910156,169.468017578125
11,20.77114404829605,52.33962073766988,0.05233962073766989,309.8544921875,169.468017578125
11,21.025731595386844,52.33962073766988,0.05233962073766989,309.9576110839844,169.468017578125
11,21.2834395685352,52.33962073766988,0.05233962073766989,310.06072998046875,169.468017578125
11,21.544306214147472,52.33962073766988,0.05233962073766989,310.1638488769531,169.468017578125
11,21.808370247408206,52.33962073766988,0.05233962073766989,310.2669677734375,169.468017578125
11,22.075750447421203,52.33962073766988,0.05233962073766989,310.3701171875,169.468017578125
11,22.346328280954573,52.33962073766988,0.05233962073766989,310.4732360839844,169.468017578125
11,22.62022253012572,52.33962073766988,0.05233962073766989,310.57635498046875,169.468017578125
11,22.89747384354411,52.33962073766988,0.05233962073766989,310.6794738769531,169.468017578125
11,23.178123368040637,52.33962073766988,0.05233962073766989,310.7825927734375,169.468017578125
11,23.46229734306793,51.80127972476074,0.05180127972476074,310.8857421875,169.57119750976562
11,23.749869790488145,51.80127972476074,0.05180127972476074,310.9888610839844,169.57119750976562
11,24.04096695295677,51.80127972476074,0.05180127972476074,311.09197998046875,169.57119750976562
11,24.335632032165353,51.80127972476074,0.05180127972476074,311.1950988769531,169.57119750976562
11,24.633908759319503,51.80127972476074,0.05180127972476074,311.2982177734375,169.57119750976562
11,24.9359313027946,51.80127972476074,0.05180127972476074,311.4013671875,169.57119750976562
11,25.24156577194286,51.80127972476074,0.05180127972476074,311.5044860839844,169.57119750976562
11,25.5509463385437,51.80127972476074,0.05180127972476074,311.60760498046875,169.57119750976562
11,25.86411891772631,51.80127972476074,0.05180127972476074,311.7107238769531,169.57119750976562
11,26.181129987391902,51.80127972476074,0.05180127972476074,311.8138427734375,169.57119750976562
11,26.502122142843188,51.80127972476074,0.05180127972476074,311.9169921875,169.57119750976562
11,26.82695308394874,51.80127972476074,0.05180127972476074,312.0201110839844,169.57119750976562
11,27.155765409629115,51.80127972476074,0.05180127972476074,312.12322998046875,169.57119750976562
11,27.488607918878255,51.80127972476074,0.05180127972476074,312.2263488769531,169.57119750976562
11,27.825530008809157,51.80127972476074,0.05180127972476074,312.3294677734375,169.57119750976562
11,28.166683230935295,51.5342680072107,0.0515342680072107,312.4326171875,169.62277221679688
11,28.51191634745376,51.26863261197715,0.05126863261197715,312.5357360839844,169.67434692382812
11,28.861380913723117,51.26863261197715,0.05126863261197715,312.63885498046875,169.67434692382812
11,29.21512879373362,51.26863261197715,0.05126863261197715,312.7419738769531,169.67434692382812
11,29.573212487161587,51.26863261197715,0.05126863261197715,312.8450927734375,169.67434692382812
11,29.935793064258323,51.26863261197715,0.05126863261197715,312.9482421875,169.67434692382812
11,30.302709788186778,51.26863261197715,0.05126863261197715,313.0513610839844,169.67434692382812
11,30.67412373328488,51.26863261197715,0.05126863261197715,313.15447998046875,169.67434692382812
11,31.050090021047303,51.26863261197715,0.05126863261197715,313.2575988769531,169.67434692382812
11,31.4306644485813,51.26863261197715,0.05126863261197715,313.3607177734375,169.67434692382812
11,31.816018202734583,51.26863261197715,0.05126863261197715,313.4638671875,169.67434692382812
11,32.205980451015016,51.26863261197715,0.05126863261197715,313.5669860839844,169.67434692382812
11,32.600722384613526,51.26863261197715,0.05126863261197715,313.67010498046875,169.67434692382812
11,33.00030258712854,51.26863261197715,0.05126863261197715,313.7732238769531,169.67434692382812
11,33.40478036020528,51.00428846140767,0.05100428846140767,313.8763427734375,169.72593688964844
11,33.81433764269701,50.74130728516344,0.05074130728516344,313.9794921875,169.77752685546875
11,34.228792872362625,50.74130728516344,0.05074130728516344,314.0826110839844,169.77752685546875
11,34.64832799267142,50.74130728516344,0.05074130728516344,314.18572998046875,169.77752685546875
11,35.0730052667754,50.74130728516344,0.05074130728516344,314.2888488769531,169.77752685546875
11,35.50288772097287,50.74130728516344,0.05074130728516344,314.3919677734375,169.77752685546875
11,35.93816872144108,50.74130728516344,0.05074130728516344,314.4951171875,169.77752685546875
11,36.378655302269415,50.74130728516344,0.05074130728516344,314.5982360839844,169.77752685546875
11,36.82454083454109,50.74130728516344,0.05074130728516344,314.70135498046875,169.77752685546875
11,37.275891492069235,50.74130728516344,0.05074130728516344,314.8044738769531,169.77752685546875
11,37.732774259745526,50.74130728516344,0.05074130728516344,314.9075927734375,169.77752685546875
11,38.19539464880535,50.74130728516344,0.05074130728516344,315.0107421875,169.77752685546875
11,38.663547573420075,50.74130728516344,0.05074130728516344,315.1138610839844,169.77752685546875
11,39.137438550039285,50.47972064627462,0.05047972064627462,315.21697998046875,169.82910919189453
11,39.61713790876038,50.21948256486897,0.05021948256486897,315.3200988769531,169.8806915283203
11,40.10271684170201,50.21948256486897,0.05021948256486897,315.4232177734375,169.8806915283203
11,40.59439376797181,50.21948256486897,0.05021948256486897,315.5263671875,169.8806915283203
11,41.09195072058815,50.21948256486897,0.05021948256486897,315.6294860839844,169.8806915283203
11,41.59560612420029,50.21948256486897,0.05021948256486897,315.73260498046875,169.8806915283203
11,42.10543472624032,50.21948256486897,0.05021948256486897,315.8357238769531,169.8806915283203
11,42.621512190303946,50.21948256486897,0.05021948256486897,315.9388427734375,169.8806915283203
11,43.14407065409628,50.21948256486897,0.05021948256486897,316.0419921875,169.8806915283203
11,43.67287846043563,50.21948256486897,0.05021948256486897,316.1451110839844,169.8806915283203
11,44.20816775291677,50.21948256486897,0.05021948256486897,316.24822998046875,169.8806915283203
11,44.750017973753145,50.21948256486897,0.05021948256486897,316.3513488769531,169.8806915283203
11,45.298509538864664,49.9605860887287,0.0499605860887287,316.4544677734375,169.9322738647461
11,45.85388916619981,49.703024301476766,0.049703024301476766,316.5576171875,169.98385620117188
11,46.415910648514526,49.703024301476766,0.049703024301476766,316.6607360839844,169.98385620117188
11,46.9848207100169,49.703024301476766,0.049703024301476766,316.76385498046875,169.98385620117188
11,47.560703782574215,49.703024301476766,0.049703024301476766,316.8669738769531,169.98385620117188
11,48.1436453329175,49.703024301476766,0.049703024301476766,316.9700927734375,169.98385620117188
11,48.73390757500321,49.703024301476766,0.049703024301476766,317.0732421875,169.98385620117188
11,49.331228837655914,49.703024301476766,0.049703024301476766,317.1763610839844,169.98385620117188
11,49.935871341484855,49.703024301476766,0.049703024301476766,317.27947998046875,169.98385620117188
11,50.547924821404415,49.703024301476766,0.049703024301476766,317.3825988769531,169.98385620117188
11,51.16748011219093,49.703024301476766,0.049703024301476766,317.4857177734375,169.98385620117188
11,51.79481589709147,49.44675252143639,0.04944675252143639,317.5888671875,170.0354461669922
11,52.429654069731306,49.19180209409372,0.04919180209409372,317.6919860839844,170.0870361328125
11,53.07227332042813,49.19180209409372,0.04919180209409372,317.79510498046875,170.0870361328125
11,53.72276902022028,49.19180209409372,0.04919180209409372,317.8982238769531,170.0870361328125
11,54.381237709088886,49.19180209409372,0.04919180209409372,318.0013427734375,170.0870361328125
11,55.047975573984566,49.19180209409372,0.04919180209409372,318.1044921875,170.0870361328125
11,55.72268704106161,49.19180209409372,0.04919180209409372,318.2076110839844,170.0870361328125
11,56.405668304785266,49.19180209409372,0.04919180209409372,318.31072998046875,170.0870361328125
11,57.09702072631499,49.19180209409372,0.04919180209409372,318.4138488769531,170.0870361328125
11,57.7968469091726,49.19180209409372,0.04919180209409372,318.5169677734375,170.0870361328125
11,58.50546164339521,49.19180209409372,0.04919180209409372,318.6201171875,170.0870361328125
11,59.22255079055888,48.938241030808854,0.048938241030808856,318.7232360839844,170.13861083984375
11,59.9484291486874,48.68598695791829,0.04868598695791829,318.82635498046875,170.190185546875
11,60.683204445292304,48.68598695791829,0.04868598695791829,318.9294738769531,170.190185546875
11,61.42698572827866,48.68598695791829,0.04868598695791829,319.0325927734375,170.190185546875
11,62.18010755920387,48.68598695791829,0.04868598695791829,319.1357421875,170.190185546875
11,62.94223606905059,48.68598695791829,0.04868598695791829,319.2388610839844,170.190185546875
11,63.71370582786456,48.68598695791829,0.04868598695791829,319.34197998046875,170.190185546875
11,64.49463132937107,48.68598695791829,0.04868598695791829,319.4450988769531,170.190185546875
11,65.28512847062105,48.68598695791829,0.04868598695791829,319.5482177734375,170.190185546875
11,66.08555282651369,48.68598695791829,0.04868598695791829,319.6513671875,170.190185546875
11,66.89554955818724,48.18522552396041,0.048185225523960415,319.7544860839844,170.29336547851562
11,67.71547424956246,48.18522552396041,0.048185225523960415,319.85760498046875,170.29336547851562
11,68.54544858555481,48.18522552396041,0.048185225523960415,319.9607238769531,170.29336547851562
11,69.38559574254616,48.18522552396041,0.048185225523960415,320.0638427734375,170.29336547851562
11,70.23629362859607,48.18522552396041,0.048185225523960415,320.1669921875,170.29336547851562
11,71.097165117912,48.18522552396041,0.048185225523960415,320.2701110839844,170.29336547851562
11,71.96858812814156,48.18522552396041,0.048185225523960415,320.37322998046875,170.29336547851562
11,72.85069198705897,48.18522552396041,0.048185225523960415,320.4763488769531,170.29336547851562
11,73.74360760758174,48.18522552396041,0.048185225523960415,320.5794677734375,170.29336547851562
11,74.64773663364404,47.93685289888145,0.04793685289888145,320.6826171875,170.34494018554688
11,75.56267825271188,47.68976052018955,0.047689760520189556,320.7857360839844,170.39651489257812
11,76.48883411890962,47.68976052018955,0.047689760520189556,320.88885498046875,170.39651489257812
11,77.42634168290753,47.68976052018955,0.047689760520189556,320.9919738769531,170.39651489257812
11,78.3753400800797,47.68976052018955,0.047689760520189556,321.0950927734375,170.39651489257812
11,79.33625618105194,47.68976052018955,0.047689760520189556,321.1982421875,170.39651489257812
11,80.30866399881765,47.68976052018955,0.047689760520189556,321.3013610839844,170.39651489257812
11,81.29299041483299,47.68976052018955,0.047689760520189556,321.40447998046875,170.39651489257812
11,82.2893815128517,47.68976052018955,0.047689760520189556,321.5075988769531,170.39651489257812
11,83.29798516714555,47.443869249186044,0.047443869249186046,321.6107177734375,170.44810485839844
11,84.3192550594851,47.19924580835186,0.047199245808351865,321.7138671875,170.49969482421875
11,85.35273844721782,47.19924580835186,0.047199245808351865,321.8169860839844,170.49969482421875
11,86.39888902362487,47.19924580835186,0.047199245808351865,321.92010498046875,170.49969482421875
11,87.45786204777559,47.19924580835186,0.047199245808351865,322.0232238769531,170.49969482421875
11,88.529814681717,47.19924580835186,0.047199245808351865,322.1263427734375,170.49969482421875
11,89.61522910233495,47.19924580835186,0.047199245808351865,322.2294921875,170.49969482421875
11,90.71362413084631,47.19924580835186,0.047199245808351865,322.3326110839844,170.49969482421875
11,91.82548195637051,46.955955454188434,0.04695595545418844,322.43572998046875,170.55126953125
11,92.95096758958098,46.7139191496484,0.0467139191496484,322.5388488769531,170.60284423828125
11,94.09024806365234,46.7139191496484,0.0467139191496484,322.6419677734375,170.60284423828125
11,95.24383584032364,46.7139191496484,0.0467139191496484,322.7451171875,170.60284423828125
11,96.41121951864805,46.7139191496484,0.0467139191496484,322.8482360839844,170.60284423828125
11,97.59291157336648,46.7139191496484,0.0467139191496484,322.95135498046875,170.60284423828125
11,98.78908737924128,46.7139191496484,0.0467139191496484,323.0544738769531,170.60284423828125
11,99.99992446056623,46.7139191496484,0.0467139191496484,323.1575927734375,170.60284423828125
11,101.22596746608284,46.7139191496484,0.0467139191496484,323.2607421875,170.60284423828125
11,102.46667287446867,46.233441488604164,0.046233441488604164,323.3638610839844,170.70602416992188
11,103.7225853482838,46.233441488604164,0.046233441488604164,323.46697998046875,170.70602416992188
11,104.99389127733305,46.233441488604164,0.046233441488604164,323.5700988769531,170.70602416992188
11,106.28077933596188,46.233441488604164,0.046233441488604164,323.6732177734375,170.70602416992188
11,107.58382838153489,46.233441488604164,0.046233441488604164,323.7763671875,170.70602416992188
11,108.90246075491822,46.233441488604164,0.046233441488604164,323.8794860839844,170.70602416992188
11,110.23725532816276,46.233441488604164,0.046233441488604164,323.98260498046875,170.70602416992188
11,111.58841019795533,45.995129410491145,0.045995129410491144,324.0857238769531,170.75759887695312
11,112.95612588901228,45.758045721283324,0.04575804572128332,324.1888427734375,170.80917358398438
11,114.34101761591634,45.758045721283324,0.04575804572128332,324.2919921875,170.80917358398438
11,115.74247143757474,45.758045721283324,0.04575804572128332,324.3951110839844,170.80917358398438
11,117.16110258417908,45.758045721283324,0.04575804572128332,324.49822998046875,170.80917358398438
11,118.59712159459106,45.758045721283324,0.04575804572128332,324.6013488769531,170.80917358398438
11,120.05074158820294,45.758045721283324,0.04575804572128332,324.7044677734375,170.80917358398438
11,121.52261642036176,45.52211448786311,0.045522114487863106,324.8076171875,170.8607635498047
11,123.01209358919652,45.287399730059924,0.04528739973005993,324.9107360839844,170.912353515625
11,124.51982696664358,45.287399730059924,0.04528739973005993,325.01385498046875,170.912353515625
11,126.04604031521492,45.287399730059924,0.04528739973005993,325.1169738769531,170.912353515625
11,127.59096014003266,45.287399730059924,0.04528739973005993,325.2200927734375,170.912353515625
11,129.15528136418047,45.287399730059924,0.04528739973005993,325.3232421875,170.912353515625
11,130.7383105030604,45.287399730059924,0.04528739973005993,325.4263610839844,170.912353515625
11,132.3407424973876,45.287399730059924,0.04528739973005993,325.52947998046875,170.912353515625
11,133.96281516388322,44.82166311503361,0.04482166311503361,325.6325988769531,171.01551818847656
11,135.6047692341381,44.82166311503361,0.04482166311503361,325.7357177734375,171.01551818847656
11,137.26734327837926,44.82166311503361,0.04482166311503361,325.8388671875,171.01551818847656
11,138.94980025521468,44.82166311503361,0.04482166311503361,325.9419860839844,171.01551818847656
11,140.65287875361028,44.82166311503361,0.04482166311503361,326.04510498046875,171.01551818847656
11,142.3768315272216,44.82166311503361,0.04482166311503361,326.1482238769531,171.01551818847656
11,144.1219144276528,44.82166311503361,0.04482166311503361,326.2513427734375,171.01551818847656
11,145.88891241369,44.36071614560119,0.04436071614560119,326.3544921875,171.11868286132812
11,147.6770421514062,44.36071614560119,0.04436071614560119,326.4576110839844,171.11868286132812
11,149.48708861950294,44.36071614560119,0.04436071614560119,326.56072998046875,171.11868286132812
11,151.31932044673852,44.36071614560119,0.04436071614560119,326.6638488769531,171.11868286132812
11,153.17400955439706,44.36071614560119,0.04436071614560119,326.7669677734375,171.11868286132812
11,155.05143119664476,44.36071614560119,0.04436071614560119,326.8700866699219,171.11868286132812
11,156.9524298597883,44.13202336537751,0.04413202336537751,326.9732360839844,171.1702651977539
11,158.8761628056017,43.90450956494204,0.04390450956494204,327.07635498046875,171.2218475341797
11,160.82347454181732,43.90450956494204,0.04390450956494204,327.1794738769531,171.2218475341797
11,162.79465406871387,43.90450956494204,0.04390450956494204,327.2825927734375,171.2218475341797
11,164.78999392878515,43.90450956494204,0.04390450956494204,327.3857116699219,171.2218475341797
11,166.81039164933733,43.90450956494204,0.04390450956494204,327.4888610839844,171.2218475341797
11,168.85495156093947,43.6781686663008,0.0436781686663008,327.59197998046875,171.27342987060547
11,170.92457121366922,43.4529946227937,0.04345299462279371,327.6950988769531,171.32501220703125
11,173.01955775950657,43.4529946227937,0.04345299462279371,327.7982177734375,171.32501220703125
11,175.1402221151293,43.4529946227937,0.04345299462279371,327.9013366699219,171.32501220703125
11,177.28751818027345,43.4529946227937,0.04345299462279371,328.0044860839844,171.32501220703125
11,179.4604940297685,43.4529946227937,0.04345299462279371,328.10760498046875,171.32501220703125
11,181.66010358755253,43.4529946227937,0.04345299462279371,328.2107238769531,171.32501220703125
11,183.88667329739016,43.22894837135186,0.04322894837135186,328.3138427734375,171.37660217285156
11,186.14053360419925,43.006057315845794,0.043006057315845794,328.4169616699219,171.42819213867188
11,188.42201900309098,43.006057315845794,0.043006057315845794,328.52008056640625,171.42819213867188
11,190.73215573299584,43.006057315845794,0.043006057315845794,328.62322998046875,171.42819213867188
11,193.06991967929065,43.006057315845794,0.043006057315845794,328.7263488769531,171.42819213867188
11,195.43633710694309,43.006057315845794,0.043006057315845794,328.8294677734375,171.42819213867188
11,197.8317592156518,42.784380915378954,0.04278438091537896,328.9325866699219,171.47976684570312
11,200.25654150969692,42.56384715456783,0.04256384715456783,329.03570556640625,171.53134155273438
11,202.71177468463534,42.56384715456783,0.04256384715456783,329.13885498046875,171.53134155273438
11,205.19637030264207,42.56384715456783,0.04256384715456783,329.2419738769531,171.53134155273438
11,207.7114190869467,42.56384715456783,0.04256384715456783,329.3450927734375,171.53134155273438
11,210.2572942956082,42.56384715456783,0.04256384715456783,329.4482116699219,171.53134155273438
11,212.8343737616308,42.12605520522708,0.04212605520522708,329.55133056640625,171.634521484375
11,215.44303994903916,42.12605520522708,0.04212605520522708,329.6544494628906,171.634521484375
11,218.08446626652528,42.12605520522708,0.04212605520522708,329.7575988769531,171.634521484375
11,220.75748173434465,42.12605520522708,0.04212605520522708,329.8607177734375,171.634521484375
11,223.46325979096054,42.12605520522708,0.04212605520522708,329.9638366699219,171.634521484375
11,226.20220200053808,41.908914809975826,0.04190891480997583,330.06695556640625,171.68609619140625
11,228.9747148491297,41.69289367336436,0.04169289367336436,330.1700744628906,171.7376708984375
11,231.78204544558076,41.69289367336436,0.04169289367336436,330.2732238769531,171.7376708984375
11,234.62294926255265,41.69289367336436,0.04169289367336436,330.3763427734375,171.7376708984375
11,237.49867344053123,41.69289367336436,0.04169289367336436,330.4794616699219,171.7376708984375
11,240.4096447653631,41.69289367336436,0.04169289367336436,330.58258056640625,171.7376708984375
11,243.35629525391928,41.47792260818534,0.041477922608185336,330.6856994628906,171.7892608642578
11,246.33995034420033,41.26405994673637,0.04126405994673637,330.7888488769531,171.84085083007812
11,249.35928734185322,41.26405994673637,0.04126405994673637,330.8919677734375,171.84085083007812
11,252.41563171850677,41.26405994673637,0.04126405994673637,330.9950866699219,171.84085083007812
11,255.50943706582748,41.26405994673637,0.04126405994673637,331.09820556640625,171.84085083007812
11,258.6411625350596,41.05133135683798,0.04105133135683798,331.2013244628906,171.8924331665039
11,261.8112729051674,40.83969944654452,0.040839699446544524,331.304443359375,171.9440155029297
11,265.02119412903164,40.83969944654452,0.040839699446544524,331.4075927734375,171.9440155029297
11,268.26950320548417,40.83969944654452,0.040839699446544524,331.5107116699219,171.9440155029297
11,271.55762612358376,40.83969944654452,0.040839699446544524,331.61383056640625,171.9440155029297
11,274.8860508732197,40.62915856214412,0.04062915856214412,331.7169494628906,171.99559783935547
11,278.2552714254708,40.41970307907146,0.04041970307907146,331.820068359375,172.04718017578125
11,281.66680329531573,40.41970307907146,0.04041970307907146,331.9232177734375,172.04718017578125
11,285.1191341048814,40.41970307907146,0.04041970307907146,332.0263366699219,172.04718017578125
11,288.6137794075973,40.41970307907146,0.04041970307907146,332.12945556640625,172.04718017578125
11,292.1512578433126,40.41970307907146,0.04041970307907146,332.2325744628906,172.04718017578125
11,295.73209440873615,40.00402596348029,0.04000402596348029,332.335693359375,172.1503448486328
11,299.3568205353512,40.00402596348029,0.04000402596348029,332.4388122558594,172.1503448486328
11,303.0270666675447,40.00402596348029,0.04000402596348029,332.5419616699219,172.1503448486328
11,306.74120573593837,40.00402596348029,0.04000402596348029,332.64508056640625,172.1503448486328
11,310.50086822628595,40.00402596348029,0.04000402596348029,332.7481994628906,172.1503448486328
11,314.30661210960255,39.59262368048967,0.03959262368048967,332.851318359375,172.25350952148438
11,318.1590021958369,39.59262368048967,0.03959262368048967,332.9544372558594,172.25350952148438
11,322.0597713352991,39.59262368048967,0.03959262368048967,333.0575866699219,172.25350952148438
11,326.0071902646672,39.59262368048967,0.03959262368048967,333.16070556640625,172.25350952148438
11,330.00299187821633,39.38851184523159,0.039388511845231594,333.2638244628906,172.30509185791016
11,334.04776919233785,39.18545226762707,0.03918545226762707,333.366943359375,172.35667419433594
11,338.14212249190035,39.18545226762707,0.03918545226762707,333.4700622558594,172.35667419433594
11,342.2878934651094,39.18545226762707,0.03918545226762707,333.5732116699219,172.35667419433594
11,346.4832442360413,39.18545226762707,0.03918545226762707,333.67633056640625,172.35667419433594
11,350.730016539628,38.983439522972695,0.038983439522972695,333.7794494628906,172.40825653076172
11,355.0288406387879,38.78246821453103,0.03878246821453103,333.882568359375,172.4598388671875
11,359.3803545214396,38.78246821453103,0.03878246821453103,333.9856872558594,172.4598388671875
11,363.7865155496397,38.78246821453103,0.03878246821453103,334.0888366699219,172.4598388671875
11,368.2453704130568,38.78246821453103,0.03878246821453103,334.19195556640625,172.4598388671875
11,372.75887652340947,38.38356977148786,0.038383569771487866,334.2950744628906,172.56301879882812
11,377.32770372954496,38.38356977148786,0.038383569771487866,334.398193359375,172.56301879882812
11,381.95253009050737,38.38356977148786,0.038383569771487866,334.5013122558594,172.56301879882812
11,386.6354359075164,38.38356977148786,0.038383569771487866,334.6044616699219,172.56301879882812
11,391.3743451855612,38.18569097130934,0.03818569097130934,334.70758056640625,172.6146011352539
11,396.1713382786413,37.98883229562141,0.03798883229562141,334.8106994628906,172.6661834716797
11,401.02712710787097,37.98883229562141,0.03798883229562141,334.913818359375,172.6661834716797
11,405.9424323202305,37.98883229562141,0.03798883229562141,335.0169372558594,172.6661834716797
11,410.9194648777391,37.98883229562141,0.03798883229562141,335.1200866699219,172.6661834716797
11,415.9560183950532,37.792988485376725,0.037792988485376725,335.22320556640625,172.71776580810547
11,421.0543038902875,37.598154308639934,0.037598154308639935,335.3263244628906,172.76934814453125
11,426.21507799932044,37.598154308639934,0.037598154308639935,335.429443359375,172.76934814453125
11,431.43910663195896,37.598154308639934,0.037598154308639935,335.5325622558594,172.76934814453125
11,436.7287396176424,37.40432456044785,0.03740432456044785,335.6357116699219,172.82093048095703
11,442.08163199106133,37.21149406267047,0.03721149406267047,335.73883056640625,172.8725128173828
11,447.5001336412741,37.21149406267047,0.03721149406267047,335.8419494628906,172.8725128173828
11,452.98504872739665,37.21149406267047,0.03721149406267047,335.945068359375,172.8725128173828
11,458.5371912649557,37.019657663872536,0.03701965766387254,336.0481872558594,172.9240951538086
11,464.159058672879,36.828810239176036,0.03682881023917604,336.1513366699219,172.97567749023438
11,469.8481587018778,36.828810239176036,0.03682881023917604,336.25445556640625,172.97567749023438
11,475.60698883424357,36.828810239176036,0.03682881023917604,336.3575744628906,172.97567749023438
11,481.43640373719785,36.828810239176036,0.03682881023917604,336.460693359375,172.97567749023438
11,487.33726855343843,36.45006194454045,0.03645006194454045,336.5638122558594,173.07884216308594
11,493.31223756127156,36.45006194454045,0.03645006194454045,336.6669616699219,173.07884216308594
11,499.3586619767287,36.45006194454045,0.03645006194454045,336.77008056640625,173.07884216308594
11,505.47919614545805,36.45006194454045,0.03645006194454045,336.8731994628906,173.07884216308594
11,511.6747484151297,36.26215095640259,0.036262150956402596,336.976318359375,173.13042449951172
11,517.9462382668403,36.075208705698344,0.036075208705698344,337.0794372558594,173.1820068359375
11,524.2964866903886,36.075208705698344,0.036075208705698344,337.1825866699219,173.1820068359375
11,530.7226785354053,36.075208705698344,0.036075208705698344,337.28570556640625,173.1820068359375
11,537.2276348632619,35.88923019829605,0.03588923019829605,337.3888244628906,173.23358917236328
11,543.8123210736704,35.70421046581029,0.03570421046581029,337.491943359375,173.28517150878906
11,550.4777143990445,35.70421046581029,0.03570421046581029,337.5950622558594,173.28517150878906
11,557.2268130115923,35.70421046581029,0.03570421046581029,337.6982116699219,173.28517150878906
11,564.0566249453012,35.520144565469145,0.03552014456546915,337.80133056640625,173.33675384521484
11,570.9701484484477,35.3370275799822,0.0353370275799822,337.9044494628906,173.38833618164062
11,577.9684095561445,35.3370275799822,0.0353370275799822,338.007568359375,173.38833618164062
11,585.0524468794009,35.3370275799822,0.0353370275799822,338.1106872558594,173.38833618164062
11,592.2254469014134,35.1548277423158,0.035154827742315806,338.2138366699219,173.43992614746094
11,599.4842297349827,34.9735673379611,0.0349735673379611,338.31695556640625,173.49151611328125
11,606.8319819441521,34.9735673379611,0.0349735673379611,338.4200744628906,173.49151611328125
11,614.2697940078588,34.9735673379611,0.0349735673379611,338.523193359375,173.49151611328125
11,621.7987697708118,34.793268121812154,0.03479326812181215,338.6263122558594,173.54309844970703
11,629.4222958547439,34.61389840213204,0.03461389840213204,338.7294616699219,173.5946807861328
11,637.1369926482046,34.61389840213204,0.03461389840213204,338.83258056640625,173.5946807861328
11,644.9462468588516,34.61389840213204,0.03461389840213204,338.9356994628906,173.5946807861328
11,652.8512174570733,34.435453387088046,0.03443545338708805,339.038818359375,173.6462631225586
11,660.8530776185153,34.25792830955078,0.03425792830955078,339.1419372558594,173.69784545898438
11,668.9554266738672,34.25792830955078,0.03425792830955078,339.2450866699219,173.69784545898438
11,677.1546727430285,34.08131842696682,0.034081318426966815,339.34820556640625,173.74942779541016
11,685.4544152480083,33.90561902123202,0.03390561902123202,339.4513244628906,173.80101013183594
11,693.8558859525004,33.90561902123202,0.03390561902123202,339.554443359375,173.80101013183594
11,702.3603317176651,33.90561902123202,0.03390561902123202,339.6575622558594,173.80101013183594
11,710.9715779430996,33.7308253985655,0.0337308253985655,339.7607116699219,173.85259246826172
11,719.6858071477569,33.55693288938421,0.03355693288938421,339.86383056640625,173.9041748046875
11,728.5068448282902,33.55693288938421,0.03355693288938421,339.9669494628906,173.9041748046875
11,737.4360001137395,33.55693288938421,0.03355693288938421,340.070068359375,173.9041748046875
11,746.4745981788665,33.3839368481782,0.033383936848178204,340.1731872558594,173.95575714111328
11,755.6267046912465,33.211832653386494,0.033211832653386494,340.2763366699219,174.00733947753906
11,764.8882623992064,33.211832653386494,0.033211832653386494,340.37945556640625,174.00733947753906
11,774.2633370734744,33.04061570727369,0.033040615707273686,340.4825744628906,174.05892181396484
11,783.7533200676484,32.87028143580706,0.03287028143580706,340.585693359375,174.11050415039062
11,793.359619788854,32.87028143580706,0.03287028143580706,340.6888122558594,174.11050415039062
11,803.0865572635423,32.87028143580706,0.03287028143580706,340.7919616699219,174.11050415039062
11,812.9298204097573,32.70082528853439,0.03270082528853439,340.89508056640625,174.1620864868164
11,822.8937303635788,32.53224273846242,0.032532242738462426,340.9981994628906,174.2136688232422
11,832.9797658675714,32.53224273846242,0.032532242738462426,341.101318359375,174.2136688232422
11,843.1894237889348,32.53224273846242,0.032532242738462426,341.2044372558594,174.2136688232422
11,853.5272965517258,32.197680438517246,0.03219768043851725,341.3075866699219,174.31683349609375
11,863.988801238174,32.197680438517246,0.03219768043851725,341.41070556640625,174.31683349609375
11,874.5785303888505,32.197680438517246,0.03219768043851725,341.5138244628906,174.31683349609375
11,885.2980556240641,32.03169175086689,0.03203169175086689,341.616943359375,174.36841583251953
11,896.1489678271437,31.866558784624175,0.031866558784624174,341.7200622558594,174.4199981689453
11,907.1361478658507,31.866558784624175,0.031866558784624174,341.8232116699219,174.4199981689453
11,918.2547249757862,31.866558784624175,0.031866558784624174,341.92633056640625,174.4199981689453
11,929.5095801485465,31.538842393103536,0.03153884239310354,342.0294494628906,174.52316284179688
11,940.902383715706,31.538842393103536,0.03153884239310354,342.132568359375,174.52316284179688
11,952.434826481742,31.538842393103536,0.03153884239310354,342.2356872558594,174.52316284179688
11,964.1120958748681,31.21444851862396,0.031214448518623962,342.3388366699219,174.6263427734375
11,975.9290152048114,31.21444851862396,0.031214448518623962,342.44195556640625,174.6263427734375
11,987.8907720313985,31.21444851862396,0.031214448518623962,342.5450744628906,174.6263427734375
11,999.9991415973846,31.21444851862396,0.031214448518623962,342.648193359375,174.6263427734375
12,0.9999994506222493,46.233512177531395,0.0462335121775314,284.1763916015625,170.7060089111328
12,1.0122598832032694,46.233512177531395,0.0462335121775314,284.279541015625,170.7060089111328
12,1.0246669398431885,46.233512177531395,0.0462335121775314,284.3826599121094,170.7060089111328
12,1.0372260671687294,46.233512177531395,0.0462335121775314,284.48577880859375,170.7060089111328
12,1.049939129078325,46.233512177531395,0.0462335121775314,284.5888977050781,170.7060089111328
12,1.062808012315819,46.233512177531395,0.0462335121775314,284.6920166015625,170.7060089111328
12,1.075838505456048,46.233512177531395,0.0462335121775314,284.795166015625,170.7060089111328
12,1.0890248319064848,46.233512177531395,0.0462335121775314,284.8982849121094,170.7060089111328
12,1.1023727803888301,46.233512177531395,0.0462335121775314,285.00140380859375,170.7060089111328
12,1.115884331870361,46.233512177531395,0.0462335121775314,285.1045227050781,170.7060089111328
12,1.1295614915986536,46.233512177531395,0.0462335121775314,285.2076416015625,170.7060089111328
12,1.143410411720804,46.233512177531395,0.0462335121775314,285.310791015625,170.7060089111328
12,1.157424952824617,46.233512177531395,0.0462335121775314,285.4139099121094,170.7060089111328
12,1.1716112672132781,46.233512177531395,0.0462335121775314,285.51702880859375,170.7060089111328
12,1.1859714602758373,46.233512177531395,0.0462335121775314,285.6201477050781,170.7060089111328
12,1.2005076632066565,46.233512177531395,0.0462335121775314,285.7232666015625,170.7060089111328
12,1.2152220333216983,46.233512177531395,0.0462335121775314,285.8263854980469,170.7060089111328
12,1.230121189317474,46.233512177531395,0.0462335121775314,285.9295349121094,170.7060089111328
12,1.2451985261981275,46.233512177531395,0.0462335121775314,286.03265380859375,170.7060089111328
12,1.2604606628280957,46.233512177531395,0.0462335121775314,286.1357727050781,170.7060089111328
12,1.2759098642590665,46.233512177531395,0.0462335121775314,286.2388916015625,170.7060089111328
12,1.2915484233049899,46.233512177531395,0.0462335121775314,286.3420104980469,170.7060089111328
12,1.3073833743734133,46.233512177531395,0.0462335121775314,286.4451599121094,170.7060089111328
12,1.3234076976179632,46.233512177531395,0.0462335121775314,286.54827880859375,170.7060089111328
12,1.3396284276246606,46.233512177531395,0.0462335121775314,286.6513977050781,170.7060089111328
12,1.3560479717099094,46.233512177531395,0.0462335121775314,286.7545166015625,170.7060089111328
12,1.3726687666960857,46.233512177531395,0.0462335121775314,286.8576354980469,170.7060089111328
12,1.3894932792731851,46.233512177531395,0.0462335121775314,286.96075439453125,170.7060089111328
12,1.4065290773045829,46.233512177531395,0.0462335121775314,287.06390380859375,170.7060089111328
12,1.4237686085923271,46.233512177531395,0.0462335121775314,287.1670227050781,170.7060089111328
12,1.4412194411918018,46.233512177531395,0.0462335121775314,287.2701416015625,170.7060089111328
12,1.4588841649787747,46.233512177531395,0.0462335121775314,287.3732604980469,170.7060089111328
12,1.4767654015725775,46.233512177531395,0.0462335121775314,287.47637939453125,170.7060089111328
12,1.4948711941634607,46.233512177531395,0.0462335121775314,287.57952880859375,170.7060089111328
12,1.5131935162105208,46.233512177531395,0.0462335121775314,287.6826477050781,170.7060089111328
12,1.531740411108076,46.233512177531395,0.0462335121775314,287.7857666015625,170.7060089111328
12,1.5505146313983555,46.233512177531395,0.0462335121775314,287.8888854980469,170.7060089111328
12,1.5695189633609212,46.233512177531395,0.0462335121775314,287.99200439453125,170.7060089111328
12,1.588761955367512,46.233512177531395,0.0462335121775314,288.09515380859375,170.7060089111328
12,1.6082350767414577,46.233512177531395,0.0462335121775314,288.1982727050781,170.7060089111328
12,1.6279468760713827,46.233512177531395,0.0462335121775314,288.3013916015625,170.7060089111328
12,1.6479002787828296,46.233512177531395,0.0462335121775314,288.4045104980469,170.7060089111328
12,1.6680982461576679,46.233512177531395,0.0462335121775314,288.50762939453125,170.7060089111328
12,1.688543775773576,46.233512177531395,0.0462335121775314,288.6107482910156,170.7060089111328
12,1.7092460642699254,46.233512177531395,0.0462335121775314,288.7138977050781,170.7060089111328
12,1.7301959340443236,46.233512177531395,0.0462335121775314,288.8170166015625,170.7060089111328
12,1.7514025819694743,46.233512177531395,0.0462335121775314,288.9201354980469,170.7060089111328
12,1.7728691553212035,46.233512177531395,0.0462335121775314,289.02325439453125,170.7060089111328
12,1.7945988399508364,46.233512177531395,0.0462335121775314,289.1263732910156,170.7060089111328
12,1.8166014101257526,46.233512177531395,0.0462335121775314,289.2295227050781,170.7060089111328
12,1.8388671118112372,46.233512177531395,0.0462335121775314,289.3326416015625,170.7060089111328
12,1.8614057195226574,46.233512177531395,0.0462335121775314,289.4357604980469,170.7060089111328
12,1.8842205782118164,46.233512177531395,0.0462335121775314,289.53887939453125,170.7060089111328
12,1.907315073828888,46.233512177531395,0.0462335121775314,289.6419982910156,170.7060089111328
12,1.9306995945492658,46.233512177531395,0.0462335121775314,289.7451477050781,170.7060089111328
12,1.954363773701006,46.233512177531395,0.0462335121775314,289.8482666015625,170.7060089111328
12,1.9783179997230653,46.233512177531395,0.0462335121775314,289.9513854980469,170.7060089111328
12,2.002565827658974,46.233512177531395,0.0462335121775314,290.05450439453125,170.7060089111328
12,2.0271108561256828,46.233512177531395,0.0462335121775314,290.1576232910156,170.7060089111328
12,2.0519641257652985,46.233512177531395,0.0462335121775314,290.2607727050781,170.7060089111328
12,2.0771146187897664,46.233512177531395,0.0462335121775314,290.3638916015625,170.7060089111328
12,2.10257337612131,46.233512177531395,0.0462335121775314,290.4670104980469,170.7060089111328
12,2.1283441760907533,46.233512177531395,0.0462335121775314,290.57012939453125,170.7060089111328
12,2.1544308433391257,46.233512177531395,0.0462335121775314,290.6732482910156,170.7060089111328
12,2.1808451119557666,46.233512177531395,0.0462335121775314,290.7763977050781,170.7060089111328
12,2.2075752721408195,46.233512177531395,0.0462335121775314,290.8795166015625,170.7060089111328
12,2.2346330582813336,46.233512177531395,0.0462335121775314,290.9826354980469,170.7060089111328
12,2.2620224860197884,46.233512177531395,0.0462335121775314,291.08575439453125,170.7060089111328
12,2.289747620217547,46.233512177531395,0.0462335121775314,291.1888732910156,170.7060089111328
12,2.317820931965628,46.233512177531395,0.0462335121775314,291.2920227050781,170.7060089111328
12,2.3462299759880842,46.233512177531395,0.0462335121775314,291.3951416015625,170.7060089111328
12,2.374987223692343,46.233512177531395,0.0462335121775314,291.4982604980469,170.7060089111328
12,2.4040969429377497,46.233512177531395,0.0462335121775314,291.60137939453125,170.7060089111328
12,2.433563453893904,46.233512177531395,0.0462335121775314,291.7044982910156,170.7060089111328
12,2.4634000109435457,46.233512177531395,0.0462335121775314,291.8076477050781,170.7060089111328
12,2.4935933871404137,46.233512177531395,0.0462335121775314,291.9107666015625,170.7060089111328
12,2.52415683720353,46.233512177531395,0.0462335121775314,292.0138854980469,170.7060089111328
12,2.555094897050494,46.233512177531395,0.0462335121775314,292.11700439453125,170.7060089111328
12,2.5864121581946935,46.233512177531395,0.0462335121775314,292.2201232910156,170.7060089111328
12,2.6181227075080407,46.233512177531395,0.0462335121775314,292.3232727050781,170.7060089111328
12,2.650212487278349,46.233512177531395,0.0462335121775314,292.4263916015625,170.7060089111328
12,2.6826955847349345,46.233512177531395,0.0462335121775314,292.5295104980469,170.7060089111328
12,2.7155768206900133,46.233512177531395,0.0462335121775314,292.63262939453125,170.7060089111328
12,2.7488610750434845,46.233512177531395,0.0462335121775314,292.7357482910156,170.7060089111328
12,2.782563319443909,46.233512177531395,0.0462335121775314,292.8388977050781,170.7060089111328
12,2.816668613233932,46.233512177531395,0.0462335121775314,292.9420166015625,170.7060089111328
12,2.8511919284419673,46.233512177531395,0.0462335121775314,293.0451354980469,170.7060089111328
12,2.88613838866868,46.233512177531395,0.0462335121775314,293.14825439453125,170.7060089111328
12,2.9215131803136307,46.233512177531395,0.0462335121775314,293.2513732910156,170.7060089111328
12,2.9573322153736084,46.233512177531395,0.0462335121775314,293.3545227050781,170.7060089111328
12,2.9935796147895446,46.233512177531395,0.0462335121775314,293.4576416015625,170.7060089111328
12,3.0302712909619403,46.233512177531395,0.0462335121775314,293.5607604980469,170.7060089111328
12,3.0674126892976243,46.233512177531395,0.0462335121775314,293.66387939453125,170.7060089111328
12,3.105009321946634,46.233512177531395,0.0462335121775314,293.7669982910156,170.7060089111328
12,3.1430781003159396,46.233512177531395,0.0462335121775314,293.8701477050781,170.7060089111328
12,3.1816021480050627,46.233512177531395,0.0462335121775314,293.9732666015625,170.7060089111328
12,3.220598376850043,46.233512177531395,0.0462335121775314,294.0763854980469,170.7060089111328
12,3.2600725742760672,46.233512177531395,0.0462335121775314,294.17950439453125,170.7060089111328
12,3.3000305986435783,46.233512177531395,0.0462335121775314,294.2826232910156,170.7060089111328
12,3.3404904235412785,46.233512177531395,0.0462335121775314,294.3857727050781,170.7060089111328
12,3.3814341125856684,46.233441488604164,0.046233441488604164,294.4888916015625,170.70602416992188
12,3.4228796398214643,46.233441488604164,0.046233441488604164,294.5920104980469,170.70602416992188
12,3.4648331561739076,46.233441488604164,0.046233441488604164,294.69512939453125,170.70602416992188
12,3.507300887958837,46.233441488604164,0.046233441488604164,294.7982482910156,170.70602416992188
12,3.5503019376608282,46.233441488604164,0.046233441488604164,294.9013977050781,170.70602416992188
12,3.593817242337312,46.233441488604164,0.046233441488604164,295.0045166015625,170.70602416992188
12,3.637865904957526,46.233441488604164,0.046233441488604164,295.1076354980469,170.70602416992188
12,3.6824544627776867,46.233441488604164,0.046233441488604164,295.21075439453125,170.70602416992188
12,3.727589533179791,46.233441488604164,0.046233441488604164,295.3138732910156,170.70602416992188
12,3.773291418448657,46.233441488604164,0.046233441488604164,295.4170227050781,170.70602416992188
12,3.819539858325053,46.233441488604164,0.046233441488604164,295.5201416015625,170.70602416992188
12,3.8663551556088946,46.233441488604164,0.046233441488604164,295.6232604980469,170.70602416992188
12,3.9137442581522874,46.233441488604164,0.046233441488604164,295.72637939453125,170.70602416992188
12,3.961714198965702,46.233441488604164,0.046233441488604164,295.8294982910156,170.70602416992188
12,4.0102865554919624,46.233441488604164,0.046233441488604164,295.9326477050781,170.70602416992188
12,4.059439794953398,46.233441488604164,0.046233441488604164,296.0357666015625,170.70602416992188
12,4.109195495340286,46.233441488604164,0.046233441488604164,296.1388854980469,170.70602416992188
12,4.159561040889571,46.233441488604164,0.046233441488604164,296.24200439453125,170.70602416992188
12,4.210543906345235,46.233441488604164,0.046233441488604164,296.3451232910156,170.70602416992188
12,4.262167024398997,46.233441488604164,0.046233441488604164,296.4482727050781,170.70602416992188
12,4.31440750982965,46.233441488604164,0.046233441488604164,296.5513916015625,170.70602416992188
12,4.367288295910748,46.233441488604164,0.046233441488604164,296.6545104980469,170.70602416992188
12,4.420817230672791,46.233441488604164,0.046233441488604164,296.75762939453125,170.70602416992188
12,4.4750022583379385,46.233441488604164,0.046233441488604164,296.8607482910156,170.70602416992188
12,4.5298677519680846,46.233441488604164,0.046233441488604164,296.9638977050781,170.70602416992188
12,4.585389388953401,46.233441488604164,0.046233441488604164,297.0670166015625,170.70602416992188
12,4.641591542974163,46.233441488604164,0.046233441488604164,297.1701354980469,170.70602416992188
12,4.6984825549846505,46.233441488604164,0.046233441488604164,297.27325439453125,170.70602416992188
12,4.75607086817246,46.233441488604164,0.046233441488604164,297.3763732910156,170.70602416992188
12,4.814382386437294,46.233441488604164,0.046233441488604164,297.4795227050781,170.70602416992188
12,4.87339125950034,46.233441488604164,0.046233441488604164,297.5826416015625,170.70602416992188
12,4.93312339191852,46.233441488604164,0.046233441488604164,297.6857604980469,170.70602416992188
12,4.993587648529736,46.233441488604164,0.046233441488604164,297.78887939453125,170.70602416992188
12,5.054793002826355,46.233441488604164,0.046233441488604164,297.8919982910156,170.70602416992188
12,5.116766985695646,46.233441488604164,0.046233441488604164,297.9951477050781,170.70602416992188
12,5.179482123239082,46.233441488604164,0.046233441488604164,298.0982666015625,170.70602416992188
12,5.242965947042431,46.233441488604164,0.046233441488604164,298.2013854980469,170.70602416992188
12,5.307227878731629,46.233441488604164,0.046233441488604164,298.30450439453125,170.70602416992188
12,5.372277455411493,45.758045721283324,0.04575804572128332,298.4076232910156,170.80917358398438
12,5.4381439371456795,45.758045721283324,0.04575804572128332,298.5107727050781,170.80917358398438
12,5.504798124438658,45.758045721283324,0.04575804572128332,298.6138916015625,170.80917358398438
12,5.572269278096456,45.758045721283324,0.04575804572128332,298.7170104980469,170.80917358398438
12,5.6405674115041,45.758045721283324,0.04575804572128332,298.82012939453125,170.80917358398438
12,5.70970266077858,45.758045721283324,0.04575804572128332,298.9232482910156,170.80917358398438
12,5.77970612376707,45.758045721283324,0.04575804572128332,299.0263977050781,170.80917358398438
12,5.8505467669947215,45.758045721283324,0.04575804572128332,299.1295166015625,170.80917358398438
12,5.922255689097706,45.758045721283324,0.04575804572128332,299.2326354980469,170.80917358398438
12,5.994843532387713,45.758045721283324,0.04575804572128332,299.33575439453125,170.80917358398438
12,6.068321069617005,45.758045721283324,0.04575804572128332,299.4388732910156,170.80917358398438
12,6.142721351844888,45.758045721283324,0.04575804572128332,299.5420227050781,170.80917358398438
12,6.218011396427515,45.758045721283324,0.04575804572128332,299.6451416015625,170.80917358398438
12,6.2942242552627485,45.758045721283324,0.04575804572128332,299.7482604980469,170.80917358398438
12,6.371371239090928,45.758045721283324,0.04575804572128332,299.85137939453125,170.80917358398438
12,6.449463797285767,45.758045721283324,0.04575804572128332,299.9544982910156,170.80917358398438
12,6.528537056797209,45.758045721283324,0.04575804572128332,300.0576477050781,170.80917358398438
12,6.6085559633878495,45.758045721283324,0.04575804572128332,300.1607666015625,170.80917358398438
12,6.68955564489885,45.758045721283324,0.04575804572128332,300.2638854980469,170.80917358398438
12,6.771548122482281,45.758045721283324,0.04575804572128332,300.36700439453125,170.80917358398438
12,6.854545564630945,45.758045721283324,0.04575804572128332,300.4701232910156,170.80917358398438
12,6.938585304569197,45.758045721283324,0.04575804572128332,300.5732727050781,170.80917358398438
12,7.02363008635219,45.758045721283324,0.04575804572128332,300.6763916015625,170.80917358398438
12,7.109717244151483,45.758045721283324,0.04575804572128332,300.7795104980469,170.80917358398438
12,7.196859554150825,45.758045721283324,0.04575804572128332,300.88262939453125,170.80917358398438
12,7.28506994912897,45.758045721283324,0.04575804572128332,300.9857482910156,170.80917358398438
12,7.37438810715769,45.758045721283324,0.04575804572128332,301.0888977050781,170.80917358398438
12,7.464774432298544,45.758045721283324,0.04575804572128332,301.1920166015625,170.80917358398438
12,7.556268603629988,45.758045721283324,0.04575804572128332,301.2951354980469,170.80917358398438
12,7.648884199789945,45.758045721283324,0.04575804572128332,301.39825439453125,170.80917358398438
12,7.7426349658468485,45.758045721283324,0.04575804572128332,301.5013732910156,170.80917358398438
12,7.837563071996453,45.758045721283324,0.04575804572128332,301.6045227050781,170.80917358398438
12,7.9336264353350066,45.758045721283324,0.04575804572128332,301.7076416015625,170.80917358398438
12,8.030867227128189,45.758045721283324,0.04575804572128332,301.8107604980469,170.80917358398438
12,8.129299878869109,45.758045721283324,0.04575804572128332,301.91387939453125,170.80917358398438
12,8.228938998934645,45.758045721283324,0.04575804572128332,302.0169982910156,170.80917358398438
12,8.329829406171356,45.758045721283324,0.04575804572128332,302.1201477050781,170.80917358398438
12,8.43192637450738,45.758045721283324,0.04575804572128332,302.2232666015625,170.80917358398438
12,8.535274723926394,45.758045721283324,0.04575804572128332,302.3263854980469,170.80917358398438
12,8.639889792343325,45.758045721283324,0.04575804572128332,302.42950439453125,170.80917358398438
12,8.745787105666706,45.758045721283324,0.04575804572128332,302.5326232910156,170.80917358398438
12,8.85301429775192,45.758045721283324,0.04575804572128332,302.6357727050781,170.80917358398438
12,8.961523833345327,45.758045721283324,0.04575804572128332,302.7388916015625,170.80917358398438
12,9.071363347510852,45.758045721283324,0.04575804572128332,302.8420104980469,170.80917358398438
12,9.182549141516338,45.758045721283324,0.04575804572128332,302.94512939453125,170.80917358398438
12,9.295097716430826,45.758045721283324,0.04575804572128332,303.0482482910156,170.80917358398438
12,9.409059697925297,45.758045721283324,0.04575804572128332,303.1513977050781,170.80917358398438
12,9.524384565123553,45.758045721283324,0.04575804572128332,303.2545166015625,170.80917358398438
12,9.641122944981023,45.758045721283324,0.04575804572128332,303.3576354980469,170.80917358398438
12,9.759292162625286,45.758045721283324,0.04575804572128332,303.46075439453125,170.80917358398438
12,9.878909755534377,45.758045721283324,0.04575804572128332,303.5638732910156,170.80917358398438
12,10.000029529106593,45.758045721283324,0.04575804572128332,303.6670227050781,170.80917358398438
12,10.122597789320436,45.758045721283324,0.04575804572128332,303.7701416015625,170.80917358398438
12,10.246668342939325,45.758045721283324,0.04575804572128332,303.8732604980469,170.80917358398438
12,10.37225960325778,45.758045721283324,0.04575804572128332,303.97637939453125,170.80917358398438
12,10.49939020925822,45.758045721283324,0.04575804572128332,304.0794982910156,170.80917358398438
12,10.628117345780474,45.758045721283324,0.04575804572128332,304.1826477050781,170.80917358398438
12,10.758383946356927,45.758045721283324,0.04575804572128332,304.2857666015625,170.80917358398438
12,10.890247197278278,45.758045721283324,0.04575804572128332,304.3888854980469,170.80917358398438
12,11.023726668352232,45.758045721283324,0.04575804572128332,304.49200439453125,170.80917358398438
12,11.15884216924951,45.758045721283324,0.04575804572128332,304.5951232910156,170.80917358398438
12,11.295654476509478,45.758045721283324,0.04575804572128332,304.6982727050781,170.80917358398438
12,11.434102939399777,45.758045721283324,0.04575804572128332,304.8013916015625,170.80917358398438
12,11.57424833600176,45.758045721283324,0.04575804572128332,304.9045104980469,170.80917358398438
12,11.716111465275283,45.758045721283324,0.04575804572128332,305.00762939453125,170.80917358398438
12,11.859713381108673,45.758045721283324,0.04575804572128332,305.1107482910156,170.80917358398438
12,12.005075395443363,45.287399730059924,0.04528739973005993,305.2138671875,170.912353515625
12,12.152262893820799,45.287399730059924,0.04528739973005993,305.3170166015625,170.912353515625
12,12.30121062604713,45.287399730059924,0.04528739973005993,305.4201354980469,170.912353515625
12,12.451983979322751,45.287399730059924,0.04528739973005993,305.52325439453125,170.912353515625
12,12.60460532990116,45.287399730059924,0.04528739973005993,305.6263732910156,170.912353515625
12,12.759097328296894,45.287399730059924,0.04528739973005993,305.7294921875,170.912353515625
12,12.915529466825491,45.287399730059924,0.04528739973005993,305.8326416015625,170.912353515625
12,13.073832397020023,45.287399730059924,0.04528739973005993,305.9357604980469,170.912353515625
12,13.234075612959126,45.287399730059924,0.04528739973005993,306.03887939453125,170.912353515625
12,13.396282896317393,45.287399730059924,0.04528739973005993,306.1419982910156,170.912353515625
12,13.560478320256383,45.287399730059924,0.04528739973005993,306.2451171875,170.912353515625
12,13.726686252997334,45.287399730059924,0.04528739973005993,306.3482360839844,170.912353515625
12,13.894981456820666,45.287399730059924,0.04528739973005993,306.4513854980469,170.912353515625
12,14.065289324203354,45.287399730059924,0.04528739973005993,306.55450439453125,170.912353515625
12,14.237684619322641,45.287399730059924,0.04528739973005993,306.6576232910156,170.912353515625
12,14.412192927341573,45.287399730059924,0.04528739973005993,306.7607421875,170.912353515625
12,14.588840147015164,45.287399730059924,0.04528739973005993,306.8638610839844,170.912353515625
12,14.767705736337694,45.287399730059924,0.04528739973005993,306.9670104980469,170.912353515625
12,14.948710401792377,45.287399730059924,0.04528739973005993,307.07012939453125,170.912353515625
12,15.131933603389449,45.287399730059924,0.04528739973005993,307.1732482910156,170.912353515625
12,15.31740253326015,45.287399730059924,0.04528739973005993,307.2763671875,170.912353515625
12,15.505144716823935,45.287399730059924,0.04528739973005993,307.3794860839844,170.912353515625
12,15.695188016873544,45.287399730059924,0.04528739973005993,307.48260498046875,170.912353515625
12,15.887617917117558,45.287399730059924,0.04528739973005993,307.58575439453125,170.912353515625
12,16.082349110798077,45.287399730059924,0.04528739973005993,307.6888732910156,170.912353515625
12,16.279467083792518,45.287399730059924,0.04528739973005993,307.7919921875,170.912353515625
12,16.479001090353318,45.287399730059924,0.04528739973005993,307.8951110839844,170.912353515625
12,16.68098074329611,45.287399730059924,0.04528739973005993,307.99822998046875,170.912353515625
12,16.885496895441207,45.287399730059924,0.04528739973005993,308.10137939453125,170.912353515625
12,17.092458882032997,45.287399730059924,0.04528739973005993,308.2044982910156,170.912353515625
12,17.30195755819686,45.287399730059924,0.04528739973005993,308.3076171875,170.912353515625
12,17.51402401560374,45.287399730059924,0.04528739973005993,308.4107360839844,170.912353515625
12,17.728689727008675,45.287399730059924,0.04528739973005993,308.51385498046875,170.912353515625
12,17.94605125157007,45.287399730059924,0.04528739973005993,308.61700439453125,170.912353515625
12,18.166012230006288,45.287399730059924,0.04528739973005993,308.7201232910156,170.912353515625
12,18.388669223925604,45.287399730059924,0.04528739973005993,308.8232421875,170.912353515625
12,18.61405527782315,45.287399730059924,0.04528739973005993,308.9263610839844,170.912353515625
12,18.842203841213532,45.287399730059924,0.04528739973005993,309.02947998046875,170.912353515625
12,19.07314877359499,45.287399730059924,0.04528739973005993,309.1325988769531,170.912353515625
12,19.306993956710755,45.287399730059924,0.04528739973005993,309.2357482910156,170.912353515625
12,19.543635723852077,44.82166311503361,0.04482166311503361,309.3388671875,171.01551818847656
12,19.78317795939782,44.82166311503361,0.04482166311503361,309.4419860839844,171.01551818847656
12,20.02565621377961,44.82166311503361,0.04482166311503361,309.54510498046875,171.01551818847656
12,20.271106473163268,44.82166311503361,0.04482166311503361,309.6482238769531,171.01551818847656
12,20.519639143958493,44.82166311503361,0.04482166311503361,309.7513732910156,171.01551818847656
12,20.77114404829605,44.82166311503361,0.04482166311503361,309.8544921875,171.01551818847656
12,21.025731595386844,44.82166311503361,0.04482166311503361,309.9576110839844,171.01551818847656
12,21.2834395685352,44.82166311503361,0.04482166311503361,310.06072998046875,171.01551818847656
12,21.544306214147472,44.82166311503361,0.04482166311503361,310.1638488769531,171.01551818847656
12,21.808370247408206,44.82166311503361,0.04482166311503361,310.2669677734375,171.01551818847656
12,22.075750447421203,44.82166311503361,0.04482166311503361,310.3701171875,171.01551818847656
12,22.346328280954573,44.82166311503361,0.04482166311503361,310.4732360839844,171.01551818847656
12,22.62022253012572,44.82166311503361,0.04482166311503361,310.57635498046875,171.01551818847656
12,22.89747384354411,44.82166311503361,0.04482166311503361,310.6794738769531,171.01551818847656
12,23.178123368040637,44.82166311503361,0.04482166311503361,310.7825927734375,171.01551818847656
12,23.46229734306793,44.82166311503361,0.04482166311503361,310.8857421875,171.01551818847656
12,23.749869790488145,44.82166311503361,0.04482166311503361,310.9888610839844,171.01551818847656
12,24.04096695295677,44.82166311503361,0.04482166311503361,311.09197998046875,171.01551818847656
12,24.335632032165353,44.82166311503361,0.04482166311503361,311.1950988769531,171.01551818847656
12,24.633908759319503,44.82166311503361,0.04482166311503361,311.2982177734375,171.01551818847656
12,24.9359313027946,44.82166311503361,0.04482166311503361,311.4013671875,171.01551818847656
12,25.24156577194286,44.82166311503361,0.04482166311503361,311.5044860839844,171.01551818847656
12,25.5509463385437,44.82166311503361,0.04482166311503361,311.60760498046875,171.01551818847656
12,25.86411891772631,44.82166311503361,0.04482166311503361,311.7107238769531,171.01551818847656
12,26.181129987391902,44.82166311503361,0.04482166311503361,311.8138427734375,171.01551818847656
12,26.502122142843188,44.82166311503361,0.04482166311503361,311.9169921875,171.01551818847656
12,26.82695308394874,44.82166311503361,0.04482166311503361,312.0201110839844,171.01551818847656
12,27.155765409629115,44.82166311503361,0.04482166311503361,312.12322998046875,171.01551818847656
12,27.488607918878255,44.82166311503361,0.04482166311503361,312.2263488769531,171.01551818847656
12,27.825530008809157,44.36071614560119,0.04436071614560119,312.3294677734375,171.11868286132812
12,28.166683230935295,44.36071614560119,0.04436071614560119,312.4326171875,171.11868286132812
12,28.51191634745376,44.36071614560119,0.04436071614560119,312.5357360839844,171.11868286132812
12,28.861380913723117,44.36071614560119,0.04436071614560119,312.63885498046875,171.11868286132812
12,29.21512879373362,44.36071614560119,0.04436071614560119,312.7419738769531,171.11868286132812
12,29.573212487161587,44.36071614560119,0.04436071614560119,312.8450927734375,171.11868286132812
12,29.935793064258323,44.36071614560119,0.04436071614560119,312.9482421875,171.11868286132812
12,30.302709788186778,44.36071614560119,0.04436071614560119,313.0513610839844,171.11868286132812
12,30.67412373328488,44.36071614560119,0.04436071614560119,313.15447998046875,171.11868286132812
12,31.050090021047303,44.36071614560119,0.04436071614560119,313.2575988769531,171.11868286132812
12,31.4306644485813,44.36071614560119,0.04436071614560119,313.3607177734375,171.11868286132812
12,31.816018202734583,44.36071614560119,0.04436071614560119,313.4638671875,171.11868286132812
12,32.205980451015016,44.36071614560119,0.04436071614560119,313.5669860839844,171.11868286132812
12,32.600722384613526,44.36071614560119,0.04436071614560119,313.67010498046875,171.11868286132812
12,33.00030258712854,44.36071614560119,0.04436071614560119,313.7732238769531,171.11868286132812
12,33.40478036020528,44.36071614560119,0.04436071614560119,313.8763427734375,171.11868286132812
12,33.81433764269701,44.36071614560119,0.04436071614560119,313.9794921875,171.11868286132812
12,34.228792872362625,44.36071614560119,0.04436071614560119,314.0826110839844,171.11868286132812
12,34.64832799267142,44.36071614560119,0.04436071614560119,314.18572998046875,171.11868286132812
12,35.0730052667754,44.36071614560119,0.04436071614560119,314.2888488769531,171.11868286132812
12,35.50288772097287,44.36071614560119,0.04436071614560119,314.3919677734375,171.11868286132812
12,35.93816872144108,44.36071614560119,0.04436071614560119,314.4951171875,171.11868286132812
12,36.378655302269415,44.36071614560119,0.04436071614560119,314.5982360839844,171.11868286132812
12,36.82454083454109,44.13202336537751,0.04413202336537751,314.70135498046875,171.1702651977539
12,37.275891492069235,43.90450956494204,0.04390450956494204,314.8044738769531,171.2218475341797
12,37.732774259745526,43.90450956494204,0.04390450956494204,314.9075927734375,171.2218475341797
12,38.19539464880535,43.90450956494204,0.04390450956494204,315.0107421875,171.2218475341797
12,38.663547573420075,43.90450956494204,0.04390450956494204,315.1138610839844,171.2218475341797
12,39.137438550039285,43.90450956494204,0.04390450956494204,315.21697998046875,171.2218475341797
12,39.61713790876038,43.90450956494204,0.04390450956494204,315.3200988769531,171.2218475341797
12,40.10271684170201,43.90450956494204,0.04390450956494204,315.4232177734375,171.2218475341797
12,40.59439376797181,43.90450956494204,0.04390450956494204,315.5263671875,171.2218475341797
12,41.09195072058815,43.90450956494204,0.04390450956494204,315.6294860839844,171.2218475341797
12,41.59560612420029,43.90450956494204,0.04390450956494204,315.73260498046875,171.2218475341797
12,42.10543472624032,43.90450956494204,0.04390450956494204,315.8357238769531,171.2218475341797
12,42.621512190303946,43.90450956494204,0.04390450956494204,315.9388427734375,171.2218475341797
12,43.14407065409628,43.90450956494204,0.04390450956494204,316.0419921875,171.2218475341797
12,43.67287846043563,43.90450956494204,0.04390450956494204,316.1451110839844,171.2218475341797
12,44.20816775291677,43.90450956494204,0.04390450956494204,316.24822998046875,171.2218475341797
12,44.750017973753145,43.90450956494204,0.04390450956494204,316.3513488769531,171.2218475341797
12,45.298509538864664,43.90450956494204,0.04390450956494204,316.4544677734375,171.2218475341797
12,45.85388916619981,43.90450956494204,0.04390450956494204,316.5576171875,171.2218475341797
12,46.415910648514526,43.4529946227937,0.04345299462279371,316.6607360839844,171.32501220703125
12,46.9848207100169,43.4529946227937,0.04345299462279371,316.76385498046875,171.32501220703125
12,47.560703782574215,43.4529946227937,0.04345299462279371,316.8669738769531,171.32501220703125
12,48.1436453329175,43.4529946227937,0.04345299462279371,316.9700927734375,171.32501220703125
12,48.73390757500321,43.4529946227937,0.04345299462279371,317.0732421875,171.32501220703125
12,49.331228837655914,43.4529946227937,0.04345299462279371,317.1763610839844,171.32501220703125
12,49.935871341484855,43.4529946227937,0.04345299462279371,317.27947998046875,171.32501220703125
12,50.547924821404415,43.4529946227937,0.04345299462279371,317.3825988769531,171.32501220703125
12,51.16748011219093,43.4529946227937,0.04345299462279371,317.4857177734375,171.32501220703125
12,51.79481589709147,43.4529946227937,0.04345299462279371,317.5888671875,171.32501220703125
12,52.429654069731306,43.4529946227937,0.04345299462279371,317.6919860839844,171.32501220703125
12,53.07227332042813,43.4529946227937,0.04345299462279371,317.79510498046875,171.32501220703125
12,53.72276902022028,43.4529946227937,0.04345299462279371,317.8982238769531,171.32501220703125
12,54.381237709088886,43.4529946227937,0.04345299462279371,318.0013427734375,171.32501220703125
12,55.047975573984566,43.4529946227937,0.04345299462279371,318.1044921875,171.32501220703125
12,55.72268704106161,43.4529946227937,0.04345299462279371,318.2076110839844,171.32501220703125
12,56.405668304785266,43.22894837135186,0.04322894837135186,318.31072998046875,171.37660217285156
12,57.09702072631499,43.006057315845794,0.043006057315845794,318.4138488769531,171.42819213867188
12,57.7968469091726,43.006057315845794,0.043006057315845794,318.5169677734375,171.42819213867188
12,58.50546164339521,43.006057315845794,0.043006057315845794,318.6201171875,171.42819213867188
12,59.22255079055888,43.006057315845794,0.043006057315845794,318.7232360839844,171.42819213867188
12,59.9484291486874,43.006057315845794,0.043006057315845794,318.82635498046875,171.42819213867188
12,60.683204445292304,43.006057315845794,0.043006057315845794,318.9294738769531,171.42819213867188
12,61.42698572827866,43.006057315845794,0.043006057315845794,319.0325927734375,171.42819213867188
12,62.18010755920387,43.006057315845794,0.043006057315845794,319.1357421875,171.42819213867188
12,62.94223606905059,43.006057315845794,0.043006057315845794,319.2388610839844,171.42819213867188
12,63.71370582786456,43.006057315845794,0.043006057315845794,319.34197998046875,171.42819213867188
12,64.49463132937107,43.006057315845794,0.043006057315845794,319.4450988769531,171.42819213867188
12,65.28512847062105,43.006057315845794,0.043006057315845794,319.5482177734375,171.42819213867188
12,66.08555282651369,43.006057315845794,0.043006057315845794,319.6513671875,171.42819213867188
12,66.89554955818724,43.006057315845794,0.043006057315845794,319.7544860839844,171.42819213867188
12,67.71547424956246,42.56384715456783,0.04256384715456783,319.85760498046875,171.53134155273438
12,68.54544858555481,42.56384715456783,0.04256384715456783,319.9607238769531,171.53134155273438
12,69.38559574254616,42.56384715456783,0.04256384715456783,320.0638427734375,171.53134155273438
12,70.23629362859607,42.56384715456783,0.04256384715456783,320.1669921875,171.53134155273438
12,71.097165117912,42.56384715456783,0.04256384715456783,320.2701110839844,171.53134155273438
12,71.96858812814156,42.56384715456783,0.04256384715456783,320.37322998046875,171.53134155273438
12,72.85069198705897,42.56384715456783,0.04256384715456783,320.4763488769531,171.53134155273438
12,73.74360760758174,42.56384715456783,0.04256384715456783,320.5794677734375,171.53134155273438
12,74.64773663364404,42.56384715456783,0.04256384715456783,320.6826171875,171.53134155273438
12,75.56267825271188,42.56384715456783,0.04256384715456783,320.7857360839844,171.53134155273438
12,76.48883411890962,42.56384715456783,0.04256384715456783,320.88885498046875,171.53134155273438
12,77.42634168290753,42.56384715456783,0.04256384715456783,320.9919738769531,171.53134155273438
12,78.3753400800797,42.344385400902574,0.04234438540090257,321.0950927734375,171.5829315185547
12,79.33625618105194,42.12605520522708,0.04212605520522708,321.1982421875,171.634521484375
12,80.30866399881765,42.12605520522708,0.04212605520522708,321.3013610839844,171.634521484375
12,81.29299041483299,42.12605520522708,0.04212605520522708,321.40447998046875,171.634521484375
12,82.2893815128517,42.12605520522708,0.04212605520522708,321.5075988769531,171.634521484375
12,83.29798516714555,42.12605520522708,0.04212605520522708,321.6107177734375,171.634521484375
12,84.3192550594851,42.12605520522708,0.04212605520522708,321.7138671875,171.634521484375
12,85.35273844721782,42.12605520522708,0.04212605520522708,321.8169860839844,171.634521484375
12,86.39888902362487,42.12605520522708,0.04212605520522708,321.92010498046875,171.634521484375
12,87.45786204777559,42.12605520522708,0.04212605520522708,322.0232238769531,171.634521484375
12,88.529814681717,42.12605520522708,0.04212605520522708,322.1263427734375,171.634521484375
12,89.61522910233495,41.908914809975826,0.04190891480997583,322.2294921875,171.68609619140625
12,90.71362413084631,41.69289367336436,0.04169289367336436,322.3326110839844,171.7376708984375
12,91.82548195637051,41.69289367336436,0.04169289367336436,322.43572998046875,171.7376708984375
12,92.95096758958098,41.69289367336436,0.04169289367336436,322.5388488769531,171.7376708984375
12,94.09024806365234,41.69289367336436,0.04169289367336436,322.6419677734375,171.7376708984375
12,95.24383584032364,41.69289367336436,0.04169289367336436,322.7451171875,171.7376708984375
12,96.41121951864805,41.69289367336436,0.04169289367336436,322.8482360839844,171.7376708984375
12,97.59291157336648,41.69289367336436,0.04169289367336436,322.95135498046875,171.7376708984375
12,98.78908737924128,41.69289367336436,0.04169289367336436,323.0544738769531,171.7376708984375
12,99.99992446056623,41.69289367336436,0.04169289367336436,323.1575927734375,171.7376708984375
12,101.22596746608284,41.69289367336436,0.04169289367336436,323.2607421875,171.7376708984375
12,102.46667287446867,41.47792260818534,0.041477922608185336,323.3638610839844,171.7892608642578
12,103.7225853482838,41.26405994673637,0.04126405994673637,323.46697998046875,171.84085083007812
12,104.99389127733305,41.26405994673637,0.04126405994673637,323.5700988769531,171.84085083007812
12,106.28077933596188,41.26405994673637,0.04126405994673637,323.6732177734375,171.84085083007812
12,107.58382838153489,41.26405994673637,0.04126405994673637,323.7763671875,171.84085083007812
12,108.90246075491822,41.26405994673637,0.04126405994673637,323.8794860839844,171.84085083007812
12,110.23725532816276,41.26405994673637,0.04126405994673637,323.98260498046875,171.84085083007812
12,111.58841019795533,41.26405994673637,0.04126405994673637,324.0857238769531,171.84085083007812
12,112.95612588901228,41.26405994673637,0.04126405994673637,324.1888427734375,171.84085083007812
12,114.34101761591634,41.26405994673637,0.04126405994673637,324.2919921875,171.84085083007812
12,115.74247143757474,40.83969944654452,0.040839699446544524,324.3951110839844,171.9440155029297
12,117.16110258417908,40.83969944654452,0.040839699446544524,324.49822998046875,171.9440155029297
12,118.59712159459106,40.83969944654452,0.040839699446544524,324.6013488769531,171.9440155029297
12,120.05074158820294,40.83969944654452,0.040839699446544524,324.7044677734375,171.9440155029297
12,121.52261642036176,40.83969944654452,0.040839699446544524,324.8076171875,171.9440155029297
12,123.01209358919652,40.83969944654452,0.040839699446544524,324.9107360839844,171.9440155029297
12,124.51982696664358,40.83969944654452,0.040839699446544524,325.01385498046875,171.9440155029297
12,126.04604031521492,40.83969944654452,0.040839699446544524,325.1169738769531,171.9440155029297
12,127.59096014003266,40.83969944654452,0.040839699446544524,325.2200927734375,171.9440155029297
12,129.15528136418047,40.41970307907146,0.04041970307907146,325.3232421875,172.04718017578125
12,130.7383105030604,40.41970307907146,0.04041970307907146,325.4263610839844,172.04718017578125
12,132.3407424973876,40.41970307907146,0.04041970307907146,325.52947998046875,172.04718017578125
12,133.96281516388322,40.41970307907146,0.04041970307907146,325.6325988769531,172.04718017578125
12,135.6047692341381,40.41970307907146,0.04041970307907146,325.7357177734375,172.04718017578125
12,137.26734327837926,40.41970307907146,0.04041970307907146,325.8388671875,172.04718017578125
12,138.94980025521468,40.41970307907146,0.04041970307907146,325.9419860839844,172.04718017578125
12,140.65287875361028,40.41970307907146,0.04041970307907146,326.04510498046875,172.04718017578125
12,142.3768315272216,40.00402596348029,0.04000402596348029,326.1482238769531,172.1503448486328
12,144.1219144276528,40.00402596348029,0.04000402596348029,326.2513427734375,172.1503448486328
12,145.88891241369,40.00402596348029,0.04000402596348029,326.3544921875,172.1503448486328
12,147.6770421514062,40.00402596348029,0.04000402596348029,326.4576110839844,172.1503448486328
12,149.48708861950294,40.00402596348029,0.04000402596348029,326.56072998046875,172.1503448486328
12,151.31932044673852,40.00402596348029,0.04000402596348029,326.6638488769531,172.1503448486328
12,153.17400955439706,40.00402596348029,0.04000402596348029,326.7669677734375,172.1503448486328
12,155.05143119664476,40.00402596348029,0.04000402596348029,326.8700866699219,172.1503448486328
12,156.9524298597883,39.59262368048967,0.03959262368048967,326.9732360839844,172.25350952148438
12,158.8761628056017,39.59262368048967,0.03959262368048967,327.07635498046875,172.25350952148438
12,160.82347454181732,39.59262368048967,0.03959262368048967,327.1794738769531,172.25350952148438
12,162.79465406871387,39.59262368048967,0.03959262368048967,327.2825927734375,172.25350952148438
12,164.78999392878515,39.59262368048967,0.03959262368048967,327.3857116699219,172.25350952148438
12,166.81039164933733,39.59262368048967,0.03959262368048967,327.4888610839844,172.25350952148438
12,168.85495156093947,39.59262368048967,0.03959262368048967,327.59197998046875,172.25350952148438
12,170.92457121366922,39.38851184523159,0.039388511845231594,327.6950988769531,172.30509185791016
12,173.01955775950657,39.18545226762707,0.03918545226762707,327.7982177734375,172.35667419433594
12,175.1402221151293,39.18545226762707,0.03918545226762707,327.9013366699219,172.35667419433594
12,177.28751818027345,39.18545226762707,0.03918545226762707,328.0044860839844,172.35667419433594
12,179.4604940297685,39.18545226762707,0.03918545226762707,328.10760498046875,172.35667419433594
12,181.66010358755253,39.18545226762707,0.03918545226762707,328.2107238769531,172.35667419433594
12,183.88667329739016,39.18545226762707,0.03918545226762707,328.3138427734375,172.35667419433594
12,186.14053360419925,39.18545226762707,0.03918545226762707,328.4169616699219,172.35667419433594
12,188.42201900309098,38.78246821453103,0.03878246821453103,328.52008056640625,172.4598388671875
12,190.73215573299584,38.78246821453103,0.03878246821453103,328.62322998046875,172.4598388671875
12,193.06991967929065,38.78246821453103,0.03878246821453103,328.7263488769531,172.4598388671875
12,195.43633710694309,38.78246821453103,0.03878246821453103,328.8294677734375,172.4598388671875
12,197.8317592156518,38.78246821453103,0.03878246821453103,328.9325866699219,172.4598388671875
12,200.25654150969692,38.78246821453103,0.03878246821453103,329.03570556640625,172.4598388671875
12,202.71177468463534,38.58250347791032,0.03858250347791032,329.13885498046875,172.5114288330078
12,205.19637030264207,38.38356977148786,0.038383569771487866,329.2419738769531,172.56301879882812
12,207.7114190869467,38.38356977148786,0.038383569771487866,329.3450927734375,172.56301879882812
12,210.2572942956082,38.38356977148786,0.038383569771487866,329.4482116699219,172.56301879882812
12,212.8343737616308,38.38356977148786,0.038383569771487866,329.55133056640625,172.56301879882812
12,215.44303994903916,38.38356977148786,0.038383569771487866,329.6544494628906,172.56301879882812
12,218.08446626652528,38.38356977148786,0.038383569771487866,329.7575988769531,172.56301879882812
12,220.75748173434465,37.98883229562141,0.03798883229562141,329.8607177734375,172.6661834716797
12,223.46325979096054,37.98883229562141,0.03798883229562141,329.9638366699219,172.6661834716797
12,226.20220200053808,37.98883229562141,0.03798883229562141,330.06695556640625,172.6661834716797
12,228.9747148491297,37.98883229562141,0.03798883229562141,330.1700744628906,172.6661834716797
12,231.78204544558076,37.98883229562141,0.03798883229562141,330.2732238769531,172.6661834716797
12,234.62294926255265,37.98883229562141,0.03798883229562141,330.3763427734375,172.6661834716797
12,237.49867344053123,37.598154308639934,0.037598154308639935,330.4794616699219,172.76934814453125
12,240.4096447653631,37.598154308639934,0.037598154308639935,330.58258056640625,172.76934814453125
12,243.35629525391928,37.598154308639934,0.037598154308639935,330.6856994628906,172.76934814453125
12,246.33995034420033,37.598154308639934,0.037598154308639935,330.7888488769531,172.76934814453125
12,249.35928734185322,37.598154308639934,0.037598154308639935,330.8919677734375,172.76934814453125
12,252.41563171850677,37.598154308639934,0.037598154308639935,330.9950866699219,172.76934814453125
12,255.50943706582748,37.21149406267047,0.03721149406267047,331.09820556640625,172.8725128173828
12,258.6411625350596,37.21149406267047,0.03721149406267047,331.2013244628906,172.8725128173828
12,261.8112729051674,37.21149406267047,0.03721149406267047,331.304443359375,172.8725128173828
12,265.02119412903164,37.21149406267047,0.03721149406267047,331.4075927734375,172.8725128173828
12,268.26950320548417,37.21149406267047,0.03721149406267047,331.5107116699219,172.8725128173828
12,271.55762612358376,37.019657663872536,0.03701965766387254,331.61383056640625,172.9240951538086
12,274.8860508732197,36.828810239176036,0.03682881023917604,331.7169494628906,172.97567749023438
12,278.2552714254708,36.828810239176036,0.03682881023917604,331.820068359375,172.97567749023438
12,281.66680329531573,36.828810239176036,0.03682881023917604,331.9232177734375,172.97567749023438
12,285.1191341048814,36.828810239176036,0.03682881023917604,332.0263366699219,172.97567749023438
12,288.6137794075973,36.828810239176036,0.03682881023917604,332.12945556640625,172.97567749023438
12,292.1512578433126,36.45006194454045,0.03645006194454045,332.2325744628906,173.07884216308594
12,295.73209440873615,36.45006194454045,0.03645006194454045,332.335693359375,173.07884216308594
12,299.3568205353512,36.45006194454045,0.03645006194454045,332.4388122558594,173.07884216308594
12,303.0270666675447,36.45006194454045,0.03645006194454045,332.5419616699219,173.07884216308594
12,306.74120573593837,36.45006194454045,0.03645006194454045,332.64508056640625,173.07884216308594
12,310.50086822628595,36.26215095640259,0.036262150956402596,332.7481994628906,173.13042449951172
12,314.30661210960255,36.075208705698344,0.036075208705698344,332.851318359375,173.1820068359375
12,318.1590021958369,36.075208705698344,0.036075208705698344,332.9544372558594,173.1820068359375
12,322.0597713352991,36.075208705698344,0.036075208705698344,333.0575866699219,173.1820068359375
12,326.0071902646672,36.075208705698344,0.036075208705698344,333.16070556640625,173.1820068359375
12,330.00299187821633,35.88923019829605,0.03588923019829605,333.2638244628906,173.23358917236328
12,334.04776919233785,35.70421046581029,0.03570421046581029,333.366943359375,173.28517150878906
12,338.14212249190035,35.70421046581029,0.03570421046581029,333.4700622558594,173.28517150878906
12,342.2878934651094,35.70421046581029,0.03570421046581029,333.5732116699219,173.28517150878906
12,346.4832442360413,35.70421046581029,0.03570421046581029,333.67633056640625,173.28517150878906
12,350.730016539628,35.520144565469145,0.03552014456546915,333.7794494628906,173.33675384521484
12,355.0288406387879,35.3370275799822,0.0353370275799822,333.882568359375,173.38833618164062
12,359.3803545214396,35.3370275799822,0.0353370275799822,333.9856872558594,173.38833618164062
12,363.7865155496397,35.3370275799822,0.0353370275799822,334.0888366699219,173.38833618164062
12,368.2453704130568,35.3370275799822,0.0353370275799822,334.19195556640625,173.38833618164062
12,372.75887652340947,35.15485461740913,0.03515485461740913,334.2950744628906,173.4399185180664
12,377.32770372954496,34.973620811029015,0.03497362081102902,334.398193359375,173.4915008544922
12,381.95253009050737,34.973620811029015,0.03497362081102902,334.5013122558594,173.4915008544922
12,386.6354359075164,34.973620811029015,0.03497362081102902,334.6044616699219,173.4915008544922
12,391.3743451855612,34.973620811029015,0.03497362081102902,334.70758056640625,173.4915008544922
12,396.1713382786413,34.613951325281725,0.03461395132528173,334.8106994628906,173.59466552734375
12,401.02712710787097,34.613951325281725,0.03461395132528173,334.913818359375,173.59466552734375
12,405.9424323202305,34.613951325281725,0.03461395132528173,335.0169372558594,173.59466552734375
12,410.9194648777391,34.613951325281725,0.03461395132528173,335.1200866699219,173.59466552734375
12,415.9560183950532,34.435479712235484,0.034435479712235484,335.22320556640625,173.64625549316406
12,421.0543038902875,34.25792830955078,0.03425792830955078,335.3263244628906,173.69784545898438
12,426.21507799932044,34.25792830955078,0.03425792830955078,335.429443359375,173.69784545898438
12,431.43910663195896,34.25792830955078,0.03425792830955078,335.5325622558594,173.69784545898438
12,436.7287396176424,34.25792830955078,0.03425792830955078,335.6357116699219,173.69784545898438
12,442.08163199106133,33.90567086145327,0.03390567086145327,335.73883056640625,173.80099487304688
12,447.5001336412741,33.90567086145327,0.03390567086145327,335.8419494628906,173.80099487304688
12,452.98504872739665,33.90567086145327,0.03390567086145327,335.945068359375,173.80099487304688
12,458.5371912649557,33.90567086145327,0.03390567086145327,336.0481872558594,173.80099487304688
12,464.159058672879,33.90567086145327,0.03390567086145327,336.1513366699219,173.80099487304688
12,469.8481587018778,33.55693288938421,0.03355693288938421,336.25445556640625,173.9041748046875
12,475.60698883424357,33.55693288938421,0.03355693288938421,336.3575744628906,173.9041748046875
12,481.43640373719785,33.55693288938421,0.03355693288938421,336.460693359375,173.9041748046875
12,487.33726855343843,33.55693288938421,0.03355693288938421,336.5638122558594,173.9041748046875
12,493.31223756127156,33.211832653386494,0.033211832653386494,336.6669616699219,174.00733947753906
12,499.3586619767287,33.211832653386494,0.033211832653386494,336.77008056640625,174.00733947753906
12,505.47919614545805,33.211832653386494,0.033211832653386494,336.8731994628906,174.00733947753906
12,511.6747484151297,33.211832653386494,0.033211832653386494,336.976318359375,174.00733947753906
12,517.9462382668403,33.04061570727369,0.033040615707273686,337.0794372558594,174.05892181396484
12,524.2964866903886,32.87028143580706,0.03287028143580706,337.1825866699219,174.11050415039062
12,530.7226785354053,32.87028143580706,0.03287028143580706,337.28570556640625,174.11050415039062
12,537.2276348632619,32.87028143580706,0.03287028143580706,337.3888244628906,174.11050415039062
12,543.8123210736704,32.53224273846242,0.032532242738462426,337.491943359375,174.2136688232422
12,550.4777143990445,32.53224273846242,0.032532242738462426,337.5950622558594,174.2136688232422
12,557.2268130115923,32.53224273846242,0.032532242738462426,337.6982116699219,174.2136688232422
12,564.0566249453012,32.53224273846242,0.032532242738462426,337.80133056640625,174.2136688232422
12,570.9701484484477,32.197680438517246,0.03219768043851725,337.9044494628906,174.31683349609375
12,577.9684095561445,32.197680438517246,0.03219768043851725,338.007568359375,174.31683349609375
12,585.0524468794009,32.197680438517246,0.03219768043851725,338.1106872558594,174.31683349609375
12,592.2254469014134,32.197680438517246,0.03219768043851725,338.2138366699219,174.31683349609375
12,599.4842297349827,31.866558784624175,0.031866558784624174,338.31695556640625,174.4199981689453
12,606.8319819441521,31.866558784624175,0.031866558784624174,338.4200744628906,174.4199981689453
12,614.2697940078588,31.866558784624175,0.031866558784624174,338.523193359375,174.4199981689453
12,621.7987697708118,31.866558784624175,0.031866558784624174,338.6263122558594,174.4199981689453
12,629.4222958547439,31.538842393103536,0.03153884239310354,338.7294616699219,174.52316284179688
12,637.1369926482046,31.538842393103536,0.03153884239310354,338.83258056640625,174.52316284179688
12,644.9462468588516,31.538842393103536,0.03153884239310354,338.9356994628906,174.52316284179688
12,652.8512174570733,31.538842393103536,0.03153884239310354,339.038818359375,174.52316284179688
12,660.8530776185153,31.21444851862396,0.031214448518623962,339.1419372558594,174.6263427734375
12,668.9554266738672,31.21444851862396,0.031214448518623962,339.2450866699219,174.6263427734375
12,677.1546727430285,31.21444851862396,0.031214448518623962,339.34820556640625,174.6263427734375
12,685.4544152480083,31.21444851862396,0.031214448518623962,339.4513244628906,174.6263427734375
12,693.8558859525004,30.89343844342356,0.03089343844342356,339.554443359375,174.72950744628906
12,702.3603317176651,30.89343844342356,0.03089343844342356,339.6575622558594,174.72950744628906
12,710.9715779430996,30.89343844342356,0.03089343844342356,339.7607116699219,174.72950744628906
12,719.6858071477569,30.73417351395067,0.03073417351395067,339.86383056640625,174.78108978271484
12,728.5068448282902,30.575729642897887,0.030575729642897887,339.9669494628906,174.83267211914062
12,737.4360001137395,30.575729642897887,0.030575729642897887,340.070068359375,174.83267211914062
12,746.4745981788665,30.575729642897887,0.030575729642897887,340.1731872558594,174.83267211914062
12,755.6267046912465,30.4181025974631,0.030418102597463102,340.2763366699219,174.8842544555664
12,764.8882623992064,30.26128816666557,0.03026128816666557,340.37945556640625,174.9358367919922
12,774.2633370734744,30.26128816666557,0.03026128816666557,340.4825744628906,174.9358367919922
12,783.7533200676484,30.26128816666557,0.03026128816666557,340.585693359375,174.9358367919922
12,793.359619788854,29.950080413491715,0.029950080413491717,340.6888122558594,175.03900146484375
12,803.0865572635423,29.950080413491715,0.029950080413491717,340.7919616699219,175.03900146484375
12,812.9298204097573,29.950080413491715,0.029950080413491717,340.89508056640625,175.03900146484375
12,822.8937303635788,29.950080413491715,0.029950080413491717,340.9981994628906,175.03900146484375
12,832.9797658675714,29.64207312769723,0.029642073127697233,341.101318359375,175.1421661376953
12,843.1894237889348,29.64207312769723,0.029642073127697233,341.2044372558594,175.1421661376953
12,853.5272965517258,29.64207312769723,0.029642073127697233,341.3075866699219,175.1421661376953
12,863.988801238174,29.48925936128018,0.02948925936128018,341.41070556640625,175.1937484741211
12,874.5785303888505,29.3372333956052,0.0293372333956052,341.5138244628906,175.24533081054688
12,885.2980556240641,29.3372333956052,0.0293372333956052,341.616943359375,175.24533081054688
12,896.1489678271437,29.185991169323476,0.029185991169323477,341.7200622558594,175.29691314697266
12,907.1361478658507,29.035528642023664,0.029035528642023665,341.8232116699219,175.34849548339844
12,918.2547249757862,29.035528642023664,0.029035528642023665,341.92633056640625,175.34849548339844
12,929.5095801485465,29.035528642023664,0.029035528642023665,342.0294494628906,175.34849548339844
12,940.902383715706,28.736926626764678,0.028736926626764678,342.132568359375,175.45166015625
12,952.434826481742,28.736926626764678,0.028736926626764678,342.2356872558594,175.45166015625
12,964.1120958748681,28.736926626764678,0.028736926626764678,342.3388366699219,175.45166015625
12,975.9290152048114,28.58875730622472,0.028588757306224722,342.44195556640625,175.5032501220703
12,987.8907720313985,28.441351955605207,0.028441351955605206,342.5450744628906,175.55484008789062
12,999.9991415973846,28.441351955605207,0.028441351955605206,342.648193359375,175.55484008789062
15,12.915529466825491,118.4402387942145,0.1184402387942145,305.8326416015625,161.31790161132812
15,13.073832397020023,118.4402387942145,0.1184402387942145,305.9357604980469,161.31790161132812
15,13.234075612959126,118.4402387942145,0.1184402387942145,306.03887939453125,161.31790161132812
15,13.396282896317393,118.4402387942145,0.1184402387942145,306.1419982910156,161.31790161132812
15,13.560478320256383,118.4402387942145,0.1184402387942145,306.2451171875,161.31790161132812
15,13.726686252997334,117.82964388381434,0.11782964388381434,306.3482360839844,161.3694839477539
15,13.894981456820666,117.22219677308445,0.11722219677308444,306.4513854980469,161.4210662841797
15,14.065289324203354,117.22219677308445,0.11722219677308444,306.55450439453125,161.4210662841797
15,14.237684619322641,117.22219677308445,0.11722219677308444,306.6576232910156,161.4210662841797
15,14.412192927341573,117.22219677308445,0.11722219677308444,306.7607421875,161.4210662841797
15,14.588840147015164,117.22219677308445,0.11722219677308444,306.8638610839844,161.4210662841797
15,14.767705736337694,117.22219677308445,0.11722219677308444,306.9670104980469,161.4210662841797
15,14.948710401792377,117.22219677308445,0.11722219677308444,307.07012939453125,161.4210662841797
15,15.131933603389449,117.22219677308445,0.11722219677308444,307.1732482910156,161.4210662841797
15,15.31740253326015,117.22219677308445,0.11722219677308444,307.2763671875,161.4210662841797
15,15.505144716823935,117.22219677308445,0.11722219677308444,307.3794860839844,161.4210662841797
15,15.695188016873544,117.22219677308445,0.11722219677308444,307.48260498046875,161.4210662841797
15,15.887617917117558,117.22219677308445,0.11722219677308444,307.58575439453125,161.4210662841797
15,16.082349110798077,117.22219677308445,0.11722219677308444,307.6888732910156,161.4210662841797
15,16.279467083792518,117.22219677308445,0.11722219677308444,307.7919921875,161.4210662841797
15,16.479001090353318,117.22219677308445,0.11722219677308444,307.8951110839844,161.4210662841797
15,16.68098074329611,117.22219677308445,0.11722219677308444,307.99822998046875,161.4210662841797
15,16.885496895441207,117.22219677308445,0.11722219677308444,308.10137939453125,161.4210662841797
15,17.092458882032997,116.61788123417445,0.11661788123417445,308.2044982910156,161.47264862060547
15,17.30195755819686,116.0166811228934,0.1160166811228934,308.3076171875,161.52423095703125
15,17.51402401560374,116.0166811228934,0.1160166811228934,308.4107360839844,161.52423095703125
15,17.728689727008675,116.0166811228934,0.1160166811228934,308.51385498046875,161.52423095703125
15,17.94605125157007,116.0166811228934,0.1160166811228934,308.61700439453125,161.52423095703125
15,18.166012230006288,116.0166811228934,0.1160166811228934,308.7201232910156,161.52423095703125
15,18.388669223925604,116.0166811228934,0.1160166811228934,308.8232421875,161.52423095703125
15,18.61405527782315,116.0166811228934,0.1160166811228934,308.9263610839844,161.52423095703125
15,18.842203841213532,116.0166811228934,0.1160166811228934,309.02947998046875,161.52423095703125
15,19.07314877359499,116.0166811228934,0.1160166811228934,309.1325988769531,161.52423095703125
15,19.306993956710755,116.0166811228934,0.1160166811228934,309.2357482910156,161.52423095703125
15,19.543635723852077,116.0166811228934,0.1160166811228934,309.3388671875,161.52423095703125
15,19.78317795939782,116.0166811228934,0.1160166811228934,309.4419860839844,161.52423095703125
15,20.02565621377961,116.0166811228934,0.1160166811228934,309.54510498046875,161.52423095703125
15,20.271106473163268,116.0166811228934,0.1160166811228934,309.6482238769531,161.52423095703125
15,20.519639143958493,116.0166811228934,0.1160166811228934,309.7513732910156,161.52423095703125
15,20.77114404829605,115.41849214337776,0.11541849214337777,309.8544921875,161.57582092285156
15,21.025731595386844,114.82338746218673,0.11482338746218673,309.9576110839844,161.62741088867188
15,21.2834395685352,114.82338746218673,0.11482338746218673,310.06072998046875,161.62741088867188
15,21.544306214147472,114.82338746218673,0.11482338746218673,310.1638488769531,161.62741088867188
15,21.808370247408206,114.82338746218673,0.11482338746218673,310.2669677734375,161.62741088867188
15,22.075750447421203,114.82338746218673,0.11482338746218673,310.3701171875,161.62741088867188
15,22.346328280954573,114.82338746218673,0.11482338746218673,310.4732360839844,161.62741088867188
15,22.62022253012572,114.82338746218673,0.11482338746218673,310.57635498046875,161.62741088867188
15,22.89747384354411,114.82338746218673,0.11482338746218673,310.6794738769531,161.62741088867188
15,23.178123368040637,114.82338746218673,0.11482338746218673,310.7825927734375,161.62741088867188
15,23.46229734306793,114.82338746218673,0.11482338746218673,310.8857421875,161.62741088867188
15,23.749869790488145,114.82338746218673,0.11482338746218673,310.9888610839844,161.62741088867188
15,24.04096695295677,114.82338746218673,0.11482338746218673,311.09197998046875,161.62741088867188
15,24.335632032165353,114.82338746218673,0.11482338746218673,311.1950988769531,161.62741088867188
15,24.633908759319503,114.82338746218673,0.11482338746218673,311.2982177734375,161.62741088867188
15,24.9359313027946,114.23152583127532,0.11423152583127533,311.4013671875,161.67898559570312
15,25.24156577194286,113.642714974234,0.113642714974234,311.5044860839844,161.73056030273438
15,25.5509463385437,113.642714974234,0.113642714974234,311.60760498046875,161.73056030273438
15,25.86411891772631,113.642714974234,0.113642714974234,311.7107238769531,161.73056030273438
15,26.181129987391902,113.642714974234,0.113642714974234,311.8138427734375,161.73056030273438
15,26.502122142843188,113.642714974234,0.113642714974234,311.9169921875,161.73056030273438
15,26.82695308394874,113.642714974234,0.113642714974234,312.0201110839844,161.73056030273438
15,27.155765409629115,113.642714974234,0.113642714974234,312.12322998046875,161.73056030273438
15,27.488607918878255,113.642714974234,0.113642714974234,312.2263488769531,161.73056030273438
15,27.825530008809157,113.642714974234,0.113642714974234,312.3294677734375,161.73056030273438
15,28.166683230935295,113.642714974234,0.113642714974234,312.4326171875,161.73056030273438
15,28.51191634745376,113.642714974234,0.113642714974234,312.5357360839844,161.73056030273438
15,28.861380913723117,113.642714974234,0.113642714974234,312.63885498046875,161.73056030273438
15,29.21512879373362,113.05676630683664,0.11305676630683664,312.7419738769531,161.7821502685547
15,29.573212487161587,112.47383882597907,0.11247383882597907,312.8450927734375,161.833740234375
15,29.935793064258323,112.47383882597907,0.11247383882597907,312.9482421875,161.833740234375
15,30.302709788186778,112.47383882597907,0.11247383882597907,313.0513610839844,161.833740234375
15,30.67412373328488,112.47383882597907,0.11247383882597907,313.15447998046875,161.833740234375
15,31.050090021047303,112.47383882597907,0.11247383882597907,313.2575988769531,161.833740234375
15,31.4306644485813,112.47383882597907,0.11247383882597907,313.3607177734375,161.833740234375
15,31.816018202734583,112.47383882597907,0.11247383882597907,313.4638671875,161.833740234375
15,32.205980451015016,112.47383882597907,0.11247383882597907,313.5669860839844,161.833740234375
15,32.600722384613526,112.47383882597907,0.11247383882597907,313.67010498046875,161.833740234375
15,33.00030258712854,112.47383882597907,0.11247383882597907,313.7732238769531,161.833740234375
15,33.40478036020528,112.47383882597907,0.11247383882597907,313.8763427734375,161.833740234375
15,33.81433764269701,111.89408803518887,0.11189408803518887,313.9794921875,161.88531494140625
15,34.228792872362625,111.31732559247094,0.11131732559247094,314.0826110839844,161.9368896484375
15,34.64832799267142,111.31732559247094,0.11131732559247094,314.18572998046875,161.9368896484375
15,35.0730052667754,111.31732559247094,0.11131732559247094,314.2888488769531,161.9368896484375
15,35.50288772097287,111.31732559247094,0.11131732559247094,314.3919677734375,161.9368896484375
15,35.93816872144108,111.31732559247094,0.11131732559247094,314.4951171875,161.9368896484375
15,36.378655302269415,111.31732559247094,0.11131732559247094,314.5982360839844,161.9368896484375
15,36.82454083454109,111.31732559247094,0.11131732559247094,314.70135498046875,161.9368896484375
15,37.275891492069235,111.31732559247094,0.11131732559247094,314.8044738769531,161.9368896484375
15,37.732774259745526,111.31732559247094,0.11131732559247094,314.9075927734375,161.9368896484375
15,38.19539464880535,111.31732559247094,0.11131732559247094,315.0107421875,161.9368896484375
15,38.663547573420075,110.74336677246268,0.11074336677246269,315.1138610839844,161.9884796142578
15,39.137438550039285,110.17236731862047,0.11017236731862047,315.21697998046875,162.04006958007812
15,39.61713790876038,110.17236731862047,0.11017236731862047,315.3200988769531,162.04006958007812
15,40.10271684170201,110.17236731862047,0.11017236731862047,315.4232177734375,162.04006958007812
15,40.59439376797181,110.17236731862047,0.11017236731862047,315.5263671875,162.04006958007812
15,41.09195072058815,110.17236731862047,0.11017236731862047,315.6294860839844,162.04006958007812
15,41.59560612420029,110.17236731862047,0.11017236731862047,315.73260498046875,162.04006958007812
15,42.10543472624032,110.17236731862047,0.11017236731862047,315.8357238769531,162.04006958007812
15,42.621512190303946,110.17236731862047,0.11017236731862047,315.9388427734375,162.04006958007812
15,43.14407065409628,110.17236731862047,0.11017236731862047,316.0419921875,162.04006958007812
15,43.67287846043563,110.17236731862047,0.11017236731862047,316.1451110839844,162.04006958007812
15,44.20816775291677,109.03935226961674,0.10903935226961674,316.24822998046875,162.1432342529297
15,44.750017973753145,109.03935226961674,0.10903935226961674,316.3513488769531,162.1432342529297
15,45.298509538864664,109.03935226961674,0.10903935226961674,316.4544677734375,162.1432342529297
15,45.85388916619981,109.03935226961674,0.10903935226961674,316.5576171875,162.1432342529297
15,46.415910648514526,109.03935226961674,0.10903935226961674,316.6607360839844,162.1432342529297
15,46.9848207100169,109.03935226961674,0.10903935226961674,316.76385498046875,162.1432342529297
15,47.560703782574215,109.03935226961674,0.10903935226961674,316.8669738769531,162.1432342529297
15,48.1436453329175,109.03935226961674,0.10903935226961674,316.9700927734375,162.1432342529297
15,48.73390757500321,109.03935226961674,0.10903935226961674,317.0732421875,162.1432342529297
15,49.331228837655914,109.03935226961674,0.10903935226961674,317.1763610839844,162.1432342529297
15,49.935871341484855,107.91798917230017,0.10791798917230017,317.27947998046875,162.24639892578125
15,50.547924821404415,107.91798917230017,0.10791798917230017,317.3825988769531,162.24639892578125
15,51.16748011219093,107.91798917230017,0.10791798917230017,317.4857177734375,162.24639892578125
15,51.79481589709147,107.91798917230017,0.10791798917230017,317.5888671875,162.24639892578125
15,52.429654069731306,107.91798917230017,0.10791798917230017,317.6919860839844,162.24639892578125
15,53.07227332042813,107.91798917230017,0.10791798917230017,317.79510498046875,162.24639892578125
15,53.72276902022028,107.91798917230017,0.10791798917230017,317.8982238769531,162.24639892578125
15,54.381237709088886,107.91798917230017,0.10791798917230017,318.0013427734375,162.24639892578125
15,55.047975573984566,107.91798917230017,0.10791798917230017,318.1044921875,162.24639892578125
15,55.72268704106161,106.80815819774341,0.1068081581977434,318.2076110839844,162.3495635986328
15,56.405668304785266,106.80815819774341,0.1068081581977434,318.31072998046875,162.3495635986328
15,57.09702072631499,106.80815819774341,0.1068081581977434,318.4138488769531,162.3495635986328
15,57.7968469091726,106.80815819774341,0.1068081581977434,318.5169677734375,162.3495635986328
15,58.50546164339521,106.80815819774341,0.1068081581977434,318.6201171875,162.3495635986328
15,59.22255079055888,106.80815819774341,0.1068081581977434,318.7232360839844,162.3495635986328
15,59.9484291486874,106.80815819774341,0.1068081581977434,318.82635498046875,162.3495635986328
15,60.683204445292304,106.80815819774341,0.1068081581977434,318.9294738769531,162.3495635986328
15,61.42698572827866,106.80815819774341,0.1068081581977434,319.0325927734375,162.3495635986328
15,62.18010755920387,105.70974074934233,0.10570974074934233,319.1357421875,162.45272827148438
15,62.94223606905059,105.70974074934233,0.10570974074934233,319.2388610839844,162.45272827148438
15,63.71370582786456,105.70974074934233,0.10570974074934233,319.34197998046875,162.45272827148438
15,64.49463132937107,105.70974074934233,0.10570974074934233,319.4450988769531,162.45272827148438
15,65.28512847062105,105.70974074934233,0.10570974074934233,319.5482177734375,162.45272827148438
15,66.08555282651369,105.70974074934233,0.10570974074934233,319.6513671875,162.45272827148438
15,66.89554955818724,105.70974074934233,0.10570974074934233,319.7544860839844,162.45272827148438
15,67.71547424956246,105.70974074934233,0.10570974074934233,319.85760498046875,162.45272827148438
15,68.54544858555481,104.62261945014286,0.10462261945014287,319.9607238769531,162.55589294433594
15,69.38559574254616,104.62261945014286,0.10462261945014287,320.0638427734375,162.55589294433594
15,70.23629362859607,104.62261945014286,0.10462261945014287,320.1669921875,162.55589294433594
15,71.097165117912,104.62261945014286,0.10462261945014287,320.2701110839844,162.55589294433594
15,71.96858812814156,104.62261945014286,0.10462261945014287,320.37322998046875,162.55589294433594
15,72.85069198705897,104.62261945014286,0.10462261945014287,320.4763488769531,162.55589294433594
15,73.74360760758174,104.62261945014286,0.10462261945014287,320.5794677734375,162.55589294433594
15,74.64773663364404,104.62261945014286,0.10462261945014287,320.6826171875,162.55589294433594
15,75.56267825271188,103.54667813029815,0.10354667813029815,320.7857360839844,162.6590576171875
15,76.48883411890962,103.54667813029815,0.10354667813029815,320.88885498046875,162.6590576171875
15,77.42634168290753,103.54667813029815,0.10354667813029815,320.9919738769531,162.6590576171875
15,78.3753400800797,103.54667813029815,0.10354667813029815,321.0950927734375,162.6590576171875
15,79.33625618105194,103.54667813029815,0.10354667813029815,321.1982421875,162.6590576171875
15,80.30866399881765,103.54667813029815,0.10354667813029815,321.3013610839844,162.6590576171875
15,81.29299041483299,103.54667813029815,0.10354667813029815,321.40447998046875,162.6590576171875
15,82.2893815128517,103.01278523555669,0.1030127852355567,321.5075988769531,162.7106475830078
15,83.29798516714555,102.48164512466309,0.1024816451246631,321.6107177734375,162.76223754882812
15,84.3192550594851,102.48164512466309,0.1024816451246631,321.7138671875,162.76223754882812
15,85.35273844721782,102.48164512466309,0.1024816451246631,321.8169860839844,162.76223754882812
15,86.39888902362487,102.48164512466309,0.1024816451246631,321.92010498046875,162.76223754882812
15,87.45786204777559,102.48164512466309,0.1024816451246631,322.0232238769531,162.76223754882812
15,88.529814681717,102.48164512466309,0.1024816451246631,322.1263427734375,162.76223754882812
15,89.61522910233495,101.95339948618685,0.10195339948618685,322.2294921875,162.81381225585938
15,90.71362413084631,101.4278767104656,0.1014278767104656,322.3326110839844,162.86538696289062
15,91.82548195637051,101.4278767104656,0.1014278767104656,322.43572998046875,162.86538696289062
15,92.95096758958098,101.4278767104656,0.1014278767104656,322.5388488769531,162.86538696289062
15,94.09024806365234,101.4278767104656,0.1014278767104656,322.6419677734375,162.86538696289062
15,95.24383584032364,101.4278767104656,0.1014278767104656,322.7451171875,162.86538696289062
15,96.41121951864805,101.4278767104656,0.1014278767104656,322.8482360839844,162.86538696289062
15,97.59291157336648,100.90490848316719,0.10090490848316719,322.95135498046875,162.91697692871094
15,98.78908737924128,100.38463671147493,0.10038463671147493,323.0544738769531,162.96856689453125
15,99.99992446056623,100.38463671147493,0.10038463671147493,323.1575927734375,162.96856689453125
15,101.22596746608284,100.38463671147493,0.10038463671147493,323.2607421875,162.96856689453125
15,102.46667287446867,100.38463671147493,0.10038463671147493,323.3638610839844,162.96856689453125
15,103.7225853482838,100.38463671147493,0.10038463671147493,323.46697998046875,162.96856689453125
15,104.99389127733305,100.38463671147493,0.10038463671147493,323.5700988769531,162.96856689453125
15,106.28077933596188,99.35243080466532,0.09935243080466533,323.6732177734375,163.07171630859375
15,107.58382838153489,99.35243080466532,0.09935243080466533,323.7763671875,163.07171630859375
15,108.90246075491822,99.35243080466532,0.09935243080466533,323.8794860839844,163.07171630859375
15,110.23725532816276,99.35243080466532,0.09935243080466533,323.98260498046875,163.07171630859375
15,111.58841019795533,99.35243080466532,0.09935243080466533,324.0857238769531,163.07171630859375
15,112.95612588901228,99.35243080466532,0.09935243080466533,324.1888427734375,163.07171630859375
15,114.34101761591634,98.84016370117448,0.09884016370117447,324.2919921875,163.12330627441406
15,115.74247143757474,98.3305378776523,0.09833053787765231,324.3951110839844,163.17489624023438
15,117.16110258417908,98.3305378776523,0.09833053787765231,324.49822998046875,163.17489624023438
15,118.59712159459106,98.3305378776523,0.09833053787765231,324.6013488769531,163.17489624023438
15,120.05074158820294,98.3305378776523,0.09833053787765231,324.7044677734375,163.17489624023438
15,121.52261642036176,98.3305378776523,0.09833053787765231,324.8076171875,163.17489624023438
15,123.01209358919652,97.82361449944706,0.09782361449944706,324.9107360839844,163.22647857666016
15,124.51982696664358,97.31930446310814,0.09731930446310814,325.01385498046875,163.27806091308594
15,126.04604031521492,97.31930446310814,0.09731930446310814,325.1169738769531,163.27806091308594
15,127.59096014003266,97.31930446310814,0.09731930446310814,325.2200927734375,163.27806091308594
15,129.15528136418047,97.31930446310814,0.09731930446310814,325.3232421875,163.27806091308594
15,130.7383105030604,97.31930446310814,0.09731930446310814,325.4263610839844,163.27806091308594
15,132.3407424973876,96.81759429607534,0.09681759429607534,325.52947998046875,163.32964324951172
15,133.96281516388322,96.31847059524364,0.09631847059524364,325.6325988769531,163.3812255859375
15,135.6047692341381,96.31847059524364,0.09631847059524364,325.7357177734375,163.3812255859375
15,137.26734327837926,96.31847059524364,0.09631847059524364,325.8388671875,163.3812255859375
15,138.94980025521468,96.31847059524364,0.09631847059524364,325.9419860839844,163.3812255859375
15,140.65287875361028,96.31847059524364,0.09631847059524364,326.04510498046875,163.3812255859375
15,142.3768315272216,95.8219200266049,0.0958219200266049,326.1482238769531,163.43280792236328
15,144.1219144276528,95.3279293248919,0.0953279293248919,326.2513427734375,163.48439025878906
15,145.88891241369,95.3279293248919,0.0953279293248919,326.3544921875,163.48439025878906
15,147.6770421514062,95.3279293248919,0.0953279293248919,326.4576110839844,163.48439025878906
15,149.48708861950294,95.3279293248919,0.0953279293248919,326.56072998046875,163.48439025878906
15,151.31932044673852,94.83648529322383,0.09483648529322383,326.6638488769531,163.53597259521484
15,153.17400955439706,94.34757480275373,0.09434757480275373,326.7669677734375,163.58755493164062
15,155.05143119664476,94.34757480275373,0.09434757480275373,326.8700866699219,163.58755493164062
15,156.9524298597883,94.34757480275373,0.09434757480275373,326.9732360839844,163.58755493164062
15,158.8761628056017,94.34757480275373,0.09434757480275373,327.07635498046875,163.58755493164062
15,160.82347454181732,94.34757480275373,0.09434757480275373,327.1794738769531,163.58755493164062
15,162.79465406871387,93.37730226808642,0.09337730226808642,327.2825927734375,163.6907196044922
15,164.78999392878515,93.37730226808642,0.09337730226808642,327.3857116699219,163.6907196044922
15,166.81039164933733,93.37730226808642,0.09337730226808642,327.4888610839844,163.6907196044922
15,168.85495156093947,93.37730226808642,0.09337730226808642,327.59197998046875,163.6907196044922
15,170.92457121366922,93.37730226808642,0.09337730226808642,327.6950988769531,163.6907196044922
15,173.01955775950657,92.89591430321714,0.09289591430321714,327.7982177734375,163.74230194091797
15,175.1402221151293,92.41700803750909,0.09241700803750909,327.9013366699219,163.79388427734375
15,177.28751818027345,92.41700803750909,0.09241700803750909,328.0044860839844,163.79388427734375
15,179.4604940297685,92.41700803750909,0.09241700803750909,328.10760498046875,163.79388427734375
15,181.66010358755253,92.41700803750909,0.09241700803750909,328.2107238769531,163.79388427734375
15,183.88667329739016,91.94050039056744,0.09194050039056743,328.3138427734375,163.84547424316406
15,186.14053360419925,91.46644964568763,0.09146644964568763,328.4169616699219,163.89706420898438
15,188.42201900309098,91.46644964568763,0.09146644964568763,328.52008056640625,163.89706420898438
15,190.73215573299584,91.46644964568763,0.09146644964568763,328.62322998046875,163.89706420898438
15,193.06991967929065,91.46644964568763,0.09146644964568763,328.7263488769531,163.89706420898438
15,195.43633710694309,90.99498226210433,0.09099498226210433,328.8294677734375,163.94863891601562
15,197.8317592156518,90.52594507554562,0.09052594507554562,328.9325866699219,164.00021362304688
15,200.25654150969692,90.52594507554562,0.09052594507554562,329.03570556640625,164.00021362304688
15,202.71177468463534,90.52594507554562,0.09052594507554562,329.13885498046875,164.00021362304688
15,205.19637030264207,90.52594507554562,0.09052594507554562,329.2419738769531,164.00021362304688
15,207.7114190869467,89.59483727843754,0.08959483727843753,329.3450927734375,164.1033935546875
15,210.2572942956082,89.59483727843754,0.08959483727843753,329.4482116699219,164.1033935546875
15,212.8343737616308,89.59483727843754,0.08959483727843753,329.55133056640625,164.1033935546875
15,215.44303994903916,89.59483727843754,0.08959483727843753,329.6544494628906,164.1033935546875
15,218.08446626652528,89.13301719382872,0.08913301719382873,329.7575988769531,164.15496826171875
15,220.75748173434465,88.67357757886559,0.0886735775788656,329.8607177734375,164.20654296875
15,223.46325979096054,88.67357757886559,0.0886735775788656,329.9638366699219,164.20654296875
15,226.20220200053808,88.67357757886559,0.0886735775788656,330.06695556640625,164.20654296875
15,228.9747148491297,88.67357757886559,0.0886735775788656,330.1700744628906,164.20654296875
15,231.78204544558076,88.21637128431804,0.08821637128431804,330.2732238769531,164.2581329345703
15,234.62294926255265,87.76152237289946,0.08776152237289947,330.3763427734375,164.30972290039062
15,237.49867344053123,87.76152237289946,0.08776152237289947,330.4794616699219,164.30972290039062
15,240.4096447653631,87.76152237289946,0.08776152237289947,330.58258056640625,164.30972290039062
15,243.35629525391928,87.76152237289946,0.08776152237289947,330.6856994628906,164.30972290039062
15,246.33995034420033,86.85898094629647,0.08685898094629647,330.7888488769531,164.4128875732422
15,249.35928734185322,86.85898094629647,0.08685898094629647,330.8919677734375,164.4128875732422
15,252.41563171850677,86.85898094629647,0.08685898094629647,330.9950866699219,164.4128875732422
15,255.50943706582748,86.85898094629647,0.08685898094629647,331.09820556640625,164.4128875732422
15,258.6411625350596,85.96572127557812,0.08596572127557812,331.2013244628906,164.51605224609375
15,261.8112729051674,85.96572127557812,0.08596572127557812,331.304443359375,164.51605224609375
15,265.02119412903164,85.96572127557812,0.08596572127557812,331.4075927734375,164.51605224609375
15,268.26950320548417,85.96572127557812,0.08596572127557812,331.5107116699219,164.51605224609375
15,271.55762612358376,85.52254223090446,0.08552254223090447,331.61383056640625,164.56763458251953
15,274.8860508732197,85.08164790696277,0.08508164790696278,331.7169494628906,164.6192169189453
15,278.2552714254708,85.08164790696277,0.08508164790696278,331.820068359375,164.6192169189453
15,281.66680329531573,85.08164790696277,0.08508164790696278,331.9232177734375,164.6192169189453
15,285.1191341048814,84.6430265253333,0.0846430265253333,332.0263366699219,164.6707992553711
15,288.6137794075973,84.20666636831754,0.08420666636831754,332.12945556640625,164.72238159179688
15,292.1512578433126,84.20666636831754,0.08420666636831754,332.2325744628906,164.72238159179688
15,295.73209440873615,84.20666636831754,0.08420666636831754,332.335693359375,164.72238159179688
15,299.3568205353512,83.77249173639612,0.08377249173639612,332.4388122558594,164.7739715576172
15,303.0270666675447,83.3405557349672,0.0833405557349672,332.5419616699219,164.8255615234375
15,306.74120573593837,83.3405557349672,0.0833405557349672,332.64508056640625,164.8255615234375
15,310.50086822628595,83.3405557349672,0.0833405557349672,332.7481994628906,164.8255615234375
15,314.30661210960255,82.91097358860694,0.08291097358860694,332.851318359375,164.87713623046875
15,318.1590021958369,82.48360574018179,0.08248360574018179,332.9544372558594,164.9287109375
15,322.0597713352991,82.48360574018179,0.08248360574018179,333.0575866699219,164.9287109375
15,326.0071902646672,82.48360574018179,0.08248360574018179,333.16070556640625,164.9287109375
15,330.00299187821633,82.05831531240078,0.08205831531240078,333.2638244628906,164.9803009033203
15,334.04776919233785,81.6352177076218,0.0816352177076218,333.366943359375,165.03189086914062
15,338.14212249190035,81.6352177076218,0.0816352177076218,333.4700622558594,165.03189086914062
15,342.2878934651094,81.6352177076218,0.0816352177076218,333.5732116699219,165.03189086914062
15,346.4832442360413,81.21442579266329,0.08121442579266329,333.67633056640625,165.08346557617188
15,350.730016539628,80.79580286604906,0.08079580286604907,333.7794494628906,165.13504028320312
15,355.0288406387879,80.79580286604906,0.08079580286604907,333.882568359375,165.13504028320312
15,359.3803545214396,80.79580286604906,0.08079580286604907,333.9856872558594,165.13504028320312
15,363.7865155496397,80.37921485131011,0.08037921485131011,334.0888366699219,165.18663024902344
15,368.2453704130568,79.96477478940865,0.07996477478940865,334.19195556640625,165.23822021484375
15,372.75887652340947,79.96477478940865,0.07996477478940865,334.2950744628906,165.23822021484375
15,377.32770372954496,79.96477478940865,0.07996477478940865,334.398193359375,165.23822021484375
15,381.95253009050737,79.14241528646194,0.07914241528646195,334.5013122558594,165.3413848876953
15,386.6354359075164,79.14241528646194,0.07914241528646195,334.6044616699219,165.3413848876953
15,391.3743451855612,79.14241528646194,0.07914241528646195,334.70758056640625,165.3413848876953
15,396.1713382786413,78.73441242812049,0.0787344124281205,334.8106994628906,165.3929672241211
15,401.02712710787097,78.32851294673327,0.07832851294673328,334.913818359375,165.44454956054688
15,405.9424323202305,78.32851294673327,0.07832851294673328,335.0169372558594,165.44454956054688
15,410.9194648777391,78.32851294673327,0.07832851294673328,335.1200866699219,165.44454956054688
15,415.9560183950532,77.52298079657008,0.07752298079657008,335.22320556640625,165.54771423339844
15,421.0543038902875,77.52298079657008,0.07752298079657008,335.3263244628906,165.54771423339844
15,426.21507799932044,77.52298079657008,0.07752298079657008,335.429443359375,165.54771423339844
15,431.43910663195896,77.1233266081344,0.07712332660813441,335.5325622558594,165.59929656982422
15,436.7287396176424,76.7257327567587,0.0767257327567587,335.6357116699219,165.65087890625
15,442.08163199106133,76.7257327567587,0.0767257327567587,335.73883056640625,165.65087890625
15,447.5001336412741,76.7257327567587,0.0767257327567587,335.8419494628906,165.65087890625
15,452.98504872739665,76.33018862078822,0.07633018862078822,335.945068359375,165.70246124267578
15,458.5371912649557,75.93668363332607,0.07593668363332608,336.0481872558594,165.75404357910156
15,464.159058672879,75.93668363332607,0.07593668363332608,336.1513366699219,165.75404357910156
15,469.8481587018778,75.93668363332607,0.07593668363332608,336.25445556640625,165.75404357910156
15,475.60698883424357,75.15574910843586,0.07515574910843585,336.3575744628906,165.85720825195312
15,481.43640373719785,75.15574910843586,0.07515574910843585,336.460693359375,165.85720825195312
15,487.33726855343843,75.15574910843586,0.07515574910843585,336.5638122558594,165.85720825195312
15,493.31223756127156,74.38273200340625,0.07438273200340625,336.6669616699219,165.96038818359375
15,499.3586619767287,74.38273200340625,0.07438273200340625,336.77008056640625,165.96038818359375
15,505.47919614545805,74.38273200340625,0.07438273200340625,336.8731994628906,165.96038818359375
15,511.6747484151297,73.99932330899131,0.07399932330899131,336.976318359375,166.011962890625
15,517.9462382668403,73.61789090965172,0.07361789090965172,337.0794372558594,166.06353759765625
15,524.2964866903886,73.61789090965172,0.07361789090965172,337.1825866699219,166.06353759765625
15,530.7226785354053,73.23831264029327,0.07323831264029328,337.28570556640625,166.11512756347656
15,537.2276348632619,72.86069149930117,0.07286069149930118,337.3888244628906,166.16671752929688
15,543.8123210736704,72.86069149930117,0.07286069149930118,337.491943359375,166.16671752929688
15,550.4777143990445,72.48512822205235,0.07248512822205236,337.5950622558594,166.21829223632812
15,557.2268130115923,72.11150080037007,0.07211150080037007,337.6982116699219,166.26986694335938
15,564.0566249453012,72.11150080037007,0.07211150080037007,337.80133056640625,166.26986694335938
15,570.9701484484477,72.11150080037007,0.07211150080037007,337.9044494628906,166.26986694335938
15,577.9684095561445,71.36979541855537,0.07136979541855537,338.007568359375,166.373046875
15,585.0524468794009,71.36979541855537,0.07136979541855537,338.1106872558594,166.373046875
15,592.2254469014134,71.36979541855537,0.07136979541855537,338.2138366699219,166.373046875
15,599.4842297349827,70.63582687252521,0.07063582687252522,338.31695556640625,166.47621154785156
15,606.8319819441521,70.63582687252521,0.07063582687252522,338.4200744628906,166.47621154785156
15,614.2697940078588,70.63582687252521,0.07063582687252522,338.523193359375,166.47621154785156
15,621.7987697708118,70.27167802565234,0.07027167802565233,338.6263122558594,166.52779388427734
15,629.4222958547439,69.90940647516783,0.06990940647516783,338.7294616699219,166.57937622070312
15,637.1369926482046,69.90940647516783,0.06990940647516783,338.83258056640625,166.57937622070312
15,644.9462468588516,69.54900254304646,0.06954900254304645,338.9356994628906,166.6309585571289
15,652.8512174570733,69.19045660115613,0.06919045660115614,339.038818359375,166.6825408935547
15,660.8530776185153,69.19045660115613,0.06919045660115614,339.1419372558594,166.6825408935547
15,668.9554266738672,68.83375907100063,0.06883375907100063,339.2450866699219,166.73412322998047
15,677.1546727430285,68.47890042346377,0.06847890042346377,339.34820556640625,166.78570556640625
15,685.4544152480083,68.47890042346377,0.06847890042346377,339.4513244628906,166.78570556640625
15,693.8558859525004,68.12587117855479,0.06812587117855479,339.554443359375,166.83728790283203
15,702.3603317176651,67.77466190515513,0.06777466190515513,339.6575622558594,166.8888702392578
15,710.9715779430996,67.77466190515513,0.06777466190515513,339.7607116699219,166.8888702392578
15,719.6858071477569,67.42526322076652,0.06742526322076653,339.86383056640625,166.9404525756836
15,728.5068448282902,67.07766579126019,0.06707766579126019,339.9669494628906,166.99203491210938
15,737.4360001137395,67.07766579126019,0.06707766579126019,340.070068359375,166.99203491210938
15,746.4745981788665,66.73186033062765,0.06673186033062765,340.1731872558594,167.04361724853516
15,755.6267046912465,66.38783760073257,0.06638783760073257,340.2763366699219,167.09519958496094
15,764.8882623992064,66.38783760073257,0.06638783760073257,340.37945556640625,167.09519958496094
15,774.2633370734744,66.04558841106397,0.06604558841106398,340.4825744628906,167.14678192138672
15,783.7533200676484,65.70510361849072,0.06570510361849073,340.585693359375,167.1983642578125
15,793.359619788854,65.70510361849072,0.06570510361849073,340.6888122558594,167.1983642578125
15,803.0865572635423,65.02929146057383,0.06502929146057383,340.7919616699219,167.30154418945312
15,812.9298204097573,65.02929146057383,0.06502929146057383,340.89508056640625,167.30154418945312
15,822.8937303635788,65.02929146057383,0.06502929146057383,340.9981994628906,167.30154418945312
15,832.9797658675714,64.36062720117945,0.06436062720117945,341.101318359375,167.40469360351562
15,843.1894237889348,64.36062720117945,0.06436062720117945,341.2044372558594,167.40469360351562
15,853.5272965517258,64.02877993978713,0.06402877993978713,341.3075866699219,167.45628356933594
15,863.988801238174,63.69864370281579,0.06369864370281579,341.41070556640625,167.50787353515625
15,874.5785303888505,63.69864370281579,0.06369864370281579,341.5138244628906,167.50787353515625
15,885.2980556240641,63.370306558423444,0.06337030655842345,341.616943359375,167.5594482421875
15,896.1489678271437,63.043661840653066,0.06304366184065306,341.7200622558594,167.61102294921875
15,907.1361478658507,63.043661840653066,0.06304366184065306,341.8232116699219,167.61102294921875
15,918.2547249757862,62.395224035898956,0.06239522403589896,341.92633056640625,167.71420288085938
15,929.5095801485465,62.395224035898956,0.06239522403589896,342.0294494628906,167.71420288085938
15,940.902383715706,62.07355796516613,0.06207355796516613,342.132568359375,167.76578521728516
15,952.434826481742,61.753550179384746,0.06175355017938475,342.2356872558594,167.81736755371094
15,964.1120958748681,61.753550179384746,0.06175355017938475,342.3388366699219,167.81736755371094
15,975.9290152048114,61.43519212959913,0.06143519212959913,342.44195556640625,167.86894989013672
15,987.8907720313985,61.118475310926044,0.06111847531092605,342.5450744628906,167.9205322265625
15,999.9991415973846,61.118475310926044,0.06111847531092605,342.648193359375,167.9205322265625
16,3.593817242337312,194.53332699960336,0.19453332699960335,295.0045166015625,156.36593627929688
16,3.637865904957526,194.53332699960336,0.19453332699960335,295.1076354980469,156.36593627929688
16,3.6824544627776867,194.53332699960336,0.19453332699960335,295.21075439453125,156.36593627929688
16,3.727589533179791,194.53332699960336,0.19453332699960335,295.3138732910156,156.36593627929688
16,3.773291418448657,194.53332699960336,0.19453332699960335,295.4170227050781,156.36593627929688
16,3.819539858325053,194.53332699960336,0.19453332699960335,295.5201416015625,156.36593627929688
16,3.8663551556088946,194.53332699960336,0.19453332699960335,295.6232604980469,156.36593627929688
16,3.9137442581522874,194.53332699960336,0.19453332699960335,295.72637939453125,156.36593627929688
16,3.961714198965702,194.53332699960336,0.19453332699960335,295.8294982910156,156.36593627929688
16,4.0102865554919624,194.53332699960336,0.19453332699960335,295.9326477050781,156.36593627929688
16,4.059439794953398,194.53332699960336,0.19453332699960335,296.0357666015625,156.36593627929688
16,4.109195495340286,194.53332699960336,0.19453332699960335,296.1388854980469,156.36593627929688
16,4.159561040889571,194.53332699960336,0.19453332699960335,296.24200439453125,156.36593627929688
16,4.210543906345235,194.53332699960336,0.19453332699960335,296.3451232910156,156.36593627929688
16,4.262167024398997,194.53332699960336,0.19453332699960335,296.4482727050781,156.36593627929688
16,4.31440750982965,194.53332699960336,0.19453332699960335,296.5513916015625,156.36593627929688
16,4.367288295910748,194.53332699960336,0.19453332699960335,296.6545104980469,156.36593627929688
16,4.420817230672791,194.53332699960336,0.19453332699960335,296.75762939453125,156.36593627929688
16,4.4750022583379385,194.53332699960336,0.19453332699960335,296.8607482910156,156.36593627929688
16,4.5298677519680846,193.53059737518322,0.19353059737518322,296.9638977050781,156.41751098632812
16,4.585389388953401,192.53303635973714,0.19253303635973715,297.0670166015625,156.46908569335938
16,4.641591542974163,192.53303635973714,0.19253303635973715,297.1701354980469,156.46908569335938
16,4.6984825549846505,192.53303635973714,0.19253303635973715,297.27325439453125,156.46908569335938
16,4.75607086817246,192.53303635973714,0.19253303635973715,297.3763732910156,156.46908569335938
16,4.814382386437294,192.53303635973714,0.19253303635973715,297.4795227050781,156.46908569335938
16,4.87339125950034,192.53303635973714,0.19253303635973715,297.5826416015625,156.46908569335938
16,4.93312339191852,192.53303635973714,0.19253303635973715,297.6857604980469,156.46908569335938
16,4.993587648529736,192.53303635973714,0.19253303635973715,297.78887939453125,156.46908569335938
16,5.054793002826355,192.53303635973714,0.19253303635973715,297.8919982910156,156.46908569335938
16,5.116766985695646,192.53303635973714,0.19253303635973715,297.9951477050781,156.46908569335938
16,5.179482123239082,192.53303635973714,0.19253303635973715,298.0982666015625,156.46908569335938
16,5.242965947042431,192.53303635973714,0.19253303635973715,298.2013854980469,156.46908569335938
16,5.307227878731629,192.53303635973714,0.19253303635973715,298.30450439453125,156.46908569335938
16,5.372277455411493,192.53303635973714,0.19253303635973715,298.4076232910156,156.46908569335938
16,5.4381439371456795,192.53303635973714,0.19253303635973715,298.5107727050781,156.46908569335938
16,5.504798124438658,192.53303635973714,0.19253303635973715,298.6138916015625,156.46908569335938
16,5.572269278096456,192.53303635973714,0.19253303635973715,298.7170104980469,156.46908569335938
16,5.6405674115041,192.53303635973714,0.19253303635973715,298.82012939453125,156.46908569335938
16,5.70970266077858,192.53303635973714,0.19253303635973715,298.9232482910156,156.46908569335938
16,5.77970612376707,192.53303635973714,0.19253303635973715,299.0263977050781,156.46908569335938
16,5.8505467669947215,191.54032445461826,0.19154032445461827,299.1295166015625,156.5206756591797
16,5.922255689097706,190.55273103173596,0.19055273103173595,299.2326354980469,156.572265625
16,5.994843532387713,190.55273103173596,0.19055273103173595,299.33575439453125,156.572265625
16,6.068321069617005,190.55273103173596,0.19055273103173595,299.4388732910156,156.572265625
16,6.142721351844888,190.55273103173596,0.19055273103173595,299.5420227050781,156.572265625
16,6.218011396427515,190.55273103173596,0.19055273103173595,299.6451416015625,156.572265625
16,6.2942242552627485,190.55273103173596,0.19055273103173595,299.7482604980469,156.572265625
16,6.371371239090928,190.55273103173596,0.19055273103173595,299.85137939453125,156.572265625
16,6.449463797285767,190.55273103173596,0.19055273103173595,299.9544982910156,156.572265625
16,6.528537056797209,190.55273103173596,0.19055273103173595,300.0576477050781,156.572265625
16,6.6085559633878495,190.55273103173596,0.19055273103173595,300.1607666015625,156.572265625
16,6.68955564489885,190.55273103173596,0.19055273103173595,300.2638854980469,156.572265625
16,6.771548122482281,190.55273103173596,0.19055273103173595,300.36700439453125,156.572265625
16,6.854545564630945,190.55273103173596,0.19055273103173595,300.4701232910156,156.572265625
16,6.938585304569197,190.55273103173596,0.19055273103173595,300.5732727050781,156.572265625
16,7.02363008635219,190.55273103173596,0.19055273103173595,300.6763916015625,156.572265625
16,7.109717244151483,190.55273103173596,0.19055273103173595,300.7795104980469,156.572265625
16,7.196859554150825,190.55273103173596,0.19055273103173595,300.88262939453125,156.572265625
16,7.28506994912897,188.59308255415215,0.18859308255415216,300.9857482910156,156.67543029785156
16,7.37438810715769,188.59308255415215,0.18859308255415216,301.0888977050781,156.67543029785156
16,7.464774432298544,188.59308255415215,0.18859308255415216,301.1920166015625,156.67543029785156
16,7.556268603629988,188.59308255415215,0.18859308255415216,301.2951354980469,156.67543029785156
16,7.648884199789945,188.59308255415215,0.18859308255415216,301.39825439453125,156.67543029785156
16,7.7426349658468485,188.59308255415215,0.18859308255415216,301.5013732910156,156.67543029785156
16,7.837563071996453,188.59308255415215,0.18859308255415216,301.6045227050781,156.67543029785156
16,7.9336264353350066,188.59308255415215,0.18859308255415216,301.7076416015625,156.67543029785156
16,8.030867227128189,188.59308255415215,0.18859308255415216,301.8107604980469,156.67543029785156
16,8.129299878869109,188.59308255415215,0.18859308255415216,301.91387939453125,156.67543029785156
16,8.228938998934645,188.59308255415215,0.18859308255415216,302.0169982910156,156.67543029785156
16,8.329829406171356,188.59308255415215,0.18859308255415216,302.1201477050781,156.67543029785156
16,8.43192637450738,188.59308255415215,0.18859308255415216,302.2232666015625,156.67543029785156
16,8.535274723926394,188.59308255415215,0.18859308255415216,302.3263854980469,156.67543029785156
16,8.639889792343325,188.59308255415215,0.18859308255415216,302.42950439453125,156.67543029785156
16,8.745787105666706,188.59308255415215,0.18859308255415216,302.5326232910156,156.67543029785156
16,8.85301429775192,186.65358714461888,0.18665358714461888,302.6357727050781,156.77859497070312
16,8.961523833345327,186.65358714461888,0.18665358714461888,302.7388916015625,156.77859497070312
16,9.071363347510852,186.65358714461888,0.18665358714461888,302.8420104980469,156.77859497070312
16,9.182549141516338,186.65358714461888,0.18665358714461888,302.94512939453125,156.77859497070312
16,9.295097716430826,186.65358714461888,0.18665358714461888,303.0482482910156,156.77859497070312
16,9.409059697925297,186.65358714461888,0.18665358714461888,303.1513977050781,156.77859497070312
16,9.524384565123553,186.65358714461888,0.18665358714461888,303.2545166015625,156.77859497070312
16,9.641122944981023,186.65358714461888,0.18665358714461888,303.3576354980469,156.77859497070312
16,9.759292162625286,186.65358714461888,0.18665358714461888,303.46075439453125,156.77859497070312
16,9.878909755534377,186.65358714461888,0.18665358714461888,303.5638732910156,156.77859497070312
16,10.000029529106593,186.65358714461888,0.18665358714461888,303.6670227050781,156.77859497070312
16,10.122597789320436,186.65358714461888,0.18665358714461888,303.7701416015625,156.77859497070312
16,10.246668342939325,186.65358714461888,0.18665358714461888,303.8732604980469,156.77859497070312
16,10.37225960325778,186.65358714461888,0.18665358714461888,303.97637939453125,156.77859497070312
16,10.49939020925822,184.73403754854118,0.18473403754854117,304.0794982910156,156.8817596435547
16,10.628117345780474,184.73403754854118,0.18473403754854117,304.1826477050781,156.8817596435547
16,10.758383946356927,184.73403754854118,0.18473403754854117,304.2857666015625,156.8817596435547
16,10.890247197278278,184.73403754854118,0.18473403754854117,304.3888854980469,156.8817596435547
16,11.023726668352232,184.73403754854118,0.18473403754854117,304.49200439453125,156.8817596435547
16,11.15884216924951,184.73403754854118,0.18473403754854117,304.5951232910156,156.8817596435547
16,11.295654476509478,184.73403754854118,0.18473403754854117,304.6982727050781,156.8817596435547
16,11.434102939399777,184.73403754854118,0.18473403754854117,304.8013916015625,156.8817596435547
16,11.57424833600176,184.73403754854118,0.18473403754854117,304.9045104980469,156.8817596435547
16,11.716111465275283,184.73403754854118,0.18473403754854117,305.00762939453125,156.8817596435547
16,11.859713381108673,184.73403754854118,0.18473403754854117,305.1107482910156,156.8817596435547
16,12.005075395443363,184.73403754854118,0.18473403754854117,305.2138671875,156.8817596435547
16,12.152262893820799,184.73403754854118,0.18473403754854117,305.3170166015625,156.8817596435547
16,12.30121062604713,182.83422864273433,0.18283422864273433,305.4201354980469,156.98492431640625
16,12.451983979322751,182.83422864273433,0.18283422864273433,305.52325439453125,156.98492431640625
16,12.60460532990116,182.83422864273433,0.18283422864273433,305.6263732910156,156.98492431640625
16,12.759097328296894,182.83422864273433,0.18283422864273433,305.7294921875,156.98492431640625
16,12.915529466825491,182.83422864273433,0.18283422864273433,305.8326416015625,156.98492431640625
16,13.073832397020023,182.83422864273433,0.18283422864273433,305.9357604980469,156.98492431640625
16,13.234075612959126,182.83422864273433,0.18283422864273433,306.03887939453125,156.98492431640625
16,13.396282896317393,182.83422864273433,0.18283422864273433,306.1419982910156,156.98492431640625
16,13.560478320256383,182.83422864273433,0.18283422864273433,306.2451171875,156.98492431640625
16,13.726686252997334,182.83422864273433,0.18283422864273433,306.3482360839844,156.98492431640625
16,13.894981456820666,182.83422864273433,0.18283422864273433,306.4513854980469,156.98492431640625
16,14.065289324203354,182.83422864273433,0.18283422864273433,306.55450439453125,156.98492431640625
16,14.237684619322641,180.95395741350555,0.18095395741350556,306.6576232910156,157.0880889892578
16,14.412192927341573,180.95395741350555,0.18095395741350556,306.7607421875,157.0880889892578
16,14.588840147015164,180.95395741350555,0.18095395741350556,306.8638610839844,157.0880889892578
16,14.767705736337694,180.95395741350555,0.18095395741350556,306.9670104980469,157.0880889892578
16,14.948710401792377,180.95395741350555,0.18095395741350556,307.07012939453125,157.0880889892578
16,15.131933603389449,180.95395741350555,0.18095395741350556,307.1732482910156,157.0880889892578
16,15.31740253326015,180.95395741350555,0.18095395741350556,307.2763671875,157.0880889892578
16,15.505144716823935,180.95395741350555,0.18095395741350556,307.3794860839844,157.0880889892578
16,15.695188016873544,180.95395741350555,0.18095395741350556,307.48260498046875,157.0880889892578
16,15.887617917117558,180.95395741350555,0.18095395741350556,307.58575439453125,157.0880889892578
16,16.082349110798077,180.95395741350555,0.18095395741350556,307.6888732910156,157.0880889892578
16,16.279467083792518,179.09302293495912,0.17909302293495913,307.7919921875,157.19125366210938
16,16.479001090353318,179.09302293495912,0.17909302293495913,307.8951110839844,157.19125366210938
16,16.68098074329611,179.09302293495912,0.17909302293495913,307.99822998046875,157.19125366210938
16,16.885496895441207,179.09302293495912,0.17909302293495913,308.10137939453125,157.19125366210938
16,17.092458882032997,179.09302293495912,0.17909302293495913,308.2044982910156,157.19125366210938
16,17.30195755819686,179.09302293495912,0.17909302293495913,308.3076171875,157.19125366210938
16,17.51402401560374,179.09302293495912,0.17909302293495913,308.4107360839844,157.19125366210938
16,17.728689727008675,179.09302293495912,0.17909302293495913,308.51385498046875,157.19125366210938
16,17.94605125157007,179.09302293495912,0.17909302293495913,308.61700439453125,157.19125366210938
16,18.166012230006288,179.09302293495912,0.17909302293495913,308.7201232910156,157.19125366210938
16,18.388669223925604,178.16974475344315,0.17816974475344316,308.8232421875,157.24283599853516
16,18.61405527782315,177.2512263475257,0.1772512263475257,308.9263610839844,157.29441833496094
16,18.842203841213532,177.2512263475257,0.1772512263475257,309.02947998046875,157.29441833496094
16,19.07314877359499,177.2512263475257,0.1772512263475257,309.1325988769531,157.29441833496094
16,19.306993956710755,177.2512263475257,0.1772512263475257,309.2357482910156,157.29441833496094
16,19.543635723852077,177.2512263475257,0.1772512263475257,309.3388671875,157.29441833496094
16,19.78317795939782,177.2512263475257,0.1772512263475257,309.4419860839844,157.29441833496094
16,20.02565621377961,177.2512263475257,0.1772512263475257,309.54510498046875,157.29441833496094
16,20.271106473163268,177.2512263475257,0.1772512263475257,309.6482238769531,157.29441833496094
16,20.519639143958493,177.2512263475257,0.1772512263475257,309.7513732910156,157.29441833496094
16,20.77114404829605,175.42837083671205,0.17542837083671206,309.8544921875,157.3975830078125
16,21.025731595386844,175.42837083671205,0.17542837083671206,309.9576110839844,157.3975830078125
16,21.2834395685352,175.42837083671205,0.17542837083671206,310.06072998046875,157.3975830078125
16,21.544306214147472,175.42837083671205,0.17542837083671206,310.1638488769531,157.3975830078125
16,21.808370247408206,175.42837083671205,0.17542837083671206,310.2669677734375,157.3975830078125
16,22.075750447421203,175.42837083671205,0.17542837083671206,310.3701171875,157.3975830078125
16,22.346328280954573,175.42837083671205,0.17542837083671206,310.4732360839844,157.3975830078125
16,22.62022253012572,175.42837083671205,0.17542837083671206,310.57635498046875,157.3975830078125
16,22.89747384354411,175.42837083671205,0.17542837083671206,310.6794738769531,157.3975830078125
16,23.178123368040637,173.62399614850838,0.17362399614850837,310.7825927734375,157.50076293945312
16,23.46229734306793,173.62399614850838,0.17362399614850837,310.8857421875,157.50076293945312
16,23.749869790488145,173.62399614850838,0.17362399614850837,310.9888610839844,157.50076293945312
16,24.04096695295677,173.62399614850838,0.17362399614850837,311.09197998046875,157.50076293945312
16,24.335632032165353,173.62399614850838,0.17362399614850837,311.1950988769531,157.50076293945312
16,24.633908759319503,173.62399614850838,0.17362399614850837,311.2982177734375,157.50076293945312
16,24.9359313027946,173.62399614850838,0.17362399614850837,311.4013671875,157.50076293945312
16,25.24156577194286,173.62399614850838,0.17362399614850837,311.5044860839844,157.50076293945312
16,25.5509463385437,172.72904448581113,0.17272904448581114,311.60760498046875,157.55233764648438
16,25.86411891772631,171.83870588637913,0.17183870588637915,311.7107238769531,157.60391235351562
16,26.181129987391902,171.83870588637913,0.17183870588637915,311.8138427734375,157.60391235351562
16,26.502122142843188,171.83870588637913,0.17183870588637915,311.9169921875,157.60391235351562
16,26.82695308394874,171.83870588637913,0.17183870588637915,312.0201110839844,157.60391235351562
16,27.155765409629115,171.83870588637913,0.17183870588637915,312.12322998046875,157.60391235351562
16,27.488607918878255,171.83870588637913,0.17183870588637915,312.2263488769531,157.60391235351562
16,27.825530008809157,171.83870588637913,0.17183870588637915,312.3294677734375,157.60391235351562
16,28.166683230935295,170.95269519273933,0.17095269519273934,312.4326171875,157.65550231933594
16,28.51191634745376,170.07125282347806,0.17007125282347807,312.5357360839844,157.70709228515625
16,28.861380913723117,170.07125282347806,0.17007125282347807,312.63885498046875,157.70709228515625
16,29.21512879373362,170.07125282347806,0.17007125282347807,312.7419738769531,157.70709228515625
16,29.573212487161587,170.07125282347806,0.17007125282347807,312.8450927734375,157.70709228515625
16,29.935793064258323,170.07125282347806,0.17007125282347807,312.9482421875,157.70709228515625
16,30.302709788186778,170.07125282347806,0.17007125282347807,313.0513610839844,157.70709228515625
16,30.67412373328488,170.07125282347806,0.17007125282347807,313.15447998046875,157.70709228515625
16,31.050090021047303,169.1946139148726,0.16919461391487262,313.2575988769531,157.7586669921875
16,31.4306644485813,168.32249367572655,0.16832249367572655,313.3607177734375,157.81024169921875
16,31.816018202734583,168.32249367572655,0.16832249367572655,313.4638671875,157.81024169921875
16,32.205980451015016,168.32249367572655,0.16832249367572655,313.5669860839844,157.81024169921875
16,32.600722384613526,168.32249367572655,0.16832249367572655,313.67010498046875,157.81024169921875
16,33.00030258712854,168.32249367572655,0.16832249367572655,313.7732238769531,157.81024169921875
16,33.40478036020528,168.32249367572655,0.16832249367572655,313.8763427734375,157.81024169921875
16,33.81433764269701,167.45461278354043,0.16745461278354043,313.9794921875,157.86183166503906
16,34.228792872362625,166.5912067373869,0.1665912067373869,314.0826110839844,157.91342163085938
16,34.64832799267142,166.5912067373869,0.1665912067373869,314.18572998046875,157.91342163085938
16,35.0730052667754,166.5912067373869,0.1665912067373869,314.2888488769531,157.91342163085938
16,35.50288772097287,166.5912067373869,0.1665912067373869,314.3919677734375,157.91342163085938
16,35.93816872144108,166.5912067373869,0.1665912067373869,314.4951171875,157.91342163085938
16,36.378655302269415,166.5912067373869,0.1665912067373869,314.5982360839844,157.91342163085938
16,36.82454083454109,165.7323791633561,0.1657323791633561,314.70135498046875,157.96500396728516
16,37.275891492069235,164.877979102736,0.164877979102736,314.8044738769531,158.01658630371094
16,37.732774259745526,164.877979102736,0.164877979102736,314.9075927734375,158.01658630371094
16,38.19539464880535,164.877979102736,0.164877979102736,315.0107421875,158.01658630371094
16,38.663547573420075,164.877979102736,0.164877979102736,315.1138610839844,158.01658630371094
16,39.137438550039285,164.877979102736,0.164877979102736,315.21697998046875,158.01658630371094
16,39.61713790876038,164.877979102736,0.164877979102736,315.3200988769531,158.01658630371094
16,40.10271684170201,163.1823703387663,0.1631823703387663,315.4232177734375,158.1197509765625
16,40.59439376797181,163.1823703387663,0.1631823703387663,315.5263671875,158.1197509765625
16,41.09195072058815,163.1823703387663,0.1631823703387663,315.6294860839844,158.1197509765625
16,41.59560612420029,163.1823703387663,0.1631823703387663,315.73260498046875,158.1197509765625
16,42.10543472624032,163.1823703387663,0.1631823703387663,315.8357238769531,158.1197509765625
16,42.621512190303946,163.1823703387663,0.1631823703387663,315.9388427734375,158.1197509765625
16,43.14407065409628,162.3409922313846,0.1623409922313846,316.0419921875,158.1713409423828
16,43.67287846043563,161.5039523200844,0.1615039523200844,316.1451110839844,158.22293090820312
16,44.20816775291677,161.5039523200844,0.1615039523200844,316.24822998046875,158.22293090820312
16,44.750017973753145,161.5039523200844,0.1615039523200844,316.3513488769531,158.22293090820312
16,45.298509538864664,161.5039523200844,0.1615039523200844,316.4544677734375,158.22293090820312
16,45.85388916619981,161.5039523200844,0.1615039523200844,316.5576171875,158.22293090820312
16,46.415910648514526,161.5039523200844,0.1615039523200844,316.6607360839844,158.22293090820312
16,46.9848207100169,159.84328651484722,0.15984328651484722,316.76385498046875,158.32608032226562
16,47.560703782574215,159.84328651484722,0.15984328651484722,316.8669738769531,158.32608032226562
16,48.1436453329175,159.84328651484722,0.15984328651484722,316.9700927734375,158.32608032226562
16,48.73390757500321,159.84328651484722,0.15984328651484722,317.0732421875,158.32608032226562
16,49.331228837655914,159.84328651484722,0.15984328651484722,317.1763610839844,158.32608032226562
16,49.935871341484855,159.84328651484722,0.15984328651484722,317.27947998046875,158.32608032226562
16,50.547924821404415,158.19921276046495,0.15819921276046495,317.3825988769531,158.42926025390625
16,51.16748011219093,158.19921276046495,0.15819921276046495,317.4857177734375,158.42926025390625
16,51.79481589709147,158.19921276046495,0.15819921276046495,317.5888671875,158.42926025390625
16,52.429654069731306,158.19921276046495,0.15819921276046495,317.6919860839844,158.42926025390625
16,53.07227332042813,158.19921276046495,0.15819921276046495,317.79510498046875,158.42926025390625
16,53.72276902022028,157.38376874559344,0.15738376874559346,317.8982238769531,158.4808349609375
16,54.381237709088886,156.57252796871404,0.15657252796871404,318.0013427734375,158.53240966796875
16,55.047975573984566,156.57252796871404,0.15657252796871404,318.1044921875,158.53240966796875
16,55.72268704106161,156.57252796871404,0.15657252796871404,318.2076110839844,158.53240966796875
16,56.405668304785266,156.57252796871404,0.15657252796871404,318.31072998046875,158.53240966796875
16,57.09702072631499,156.57252796871404,0.15657252796871404,318.4138488769531,158.53240966796875
16,57.7968469091726,154.96209571657977,0.15496209571657976,318.5169677734375,158.63558959960938
16,58.50546164339521,154.96209571657977,0.15496209571657976,318.6201171875,158.63558959960938
16,59.22255079055888,154.96209571657977,0.15496209571657976,318.7232360839844,158.63558959960938
16,59.9484291486874,154.96209571657977,0.15496209571657976,318.82635498046875,158.63558959960938
16,60.683204445292304,154.96209571657977,0.15496209571657976,318.9294738769531,158.63558959960938
16,61.42698572827866,154.96209571657977,0.15496209571657976,319.0325927734375,158.63558959960938
16,62.18010755920387,153.36846211547638,0.1533684621154764,319.1357421875,158.73875427246094
16,62.94223606905059,153.36846211547638,0.1533684621154764,319.2388610839844,158.73875427246094
16,63.71370582786456,153.36846211547638,0.1533684621154764,319.34197998046875,158.73875427246094
16,64.49463132937107,153.36846211547638,0.1533684621154764,319.4450988769531,158.73875427246094
16,65.28512847062105,153.36846211547638,0.1533684621154764,319.5482177734375,158.73875427246094
16,66.08555282651369,152.57780175091654,0.15257780175091654,319.6513671875,158.79033660888672
16,66.89554955818724,151.79121747738245,0.15179121747738245,319.7544860839844,158.8419189453125
16,67.71547424956246,151.79121747738245,0.15179121747738245,319.85760498046875,158.8419189453125
16,68.54544858555481,151.79121747738245,0.15179121747738245,319.9607238769531,158.8419189453125
16,69.38559574254616,151.79121747738245,0.15179121747738245,320.0638427734375,158.8419189453125
16,70.23629362859607,151.00868828140415,0.15100868828140415,320.1669921875,158.89350128173828
16,71.097165117912,150.230193257842,0.15023019325784198,320.2701110839844,158.94508361816406
16,71.96858812814156,150.230193257842,0.15023019325784198,320.37322998046875,158.94508361816406
16,72.85069198705897,150.230193257842,0.15023019325784198,320.4763488769531,158.94508361816406
16,73.74360760758174,150.230193257842,0.15023019325784198,320.5794677734375,158.94508361816406
16,74.64773663364404,149.45571160932857,0.14945571160932858,320.6826171875,158.99666595458984
16,75.56267825271188,148.68522264571354,0.14868522264571354,320.7857360839844,159.04824829101562
16,76.48883411890962,148.68522264571354,0.14868522264571354,320.88885498046875,159.04824829101562
16,77.42634168290753,148.68522264571354,0.14868522264571354,320.9919738769531,159.04824829101562
16,78.3753400800797,148.68522264571354,0.14868522264571354,321.0950927734375,159.04824829101562
16,79.33625618105194,147.15614054534547,0.14715614054534548,321.1982421875,159.1514129638672
16,80.30866399881765,147.15614054534547,0.14715614054534548,321.3013610839844,159.1514129638672
16,81.29299041483299,147.15614054534547,0.14715614054534548,321.40447998046875,159.1514129638672
16,82.2893815128517,147.15614054534547,0.14715614054534548,321.5075988769531,159.1514129638672
16,83.29798516714555,146.3975065594141,0.1463975065594141,321.6107177734375,159.20299530029297
16,84.3192550594851,145.6427835589333,0.14564278355893331,321.7138671875,159.25457763671875
16,85.35273844721782,145.6427835589333,0.14564278355893331,321.8169860839844,159.25457763671875
16,86.39888902362487,145.6427835589333,0.14564278355893331,321.92010498046875,159.25457763671875
16,87.45786204777559,145.6427835589333,0.14564278355893331,322.0232238769531,159.25457763671875
16,88.529814681717,144.89195138160133,0.14489195138160132,322.1263427734375,159.30615997314453
16,89.61522910233495,144.14498996905922,0.14414498996905922,322.2294921875,159.3577423095703
16,90.71362413084631,144.14498996905922,0.14414498996905922,322.3326110839844,159.3577423095703
16,91.82548195637051,144.14498996905922,0.14414498996905922,322.43572998046875,159.3577423095703
16,92.95096758958098,144.14498996905922,0.14414498996905922,322.5388488769531,159.3577423095703
16,94.09024806365234,142.6625997214109,0.1426625997214109,322.6419677734375,159.46090698242188
16,95.24383584032364,142.6625997214109,0.1426625997214109,322.7451171875,159.46090698242188
16,96.41121951864805,142.6625997214109,0.1426625997214109,322.8482360839844,159.46090698242188
16,97.59291157336648,142.6625997214109,0.1426625997214109,322.95135498046875,159.46090698242188
16,98.78908737924128,141.92702278440132,0.1419270227844013,323.0544738769531,159.5124969482422
16,99.99992446056623,141.19523852628103,0.14119523852628105,323.1575927734375,159.5640869140625
16,101.22596746608284,141.19523852628103,0.14119523852628105,323.2607421875,159.5640869140625
16,102.46667287446867,141.19523852628103,0.14119523852628105,323.3638610839844,159.5640869140625
16,103.7225853482838,141.19523852628103,0.14119523852628105,323.46697998046875,159.5640869140625
16,104.99389127733305,139.74339724862492,0.13974339724862492,323.5700988769531,159.667236328125
16,106.28077933596188,139.74339724862492,0.13974339724862492,323.6732177734375,159.667236328125
16,107.58382838153489,139.74339724862492,0.13974339724862492,323.7763671875,159.667236328125
16,108.90246075491822,139.74339724862492,0.13974339724862492,323.8794860839844,159.667236328125
16,110.23725532816276,139.02287189498497,0.13902287189498497,323.98260498046875,159.7188262939453
16,111.58841019795533,138.30606161336607,0.13830606161336606,324.0857238769531,159.77041625976562
16,112.95612588901228,138.30606161336607,0.13830606161336606,324.1888427734375,159.77041625976562
16,114.34101761591634,138.30606161336607,0.13830606161336606,324.2919921875,159.77041625976562
16,115.74247143757474,137.59315762228357,0.13759315762228358,324.3951110839844,159.82199096679688
16,117.16110258417908,136.8839283226394,0.1368839283226394,324.49822998046875,159.87356567382812
16,118.59712159459106,136.8839283226394,0.1368839283226394,324.6013488769531,159.87356567382812
16,120.05074158820294,136.8839283226394,0.1368839283226394,324.7044677734375,159.87356567382812
16,121.52261642036176,136.17814656261237,0.13617814656261237,324.8076171875,159.92515563964844
16,123.01209358919652,135.47600385575169,0.13547600385575168,324.9107360839844,159.97674560546875
16,124.51982696664358,135.47600385575169,0.13547600385575168,325.01385498046875,159.97674560546875
16,126.04604031521492,135.47600385575169,0.13547600385575168,325.1169738769531,159.97674560546875
16,127.59096014003266,134.7775844733035,0.1347775844733035,325.2200927734375,160.02832794189453
16,129.15528136418047,134.08276565198727,0.13408276565198726,325.3232421875,160.0799102783203
16,130.7383105030604,134.08276565198727,0.13408276565198726,325.4263610839844,160.0799102783203
16,132.3407424973876,134.08276565198727,0.13408276565198726,325.52947998046875,160.0799102783203
16,133.96281516388322,133.39152882983154,0.13339152882983155,325.6325988769531,160.1314926147461
16,135.6047692341381,132.7038555405579,0.13270385554055789,325.7357177734375,160.18307495117188
16,137.26734327837926,132.7038555405579,0.13270385554055789,325.8388671875,160.18307495117188
16,138.94980025521468,132.7038555405579,0.13270385554055789,325.9419860839844,160.18307495117188
16,140.65287875361028,132.0197274130866,0.1320197274130866,326.04510498046875,160.23465728759766
16,142.3768315272216,131.33912617104681,0.13133912617104682,326.1482238769531,160.28623962402344
16,144.1219144276528,131.33912617104681,0.13133912617104682,326.2513427734375,160.28623962402344
16,145.88891241369,131.33912617104681,0.13133912617104682,326.3544921875,160.28623962402344
16,147.6770421514062,129.9884317083922,0.1299884317083922,326.4576110839844,160.389404296875
16,149.48708861950294,129.9884317083922,0.1299884317083922,326.56072998046875,160.389404296875
16,151.31932044673852,129.9884317083922,0.1299884317083922,326.6638488769531,160.389404296875
16,153.17400955439706,129.31830240419578,0.12931830240419578,326.7669677734375,160.44098663330078
16,155.05143119664476,128.65162781730322,0.12865162781730322,326.8700866699219,160.49256896972656
16,156.9524298597883,128.65162781730322,0.12865162781730322,326.9732360839844,160.49256896972656
16,158.8761628056017,128.65162781730322,0.12865162781730322,327.07635498046875,160.49256896972656
16,160.82347454181732,127.98839013761223,0.12798839013761223,327.1794738769531,160.54415130615234
16,162.79465406871387,127.32857164683634,0.12732857164683634,327.2825927734375,160.59573364257812
16,164.78999392878515,127.32857164683634,0.12732857164683634,327.3857116699219,160.59573364257812
16,166.81039164933733,127.32857164683634,0.12732857164683634,327.4888610839844,160.59573364257812
16,168.85495156093947,126.01892913765218,0.12601892913765217,327.59197998046875,160.69891357421875
16,170.92457121366922,126.01892913765218,0.12601892913765217,327.6950988769531,160.69891357421875
16,173.01955775950657,126.01892913765218,0.12601892913765217,327.7982177734375,160.69891357421875
16,175.1402221151293,126.01892913765218,0.12601892913765217,327.9013366699219,160.69891357421875
16,177.28751818027345,124.72313839429796,0.12472313839429797,328.0044860839844,160.80206298828125
16,179.4604940297685,124.72313839429796,0.12472313839429797,328.10760498046875,160.80206298828125
16,181.66010358755253,124.72313839429796,0.12472313839429797,328.2107238769531,160.80206298828125
16,183.88667329739016,124.08005839790454,0.12408005839790454,328.3138427734375,160.85365295410156
16,186.14053360419925,123.44029416061646,0.12344029416061646,328.4169616699219,160.90524291992188
16,188.42201900309098,123.44029416061646,0.12344029416061646,328.52008056640625,160.90524291992188
16,190.73215573299584,122.80401634790924,0.12280401634790925,328.62322998046875,160.95681762695312
16,193.06991967929065,122.17101825401411,0.12217101825401412,328.7263488769531,161.00839233398438
16,195.43633710694309,122.17101825401411,0.12217101825401412,328.8294677734375,161.00839233398438
16,197.8317592156518,122.17101825401411,0.12217101825401412,328.9325866699219,161.00839233398438
16,200.25654150969692,121.5410971424255,0.1215410971424255,329.03570556640625,161.0599822998047
16,202.71177468463534,120.91442394194131,0.12091442394194131,329.13885498046875,161.111572265625
16,205.19637030264207,120.91442394194131,0.12091442394194131,329.2419738769531,161.111572265625
16,207.7114190869467,120.29107386594904,0.12029107386594905,329.3450927734375,161.16315460205078
16,210.2572942956082,119.67093734632654,0.11967093734632654,329.4482116699219,161.21473693847656
16,212.8343737616308,119.67093734632654,0.11967093734632654,329.55133056640625,161.21473693847656
16,215.44303994903916,119.67093734632654,0.11967093734632654,329.6544494628906,161.21473693847656
16,218.08446626652528,118.4402387942145,0.1184402387942145,329.7575988769531,161.31790161132812
16,220.75748173434465,118.4402387942145,0.1184402387942145,329.8607177734375,161.31790161132812
16,223.46325979096054,118.4402387942145,0.1184402387942145,329.9638366699219,161.31790161132812
16,226.20220200053808,117.22219677308445,0.11722219677308444,330.06695556640625,161.4210662841797
16,228.9747148491297,117.22219677308445,0.11722219677308444,330.1700744628906,161.4210662841797
16,231.78204544558076,117.22219677308445,0.11722219677308444,330.2732238769531,161.4210662841797
16,234.62294926255265,116.61788123417445,0.11661788123417445,330.3763427734375,161.47264862060547
16,237.49867344053123,116.0166811228934,0.1160166811228934,330.4794616699219,161.52423095703125
16,240.4096447653631,116.0166811228934,0.1160166811228934,330.58258056640625,161.52423095703125
16,243.35629525391928,115.41849214337776,0.11541849214337777,330.6856994628906,161.57582092285156
16,246.33995034420033,114.82338746218673,0.11482338746218673,330.7888488769531,161.62741088867188
16,249.35928734185322,114.82338746218673,0.11482338746218673,330.8919677734375,161.62741088867188
16,252.41563171850677,114.82338746218673,0.11482338746218673,330.9950866699219,161.62741088867188
16,255.50943706582748,113.642714974234,0.113642714974234,331.09820556640625,161.73056030273438
16,258.6411625350596,113.642714974234,0.113642714974234,331.2013244628906,161.73056030273438
16,261.8112729051674,113.642714974234,0.113642714974234,331.304443359375,161.73056030273438
16,265.02119412903164,112.47383882597907,0.11247383882597907,331.4075927734375,161.833740234375
16,268.26950320548417,112.47383882597907,0.11247383882597907,331.5107116699219,161.833740234375
16,271.55762612358376,112.47383882597907,0.11247383882597907,331.61383056640625,161.833740234375
16,274.8860508732197,111.89408803518887,0.11189408803518887,331.7169494628906,161.88531494140625
16,278.2552714254708,111.31732559247094,0.11131732559247094,331.820068359375,161.9368896484375
16,281.66680329531573,111.31732559247094,0.11131732559247094,331.9232177734375,161.9368896484375
16,285.1191341048814,110.74336677246268,0.11074336677246269,332.0263366699219,161.9884796142578
16,288.6137794075973,110.17236731862047,0.11017236731862047,332.12945556640625,162.04006958007812
16,292.1512578433126,110.17236731862047,0.11017236731862047,332.2325744628906,162.04006958007812
16,295.73209440873615,109.60439576236287,0.10960439576236287,332.335693359375,162.0916519165039
16,299.3568205353512,109.03935226961674,0.10903935226961674,332.4388122558594,162.1432342529297
16,303.0270666675447,109.03935226961674,0.10903935226961674,332.5419616699219,162.1432342529297
16,306.74120573593837,108.47722174533745,0.10847722174533744,332.64508056640625,162.19481658935547
16,310.50086822628595,107.91798917230017,0.10791798917230017,332.7481994628906,162.24639892578125
16,314.30661210960255,107.91798917230017,0.10791798917230017,332.851318359375,162.24639892578125
16,318.1590021958369,107.36163961069795,0.10736163961069795,332.9544372558594,162.29798126220703
16,322.0597713352991,106.80815819774341,0.1068081581977434,333.0575866699219,162.3495635986328
16,326.0071902646672,106.80815819774341,0.1068081581977434,333.16070556640625,162.3495635986328
16,330.00299187821633,106.25753014727091,0.10625753014727092,333.2638244628906,162.4011459350586
16,334.04776919233785,105.70974074934233,0.10570974074934233,333.366943359375,162.45272827148438
16,338.14212249190035,105.70974074934233,0.10570974074934233,333.4700622558594,162.45272827148438
16,342.2878934651094,105.16477536985334,0.10516477536985334,333.5732116699219,162.50431060791016
16,346.4832442360413,104.62261945014286,0.10462261945014287,333.67633056640625,162.55589294433594
16,350.730016539628,104.62261945014286,0.10462261945014287,333.7794494628906,162.55589294433594
16,355.0288406387879,104.08325850660434,0.10408325850660434,333.882568359375,162.60747528076172
16,359.3803545214396,103.54667813029815,0.10354667813029815,333.9856872558594,162.6590576171875
16,363.7865155496397,103.54667813029815,0.10354667813029815,334.0888366699219,162.6590576171875
16,368.2453704130568,103.01278523555669,0.1030127852355567,334.19195556640625,162.7106475830078
16,372.75887652340947,102.48164512466309,0.1024816451246631,334.2950744628906,162.76223754882812
16,377.32770372954496,102.48164512466309,0.1024816451246631,334.398193359375,162.76223754882812
16,381.95253009050737,101.4278767104656,0.1014278767104656,334.5013122558594,162.86538696289062
16,386.6354359075164,101.4278767104656,0.1014278767104656,334.6044616699219,162.86538696289062
16,391.3743451855612,101.4278767104656,0.1014278767104656,334.70758056640625,162.86538696289062
16,396.1713382786413,100.38463671147493,0.10038463671147493,334.8106994628906,162.96856689453125
16,401.02712710787097,100.38463671147493,0.10038463671147493,334.913818359375,162.96856689453125
16,405.9424323202305,99.86720018468667,0.09986720018468667,335.0169372558594,163.0201416015625
16,410.9194648777391,99.35243080466532,0.09935243080466533,335.1200866699219,163.07171630859375
16,415.9560183950532,99.35243080466532,0.09935243080466533,335.22320556640625,163.07171630859375
16,421.0543038902875,99.35243080466532,0.09935243080466533,335.3263244628906,163.07171630859375
16,426.21507799932044,98.3305378776523,0.09833053787765231,335.429443359375,163.17489624023438
16,431.43910663195896,98.3305378776523,0.09833053787765231,335.5325622558594,163.17489624023438
16,436.7287396176424,97.82361449944706,0.09782361449944706,335.6357116699219,163.22647857666016
16,442.08163199106133,97.31930446310814,0.09731930446310814,335.73883056640625,163.27806091308594
16,447.5001336412741,97.31930446310814,0.09731930446310814,335.8419494628906,163.27806091308594
16,452.98504872739665,96.81759429607534,0.09681759429607534,335.945068359375,163.32964324951172
16,458.5371912649557,96.31847059524364,0.09631847059524364,336.0481872558594,163.3812255859375
16,464.159058672879,96.31847059524364,0.09631847059524364,336.1513366699219,163.3812255859375
16,469.8481587018778,95.8219200266049,0.0958219200266049,336.25445556640625,163.43280792236328
16,475.60698883424357,95.3279293248919,0.0953279293248919,336.3575744628906,163.48439025878906
16,481.43640373719785,95.3279293248919,0.0953279293248919,336.460693359375,163.48439025878906
16,487.33726855343843,94.34757480275373,0.09434757480275373,336.5638122558594,163.58755493164062
16,493.31223756127156,94.34757480275373,0.09434757480275373,336.6669616699219,163.58755493164062
16,499.3586619767287,93.86118479231779,0.0938611847923178,336.77008056640625,163.6391372680664
16,505.47919614545805,93.37730226808642,0.09337730226808642,336.8731994628906,163.6907196044922
16,511.6747484151297,93.37730226808642,0.09337730226808642,336.976318359375,163.6907196044922
16,517.9462382668403,92.41700803750909,0.09241700803750909,337.0794372558594,163.79388427734375
16,524.2964866903886,92.41700803750909,0.09241700803750909,337.1825866699219,163.79388427734375
16,530.7226785354053,92.41700803750909,0.09241700803750909,337.28570556640625,163.79388427734375
16,537.2276348632619,91.46644964568763,0.09146644964568763,337.3888244628906,163.89706420898438
16,543.8123210736704,91.46644964568763,0.09146644964568763,337.491943359375,163.89706420898438
16,550.4777143990445,90.99498226210433,0.09099498226210433,337.5950622558594,163.94863891601562
16,557.2268130115923,90.52594507554562,0.09052594507554562,337.6982116699219,164.00021362304688
16,564.0566249453012,90.52594507554562,0.09052594507554562,337.80133056640625,164.00021362304688
16,570.9701484484477,90.05918786287319,0.09005918786287319,337.9044494628906,164.0518035888672
16,577.9684095561445,89.59483727843754,0.08959483727843753,338.007568359375,164.1033935546875
16,585.0524468794009,89.59483727843754,0.08959483727843753,338.1106872558594,164.1033935546875
16,592.2254469014134,88.67357757886559,0.0886735775788656,338.2138366699219,164.20654296875
16,599.4842297349827,88.67357757886559,0.0886735775788656,338.31695556640625,164.20654296875
16,606.8319819441521,88.21637128431804,0.08821637128431804,338.4200744628906,164.2581329345703
16,614.2697940078588,87.76152237289946,0.08776152237289947,338.523193359375,164.30972290039062
16,621.7987697708118,87.76152237289946,0.08776152237289947,338.6263122558594,164.30972290039062
16,629.4222958547439,87.30908543562715,0.08730908543562715,338.7294616699219,164.3613052368164
16,637.1369926482046,86.85898094629647,0.08685898094629647,338.83258056640625,164.4128875732422
16,644.9462468588516,86.41119688043948,0.08641119688043948,338.9356994628906,164.46446990966797
16,652.8512174570733,85.96572127557812,0.08596572127557812,339.038818359375,164.51605224609375
16,660.8530776185153,85.96572127557812,0.08596572127557812,339.1419372558594,164.51605224609375
16,668.9554266738672,85.52254223090446,0.08552254223090447,339.2450866699219,164.56763458251953
16,677.1546727430285,85.08164790696277,0.08508164790696278,339.34820556640625,164.6192169189453
16,685.4544152480083,85.08164790696277,0.08508164790696278,339.4513244628906,164.6192169189453
16,693.8558859525004,84.20666636831754,0.08420666636831754,339.554443359375,164.72238159179688
16,702.3603317176651,84.20666636831754,0.08420666636831754,339.6575622558594,164.72238159179688
16,710.9715779430996,83.77249173639612,0.08377249173639612,339.7607116699219,164.7739715576172
16,719.6858071477569,83.3405557349672,0.0833405557349672,339.86383056640625,164.8255615234375
16,728.5068448282902,83.3405557349672,0.0833405557349672,339.9669494628906,164.8255615234375
16,737.4360001137395,82.91097358860694,0.08291097358860694,340.070068359375,164.87713623046875
16,746.4745981788665,82.48360574018179,0.08248360574018179,340.1731872558594,164.9287109375
16,755.6267046912465,82.05831531240078,0.08205831531240078,340.2763366699219,164.9803009033203
16,764.8882623992064,81.6352177076218,0.0816352177076218,340.37945556640625,165.03189086914062
16,774.2633370734744,81.6352177076218,0.0816352177076218,340.4825744628906,165.03189086914062
16,783.7533200676484,81.21442579266329,0.08121442579266329,340.585693359375,165.08346557617188
16,793.359619788854,80.79580286604906,0.08079580286604907,340.6888122558594,165.13504028320312
16,803.0865572635423,80.37921485131011,0.08037921485131011,340.7919616699219,165.18663024902344
16,812.9298204097573,79.96477478940865,0.07996477478940865,340.89508056640625,165.23822021484375
16,822.8937303635788,79.96477478940865,0.07996477478940865,340.9981994628906,165.23822021484375
16,832.9797658675714,79.55253242148727,0.07955253242148727,341.101318359375,165.28980255126953
16,843.1894237889348,79.14241528646194,0.07914241528646195,341.2044372558594,165.3413848876953
16,853.5272965517258,79.14241528646194,0.07914241528646195,341.3075866699219,165.3413848876953
16,863.988801238174,78.32851294673327,0.07832851294673328,341.41070556640625,165.44454956054688
16,874.5785303888505,78.32851294673327,0.07832851294673328,341.5138244628906,165.44454956054688
16,885.2980556240641,77.92470599876201,0.07792470599876201,341.616943359375,165.49613189697266
16,896.1489678271437,77.52298079657008,0.07752298079657008,341.7200622558594,165.54771423339844
16,907.1361478658507,77.52298079657008,0.07752298079657008,341.8232116699219,165.54771423339844
16,918.2547249757862,76.7257327567587,0.0767257327567587,341.92633056640625,165.65087890625
16,929.5095801485465,76.7257327567587,0.0767257327567587,342.0294494628906,165.65087890625
16,940.902383715706,76.33018862078822,0.07633018862078822,342.132568359375,165.70246124267578
16,952.434826481742,75.93668363332607,0.07593668363332608,342.2356872558594,165.75404357910156
16,964.1120958748681,75.93668363332607,0.07593668363332608,342.3388366699219,165.75404357910156
16,975.9290152048114,75.15574910843586,0.07515574910843585,342.44195556640625,165.85720825195312
16,987.8907720313985,75.15574910843586,0.07515574910843585,342.5450744628906,165.85720825195312
16,999.9991415973846,75.15574910843586,0.07515574910843585,342.648193359375,165.85720825195312
20,1.2915484233049899,279.33604444951953,0.27933604444951954,286.3420104980469,152.75509643554688
20,1.3073833743734133,279.33604444951953,0.27933604444951954,286.4451599121094,152.75509643554688
20,1.3234076976179632,276.4629237239284,0.2764629237239284,286.54827880859375,152.8582763671875
20,1.3396284276246606,276.4629237239284,0.2764629237239284,286.6513977050781,152.8582763671875
20,1.3560479717099094,276.4629237239284,0.2764629237239284,286.7545166015625,152.8582763671875
20,1.3726687666960857,276.4629237239284,0.2764629237239284,286.8576354980469,152.8582763671875
20,1.3894932792731851,276.4629237239284,0.2764629237239284,286.96075439453125,152.8582763671875
20,1.4065290773045829,276.4629237239284,0.2764629237239284,287.06390380859375,152.8582763671875
20,1.4237686085923271,276.4629237239284,0.2764629237239284,287.1670227050781,152.8582763671875
20,1.4412194411918018,276.4629237239284,0.2764629237239284,287.2701416015625,152.8582763671875
20,1.4588841649787747,276.4629237239284,0.2764629237239284,287.3732604980469,152.8582763671875
20,1.4767654015725775,276.4629237239284,0.2764629237239284,287.47637939453125,152.8582763671875
20,1.4948711941634607,276.4629237239284,0.2764629237239284,287.57952880859375,152.8582763671875
20,1.5131935162105208,276.4629237239284,0.2764629237239284,287.6826477050781,152.8582763671875
20,1.531740411108076,276.4629237239284,0.2764629237239284,287.7857666015625,152.8582763671875
20,1.5505146313983555,276.4629237239284,0.2764629237239284,287.8888854980469,152.8582763671875
20,1.5695189633609212,276.4629237239284,0.2764629237239284,287.99200439453125,152.8582763671875
20,1.588761955367512,276.4629237239284,0.2764629237239284,288.09515380859375,152.8582763671875
20,1.6082350767414577,276.4629237239284,0.2764629237239284,288.1982727050781,152.8582763671875
20,1.6279468760713827,276.4629237239284,0.2764629237239284,288.3013916015625,152.8582763671875
20,1.6479002787828296,276.4629237239284,0.2764629237239284,288.4045104980469,152.8582763671875
20,1.6680982461576679,276.4629237239284,0.2764629237239284,288.50762939453125,152.8582763671875
20,1.688543775773576,276.4629237239284,0.2764629237239284,288.6107482910156,152.8582763671875
20,1.7092460642699254,276.4629237239284,0.2764629237239284,288.7138977050781,152.8582763671875
20,1.7301959340443236,276.4629237239284,0.2764629237239284,288.8170166015625,152.8582763671875
20,1.7514025819694743,276.4629237239284,0.2764629237239284,288.9201354980469,152.8582763671875
20,1.7728691553212035,276.4629237239284,0.2764629237239284,289.02325439453125,152.8582763671875
20,1.7945988399508364,276.4629237239284,0.2764629237239284,289.1263732910156,152.8582763671875
20,1.8166014101257526,276.4629237239284,0.2764629237239284,289.2295227050781,152.8582763671875
20,1.8388671118112372,276.4629237239284,0.2764629237239284,289.3326416015625,152.8582763671875
20,1.8614057195226574,276.4629237239284,0.2764629237239284,289.4357604980469,152.8582763671875
20,1.8842205782118164,276.4629237239284,0.2764629237239284,289.53887939453125,152.8582763671875
20,1.907315073828888,276.4629237239284,0.2764629237239284,289.6419982910156,152.8582763671875
20,1.9306995945492658,276.4629237239284,0.2764629237239284,289.7451477050781,152.8582763671875
20,1.954363773701006,276.4629237239284,0.2764629237239284,289.8482666015625,152.8582763671875
20,1.9783179997230653,276.4629237239284,0.2764629237239284,289.9513854980469,152.8582763671875
20,2.002565827658974,276.4629237239284,0.2764629237239284,290.05450439453125,152.8582763671875
20,2.0271108561256828,276.4629237239284,0.2764629237239284,290.1576232910156,152.8582763671875
20,2.0519641257652985,276.4629237239284,0.2764629237239284,290.2607727050781,152.8582763671875
20,2.0771146187897664,276.4629237239284,0.2764629237239284,290.3638916015625,152.8582763671875
20,2.10257337612131,276.4629237239284,0.2764629237239284,290.4670104980469,152.8582763671875
20,2.1283441760907533,275.03767453616314,0.2750376745361631,290.57012939453125,152.90985870361328
20,2.1544308433391257,273.61977293490224,0.27361977293490225,290.6732482910156,152.96144104003906
20,2.1808451119557666,273.61977293490224,0.27361977293490225,290.7763977050781,152.96144104003906
20,2.2075752721408195,273.61977293490224,0.27361977293490225,290.8795166015625,152.96144104003906
20,2.2346330582813336,273.61977293490224,0.27361977293490225,290.9826354980469,152.96144104003906
20,2.2620224860197884,273.61977293490224,0.27361977293490225,291.08575439453125,152.96144104003906
20,2.289747620217547,273.61977293490224,0.27361977293490225,291.1888732910156,152.96144104003906
20,2.317820931965628,273.61977293490224,0.27361977293490225,291.2920227050781,152.96144104003906
20,2.3462299759880842,273.61977293490224,0.27361977293490225,291.3951416015625,152.96144104003906
20,2.374987223692343,273.61977293490224,0.27361977293490225,291.4982604980469,152.96144104003906
20,2.4040969429377497,273.61977293490224,0.27361977293490225,291.60137939453125,152.96144104003906
20,2.433563453893904,273.61977293490224,0.27361977293490225,291.7044982910156,152.96144104003906
20,2.4634000109435457,273.61977293490224,0.27361977293490225,291.8076477050781,152.96144104003906
20,2.4935933871404137,273.61977293490224,0.27361977293490225,291.9107666015625,152.96144104003906
20,2.52415683720353,273.61977293490224,0.27361977293490225,292.0138854980469,152.96144104003906
20,2.555094897050494,273.61977293490224,0.27361977293490225,292.11700439453125,152.96144104003906
20,2.5864121581946935,273.61977293490224,0.27361977293490225,292.2201232910156,152.96144104003906
20,2.6181227075080407,273.61977293490224,0.27361977293490225,292.3232727050781,152.96144104003906
20,2.650212487278349,273.61977293490224,0.27361977293490225,292.4263916015625,152.96144104003906
20,2.6826955847349345,273.61977293490224,0.27361977293490225,292.5295104980469,152.96144104003906
20,2.7155768206900133,273.61977293490224,0.27361977293490225,292.63262939453125,152.96144104003906
20,2.7488610750434845,273.61977293490224,0.27361977293490225,292.7357482910156,152.96144104003906
20,2.782563319443909,273.61977293490224,0.27361977293490225,292.8388977050781,152.96144104003906
20,2.816668613233932,273.61977293490224,0.27361977293490225,292.9420166015625,152.96144104003906
20,2.8511919284419673,273.61977293490224,0.27361977293490225,293.0451354980469,152.96144104003906
20,2.88613838866868,273.61977293490224,0.27361977293490225,293.14825439453125,152.96144104003906
20,2.9215131803136307,273.61977293490224,0.27361977293490225,293.2513732910156,152.96144104003906
20,2.9573322153736084,273.61977293490224,0.27361977293490225,293.3545227050781,152.96144104003906
20,2.9935796147895446,273.61977293490224,0.27361977293490225,293.4576416015625,152.96144104003906
20,3.0302712909619403,273.61977293490224,0.27361977293490225,293.5607604980469,152.96144104003906
20,3.0674126892976243,270.8058611711322,0.2708058611711322,293.66387939453125,153.06460571289062
20,3.105009321946634,270.8058611711322,0.2708058611711322,293.7669982910156,153.06460571289062
20,3.1430781003159396,270.8058611711322,0.2708058611711322,293.8701477050781,153.06460571289062
20,3.1816021480050627,270.8058611711322,0.2708058611711322,293.9732666015625,153.06460571289062
20,3.220598376850043,270.8058611711322,0.2708058611711322,294.0763854980469,153.06460571289062
20,3.2600725742760672,270.8058611711322,0.2708058611711322,294.17950439453125,153.06460571289062
20,3.3000305986435783,270.8058611711322,0.2708058611711322,294.2826232910156,153.06460571289062
20,3.3404904235412785,270.8058611711322,0.2708058611711322,294.3857727050781,153.06460571289062
20,3.3814341125856684,270.8058611711322,0.2708058611711322,294.4888916015625,153.06460571289062
20,3.4228796398214643,270.8058611711322,0.2708058611711322,294.5920104980469,153.06460571289062
20,3.4648331561739076,270.8058611711322,0.2708058611711322,294.69512939453125,153.06460571289062
20,3.507300887958837,270.8058611711322,0.2708058611711322,294.7982482910156,153.06460571289062
20,3.5503019376608282,270.8058611711322,0.2708058611711322,294.9013977050781,153.06460571289062
20,3.593817242337312,270.8058611711322,0.2708058611711322,295.0045166015625,153.06460571289062
20,3.637865904957526,270.8058611711322,0.2708058611711322,295.1076354980469,153.06460571289062
20,3.6824544627776867,270.8058611711322,0.2708058611711322,295.21075439453125,153.06460571289062
20,3.727589533179791,270.8058611711322,0.2708058611711322,295.3138732910156,153.06460571289062
20,3.773291418448657,270.8058611711322,0.2708058611711322,295.4170227050781,153.06460571289062
20,3.819539858325053,270.8058611711322,0.2708058611711322,295.5201416015625,153.06460571289062
20,3.8663551556088946,270.8058611711322,0.2708058611711322,295.6232604980469,153.06460571289062
20,3.9137442581522874,270.8058611711322,0.2708058611711322,295.72637939453125,153.06460571289062
20,3.961714198965702,270.8058611711322,0.2708058611711322,295.8294982910156,153.06460571289062
20,4.0102865554919624,270.8058611711322,0.2708058611711322,295.9326477050781,153.06460571289062
20,4.059439794953398,270.8058611711322,0.2708058611711322,296.0357666015625,153.06460571289062
20,4.109195495340286,268.02047794615083,0.26802047794615086,296.1388854980469,153.16778564453125
20,4.159561040889571,268.02047794615083,0.26802047794615086,296.24200439453125,153.16778564453125
20,4.210543906345235,268.02047794615083,0.26802047794615086,296.3451232910156,153.16778564453125
20,4.262167024398997,268.02047794615083,0.26802047794615086,296.4482727050781,153.16778564453125
20,4.31440750982965,268.02047794615083,0.26802047794615086,296.5513916015625,153.16778564453125
20,4.367288295910748,268.02047794615083,0.26802047794615086,296.6545104980469,153.16778564453125
20,4.420817230672791,268.02047794615083,0.26802047794615086,296.75762939453125,153.16778564453125
20,4.4750022583379385,268.02047794615083,0.26802047794615086,296.8607482910156,153.16778564453125
20,4.5298677519680846,268.02047794615083,0.26802047794615086,296.9638977050781,153.16778564453125
20,4.585389388953401,268.02047794615083,0.26802047794615086,297.0670166015625,153.16778564453125
20,4.641591542974163,268.02047794615083,0.26802047794615086,297.1701354980469,153.16778564453125
20,4.6984825549846505,268.02047794615083,0.26802047794615086,297.27325439453125,153.16778564453125
20,4.75607086817246,268.02047794615083,0.26802047794615086,297.3763732910156,153.16778564453125
20,4.814382386437294,268.02047794615083,0.26802047794615086,297.4795227050781,153.16778564453125
20,4.87339125950034,268.02047794615083,0.26802047794615086,297.5826416015625,153.16778564453125
20,4.93312339191852,268.02047794615083,0.26802047794615086,297.6857604980469,153.16778564453125
20,4.993587648529736,268.02047794615083,0.26802047794615086,297.78887939453125,153.16778564453125
20,5.054793002826355,268.02047794615083,0.26802047794615086,297.8919982910156,153.16778564453125
20,5.116766985695646,268.02047794615083,0.26802047794615086,297.9951477050781,153.16778564453125
20,5.179482123239082,268.02047794615083,0.26802047794615086,298.0982666015625,153.16778564453125
20,5.242965947042431,266.63895593481755,0.26663895593481757,298.2013854980469,153.2193603515625
20,5.307227878731629,265.26455503259655,0.26526455503259655,298.30450439453125,153.27093505859375
20,5.372277455411493,265.26455503259655,0.26526455503259655,298.4076232910156,153.27093505859375
20,5.4381439371456795,265.26455503259655,0.26526455503259655,298.5107727050781,153.27093505859375
20,5.504798124438658,265.26455503259655,0.26526455503259655,298.6138916015625,153.27093505859375
20,5.572269278096456,265.26455503259655,0.26526455503259655,298.7170104980469,153.27093505859375
20,5.6405674115041,265.26455503259655,0.26526455503259655,298.82012939453125,153.27093505859375
20,5.70970266077858,265.26455503259655,0.26526455503259655,298.9232482910156,153.27093505859375
20,5.77970612376707,265.26455503259655,0.26526455503259655,299.0263977050781,153.27093505859375
20,5.8505467669947215,265.26455503259655,0.26526455503259655,299.1295166015625,153.27093505859375
20,5.922255689097706,265.26455503259655,0.26526455503259655,299.2326354980469,153.27093505859375
20,5.994843532387713,265.26455503259655,0.26526455503259655,299.33575439453125,153.27093505859375
20,6.068321069617005,265.26455503259655,0.26526455503259655,299.4388732910156,153.27093505859375
20,6.142721351844888,265.26455503259655,0.26526455503259655,299.5420227050781,153.27093505859375
20,6.218011396427515,265.26455503259655,0.26526455503259655,299.6451416015625,153.27093505859375
20,6.2942242552627485,265.26455503259655,0.26526455503259655,299.7482604980469,153.27093505859375
20,6.371371239090928,265.26455503259655,0.26526455503259655,299.85137939453125,153.27093505859375
20,6.449463797285767,265.26455503259655,0.26526455503259655,299.9544982910156,153.27093505859375
20,6.528537056797209,262.53616710711134,0.26253616710711136,300.0576477050781,153.37411499023438
20,6.6085559633878495,262.53616710711134,0.26253616710711136,300.1607666015625,153.37411499023438
20,6.68955564489885,262.53616710711134,0.26253616710711136,300.2638854980469,153.37411499023438
20,6.771548122482281,262.53616710711134,0.26253616710711136,300.36700439453125,153.37411499023438
20,6.854545564630945,262.53616710711134,0.26253616710711136,300.4701232910156,153.37411499023438
20,6.938585304569197,262.53616710711134,0.26253616710711136,300.5732727050781,153.37411499023438
20,7.02363008635219,262.53616710711134,0.26253616710711136,300.6763916015625,153.37411499023438
20,7.109717244151483,262.53616710711134,0.26253616710711136,300.7795104980469,153.37411499023438
20,7.196859554150825,262.53616710711134,0.26253616710711136,300.88262939453125,153.37411499023438
20,7.28506994912897,262.53616710711134,0.26253616710711136,300.9857482910156,153.37411499023438
20,7.37438810715769,262.53616710711134,0.26253616710711136,301.0888977050781,153.37411499023438
20,7.464774432298544,262.53616710711134,0.26253616710711136,301.1920166015625,153.37411499023438
20,7.556268603629988,262.53616710711134,0.26253616710711136,301.2951354980469,153.37411499023438
20,7.648884199789945,262.53616710711134,0.26253616710711136,301.39825439453125,153.37411499023438
20,7.7426349658468485,262.53616710711134,0.26253616710711136,301.5013732910156,153.37411499023438
20,7.837563071996453,259.83623938948415,0.25983623938948414,301.6045227050781,153.47727966308594
20,7.9336264353350066,259.83623938948415,0.25983623938948414,301.7076416015625,153.47727966308594
20,8.030867227128189,259.83623938948415,0.25983623938948414,301.8107604980469,153.47727966308594
20,8.129299878869109,259.83623938948415,0.25983623938948414,301.91387939453125,153.47727966308594
20,8.228938998934645,259.83623938948415,0.25983623938948414,302.0169982910156,153.47727966308594
20,8.329829406171356,259.83623938948415,0.25983623938948414,302.1201477050781,153.47727966308594
20,8.43192637450738,259.83623938948415,0.25983623938948414,302.2232666015625,153.47727966308594
20,8.535274723926394,259.83623938948415,0.25983623938948414,302.3263854980469,153.47727966308594
20,8.639889792343325,259.83623938948415,0.25983623938948414,302.42950439453125,153.47727966308594
20,8.745787105666706,259.83623938948415,0.25983623938948414,302.5326232910156,153.47727966308594
20,8.85301429775192,259.83623938948415,0.25983623938948414,302.6357727050781,153.47727966308594
20,8.961523833345327,259.83623938948415,0.25983623938948414,302.7388916015625,153.47727966308594
20,9.071363347510852,259.83623938948415,0.25983623938948414,302.8420104980469,153.47727966308594
20,9.182549141516338,259.83623938948415,0.25983623938948414,302.94512939453125,153.47727966308594
20,9.295097716430826,257.1640777878963,0.2571640777878963,303.0482482910156,153.5804443359375
20,9.409059697925297,257.1640777878963,0.2571640777878963,303.1513977050781,153.5804443359375
20,9.524384565123553,257.1640777878963,0.2571640777878963,303.2545166015625,153.5804443359375
20,9.641122944981023,257.1640777878963,0.2571640777878963,303.3576354980469,153.5804443359375
20,9.759292162625286,257.1640777878963,0.2571640777878963,303.46075439453125,153.5804443359375
20,9.878909755534377,257.1640777878963,0.2571640777878963,303.5638732910156,153.5804443359375
20,10.000029529106593,257.1640777878963,0.2571640777878963,303.6670227050781,153.5804443359375
20,10.122597789320436,257.1640777878963,0.2571640777878963,303.7701416015625,153.5804443359375
20,10.246668342939325,257.1640777878963,0.2571640777878963,303.8732604980469,153.5804443359375
20,10.37225960325778,257.1640777878963,0.2571640777878963,303.97637939453125,153.5804443359375
20,10.49939020925822,257.1640777878963,0.2571640777878963,304.0794982910156,153.5804443359375
20,10.628117345780474,257.1640777878963,0.2571640777878963,304.1826477050781,153.5804443359375
20,10.758383946356927,255.8383199320056,0.2558383199320056,304.2857666015625,153.63202667236328
20,10.890247197278278,254.51939675499992,0.2545193967549999,304.3888854980469,153.68360900878906
20,11.023726668352232,254.51939675499992,0.2545193967549999,304.49200439453125,153.68360900878906
20,11.15884216924951,254.51939675499992,0.2545193967549999,304.5951232910156,153.68360900878906
20,11.295654476509478,254.51939675499992,0.2545193967549999,304.6982727050781,153.68360900878906
20,11.434102939399777,254.51939675499992,0.2545193967549999,304.8013916015625,153.68360900878906
20,11.57424833600176,254.51939675499992,0.2545193967549999,304.9045104980469,153.68360900878906
20,11.716111465275283,254.51939675499992,0.2545193967549999,305.00762939453125,153.68360900878906
20,11.859713381108673,254.51939675499992,0.2545193967549999,305.1107482910156,153.68360900878906
20,12.005075395443363,254.51939675499992,0.2545193967549999,305.2138671875,153.68360900878906
20,12.152262893820799,254.51939675499992,0.2545193967549999,305.3170166015625,153.68360900878906
20,12.30121062604713,254.51939675499992,0.2545193967549999,305.4201354980469,153.68360900878906
20,12.451983979322751,251.9019136800215,0.2519019136800215,305.52325439453125,153.78677368164062
20,12.60460532990116,251.9019136800215,0.2519019136800215,305.6263732910156,153.78677368164062
20,12.759097328296894,251.9019136800215,0.2519019136800215,305.7294921875,153.78677368164062
20,12.915529466825491,251.9019136800215,0.2519019136800215,305.8326416015625,153.78677368164062
20,13.073832397020023,251.9019136800215,0.2519019136800215,305.9357604980469,153.78677368164062
20,13.234075612959126,251.9019136800215,0.2519019136800215,306.03887939453125,153.78677368164062
20,13.396282896317393,251.9019136800215,0.2519019136800215,306.1419982910156,153.78677368164062
20,13.560478320256383,251.9019136800215,0.2519019136800215,306.2451171875,153.78677368164062
20,13.726686252997334,251.9019136800215,0.2519019136800215,306.3482360839844,153.78677368164062
20,13.894981456820666,251.9019136800215,0.2519019136800215,306.4513854980469,153.78677368164062
20,14.065289324203354,250.60328385641637,0.2506032838564164,306.55450439453125,153.8383560180664
20,14.237684619322641,249.3113488585638,0.24931134885856382,306.6576232910156,153.8899383544922
20,14.412192927341573,249.3113488585638,0.24931134885856382,306.7607421875,153.8899383544922
20,14.588840147015164,249.3113488585638,0.24931134885856382,306.8638610839844,153.8899383544922
20,14.767705736337694,249.3113488585638,0.24931134885856382,306.9670104980469,153.8899383544922
20,14.948710401792377,249.3113488585638,0.24931134885856382,307.07012939453125,153.8899383544922
20,15.131933603389449,249.3113488585638,0.24931134885856382,307.1732482910156,153.8899383544922
20,15.31740253326015,249.3113488585638,0.24931134885856382,307.2763671875,153.8899383544922
20,15.505144716823935,249.3113488585638,0.24931134885856382,307.3794860839844,153.8899383544922
20,15.695188016873544,249.3113488585638,0.24931134885856382,307.48260498046875,153.8899383544922
20,15.887617917117558,246.74742546271557,0.24674742546271558,307.58575439453125,153.99310302734375
20,16.082349110798077,246.74742546271557,0.24674742546271558,307.6888732910156,153.99310302734375
20,16.279467083792518,246.74742546271557,0.24674742546271558,307.7919921875,153.99310302734375
20,16.479001090353318,246.74742546271557,0.24674742546271558,307.8951110839844,153.99310302734375
20,16.68098074329611,246.74742546271557,0.24674742546271558,307.99822998046875,153.99310302734375
20,16.885496895441207,246.74742546271557,0.24674742546271558,308.10137939453125,153.99310302734375
20,17.092458882032997,246.74742546271557,0.24674742546271558,308.2044982910156,153.99310302734375
20,17.30195755819686,246.74742546271557,0.24674742546271558,308.3076171875,153.99310302734375
20,17.51402401560374,246.74742546271557,0.24674742546271558,308.4107360839844,153.99310302734375
20,17.728689727008675,245.47518090954392,0.24547518090954393,308.51385498046875,154.04469299316406
20,17.94605125157007,244.20949612573983,0.24420949612573983,308.61700439453125,154.09628295898438
20,18.166012230006288,244.20949612573983,0.24420949612573983,308.7201232910156,154.09628295898438
20,18.388669223925604,244.20949612573983,0.24420949612573983,308.8232421875,154.09628295898438
20,18.61405527782315,244.20949612573983,0.24420949612573983,308.9263610839844,154.09628295898438
20,18.842203841213532,244.20949612573983,0.24420949612573983,309.02947998046875,154.09628295898438
20,19.07314877359499,244.20949612573983,0.24420949612573983,309.1325988769531,154.09628295898438
20,19.306993956710755,244.20949612573983,0.24420949612573983,309.2357482910156,154.09628295898438
20,19.543635723852077,242.95070874926887,0.24295070874926888,309.3388671875,154.14785766601562
20,19.78317795939782,241.69840984144594,0.24169840984144594,309.4419860839844,154.19943237304688
20,20.02565621377961,241.69840984144594,0.24169840984144594,309.54510498046875,154.19943237304688
20,20.271106473163268,241.69840984144594,0.24169840984144594,309.6482238769531,154.19943237304688
20,20.519639143958493,241.69840984144594,0.24169840984144594,309.7513732910156,154.19943237304688
20,20.77114404829605,241.69840984144594,0.24169840984144594,309.8544921875,154.19943237304688
20,21.025731595386844,241.69840984144594,0.24169840984144594,309.9576110839844,154.19943237304688
20,21.2834395685352,241.69840984144594,0.24169840984144594,310.06072998046875,154.19943237304688
20,21.544306214147472,241.69840984144594,0.24169840984144594,310.1638488769531,154.19943237304688
20,21.808370247408206,239.2124123325087,0.2392124123325087,310.2669677734375,154.3026123046875
20,22.075750447421203,239.2124123325087,0.2392124123325087,310.3701171875,154.3026123046875
20,22.346328280954573,239.2124123325087,0.2392124123325087,310.4732360839844,154.3026123046875
20,22.62022253012572,239.2124123325087,0.2392124123325087,310.57635498046875,154.3026123046875
20,22.89747384354411,239.2124123325087,0.2392124123325087,310.6794738769531,154.3026123046875
20,23.178123368040637,239.2124123325087,0.2392124123325087,310.7825927734375,154.3026123046875
20,23.46229734306793,239.2124123325087,0.2392124123325087,310.8857421875,154.3026123046875
20,23.749869790488145,237.97938261942872,0.23797938261942872,310.9888610839844,154.35418701171875
20,24.04096695295677,236.75270860611602,0.23675270860611602,311.09197998046875,154.40576171875
20,24.335632032165353,236.75270860611602,0.23675270860611602,311.1950988769531,154.40576171875
20,24.633908759319503,236.75270860611602,0.23675270860611602,311.2982177734375,154.40576171875
20,24.9359313027946,236.75270860611602,0.23675270860611602,311.4013671875,154.40576171875
20,25.24156577194286,236.75270860611602,0.23675270860611602,311.5044860839844,154.40576171875
20,25.5509463385437,236.75270860611602,0.23675270860611602,311.60760498046875,154.40576171875
20,25.86411891772631,236.75270860611602,0.23675270860611602,311.7107238769531,154.40576171875
20,26.181129987391902,234.3175802814609,0.2343175802814609,311.8138427734375,154.50894165039062
20,26.502122142843188,234.3175802814609,0.2343175802814609,311.9169921875,154.50894165039062
20,26.82695308394874,234.3175802814609,0.2343175802814609,312.0201110839844,154.50894165039062
20,27.155765409629115,234.3175802814609,0.2343175802814609,312.12322998046875,154.50894165039062
20,27.488607918878255,234.3175802814609,0.2343175802814609,312.2263488769531,154.50894165039062
20,27.825530008809157,234.3175802814609,0.2343175802814609,312.3294677734375,154.50894165039062
20,28.166683230935295,234.3175802814609,0.2343175802814609,312.4326171875,154.50894165039062
20,28.51191634745376,231.9078531314826,0.2319078531314826,312.5357360839844,154.6121063232422
20,28.861380913723117,231.9078531314826,0.2319078531314826,312.63885498046875,154.6121063232422
20,29.21512879373362,231.9078531314826,0.2319078531314826,312.7419738769531,154.6121063232422
20,29.573212487161587,231.9078531314826,0.2319078531314826,312.8450927734375,154.6121063232422
20,29.935793064258323,231.9078531314826,0.2319078531314826,312.9482421875,154.6121063232422
20,30.302709788186778,231.9078531314826,0.2319078531314826,313.0513610839844,154.6121063232422
20,30.67412373328488,231.9078531314826,0.2319078531314826,313.15447998046875,154.6121063232422
20,31.050090021047303,229.52290766852252,0.2295229076685225,313.2575988769531,154.71527099609375
20,31.4306644485813,229.52290766852252,0.2295229076685225,313.3607177734375,154.71527099609375
20,31.816018202734583,229.52290766852252,0.2295229076685225,313.4638671875,154.71527099609375
20,32.205980451015016,229.52290766852252,0.2295229076685225,313.5669860839844,154.71527099609375
20,32.600722384613526,229.52290766852252,0.2295229076685225,313.67010498046875,154.71527099609375
20,33.00030258712854,229.52290766852252,0.2295229076685225,313.7732238769531,154.71527099609375
20,33.40478036020528,227.16248903716573,0.22716248903716574,313.8763427734375,154.8184356689453
20,33.81433764269701,227.16248903716573,0.22716248903716574,313.9794921875,154.8184356689453
20,34.228792872362625,227.16248903716573,0.22716248903716574,314.0826110839844,154.8184356689453
20,34.64832799267142,227.16248903716573,0.22716248903716574,314.18572998046875,154.8184356689453
20,35.0730052667754,227.16248903716573,0.22716248903716574,314.2888488769531,154.8184356689453
20,35.50288772097287,227.16248903716573,0.22716248903716574,314.3919677734375,154.8184356689453
20,35.93816872144108,224.82634500293676,0.22482634500293677,314.4951171875,154.92160034179688
20,36.378655302269415,224.82634500293676,0.22482634500293677,314.5982360839844,154.92160034179688
20,36.82454083454109,224.82634500293676,0.22482634500293677,314.70135498046875,154.92160034179688
20,37.275891492069235,224.82634500293676,0.22482634500293677,314.8044738769531,154.92160034179688
20,37.732774259745526,224.82634500293676,0.22482634500293677,314.9075927734375,154.92160034179688
20,38.19539464880535,224.82634500293676,0.22482634500293677,315.0107421875,154.92160034179688
20,38.663547573420075,222.51388571126242,0.22251388571126243,315.1138610839844,155.0247802734375
20,39.137438550039285,222.51388571126242,0.22251388571126243,315.21697998046875,155.0247802734375
20,39.61713790876038,222.51388571126242,0.22251388571126243,315.3200988769531,155.0247802734375
20,40.10271684170201,222.51388571126242,0.22251388571126243,315.4232177734375,155.0247802734375
20,40.59439376797181,222.51388571126242,0.22251388571126243,315.5263671875,155.0247802734375
20,41.09195072058815,222.51388571126242,0.22251388571126243,315.6294860839844,155.0247802734375
20,41.59560612420029,220.22588473120717,0.2202258847312072,315.73260498046875,155.1279296875
20,42.10543472624032,220.22588473120717,0.2202258847312072,315.8357238769531,155.1279296875
20,42.621512190303946,220.22588473120717,0.2202258847312072,315.9388427734375,155.1279296875
20,43.14407065409628,220.22588473120717,0.2202258847312072,316.0419921875,155.1279296875
20,43.67287846043563,220.22588473120717,0.2202258847312072,316.1451110839844,155.1279296875
20,44.20816775291677,219.0903868357731,0.21909038683577312,316.24822998046875,155.1795196533203
20,44.750017973753145,217.96074363572197,0.21796074363572196,316.3513488769531,155.23110961914062
20,45.298509538864664,217.96074363572197,0.21796074363572196,316.4544677734375,155.23110961914062
20,45.85388916619981,217.96074363572197,0.21796074363572196,316.5576171875,155.23110961914062
20,46.415910648514526,217.96074363572197,0.21796074363572196,316.6607360839844,155.23110961914062
20,46.9848207100169,217.96074363572197,0.21796074363572196,316.76385498046875,155.23110961914062
20,47.560703782574215,215.71956037896462,0.21571956037896461,316.8669738769531,155.33425903320312
20,48.1436453329175,215.71956037896462,0.21571956037896461,316.9700927734375,155.33425903320312
20,48.73390757500321,215.71956037896462,0.21571956037896461,317.0732421875,155.33425903320312
20,49.331228837655914,215.71956037896462,0.21571956037896461,317.1763610839844,155.33425903320312
20,49.935871341484855,215.71956037896462,0.21571956037896461,317.27947998046875,155.33425903320312
20,50.547924821404415,213.5007692413525,0.2135007692413525,317.3825988769531,155.43743896484375
20,51.16748011219093,213.5007692413525,0.2135007692413525,317.4857177734375,155.43743896484375
20,51.79481589709147,213.5007692413525,0.2135007692413525,317.5888671875,155.43743896484375
20,52.429654069731306,213.5007692413525,0.2135007692413525,317.6919860839844,155.43743896484375
20,53.07227332042813,212.40010882060005,0.21240010882060006,317.79510498046875,155.48902130126953
20,53.72276902022028,211.30512263402517,0.21130512263402518,317.8982238769531,155.5406036376953
20,54.381237709088886,211.30512263402517,0.21130512263402518,318.0013427734375,155.5406036376953
20,55.047975573984566,211.30512263402517,0.21130512263402518,318.1044921875,155.5406036376953
20,55.72268704106161,211.30512263402517,0.21130512263402518,318.2076110839844,155.5406036376953
20,56.405668304785266,210.21578142925134,0.21021578142925135,318.31072998046875,155.5921859741211
20,57.09702072631499,209.13205610470598,0.20913205610470598,318.4138488769531,155.64376831054688
20,57.7968469091726,209.13205610470598,0.20913205610470598,318.5169677734375,155.64376831054688
20,58.50546164339521,209.13205610470598,0.20913205610470598,318.6201171875,155.64376831054688
20,59.22255079055888,209.13205610470598,0.20913205610470598,318.7232360839844,155.64376831054688
20,59.9484291486874,208.05407676149312,0.20805407676149312,318.82635498046875,155.69534301757812
20,60.683204445292304,206.9816539048658,0.2069816539048658,318.9294738769531,155.74691772460938
20,61.42698572827866,206.9816539048658,0.2069816539048658,319.0325927734375,155.74691772460938
20,62.18010755920387,206.9816539048658,0.2069816539048658,319.1357421875,155.74691772460938
20,62.94223606905059,206.9816539048658,0.2069816539048658,319.2388610839844,155.74691772460938
20,63.71370582786456,205.91444405944142,0.20591444405944143,319.34197998046875,155.7985076904297
20,64.49463132937107,204.85273681211058,0.20485273681211058,319.4450988769531,155.85009765625
20,65.28512847062105,204.85273681211058,0.20485273681211058,319.5482177734375,155.85009765625
20,66.08555282651369,204.85273681211058,0.20485273681211058,319.6513671875,155.85009765625
20,66.89554955818724,204.85273681211058,0.20485273681211058,319.7544860839844,155.85009765625
20,67.71547424956246,202.7460267605193,0.2027460267605193,319.85760498046875,155.95326232910156
20,68.54544858555481,202.7460267605193,0.2027460267605193,319.9607238769531,155.95326232910156
20,69.38559574254616,202.7460267605193,0.2027460267605193,320.0638427734375,155.95326232910156
20,70.23629362859607,202.7460267605193,0.2027460267605193,320.1669921875,155.95326232910156
20,71.097165117912,200.66098216144061,0.20066098216144063,320.2701110839844,156.05642700195312
20,71.96858812814156,200.66098216144061,0.20066098216144063,320.37322998046875,156.05642700195312
20,72.85069198705897,200.66098216144061,0.20066098216144063,320.4763488769531,156.05642700195312
20,73.74360760758174,200.66098216144061,0.20066098216144063,320.5794677734375,156.05642700195312
20,74.64773663364404,199.62636207934563,0.19962636207934564,320.6826171875,156.10801696777344
20,75.56267825271188,198.59707656056602,0.19859707656056602,320.7857360839844,156.15960693359375
20,76.48883411890962,198.59707656056602,0.19859707656056602,320.88885498046875,156.15960693359375
20,77.42634168290753,198.59707656056602,0.19859707656056602,320.9919738769531,156.15960693359375
20,78.3753400800797,198.59707656056602,0.19859707656056602,321.0950927734375,156.15960693359375
20,79.33625618105194,196.55500038022237,0.19655500038022236,321.1982421875,156.26275634765625
20,80.30866399881765,196.55500038022237,0.19655500038022236,321.3013610839844,156.26275634765625
20,81.29299041483299,196.55500038022237,0.19655500038022236,321.40447998046875,156.26275634765625
20,82.2893815128517,196.55500038022237,0.19655500038022236,321.5075988769531,156.26275634765625
20,83.29798516714555,194.53332699960336,0.19453332699960335,321.6107177734375,156.36593627929688
20,84.3192550594851,194.53332699960336,0.19453332699960335,321.7138671875,156.36593627929688
20,85.35273844721782,194.53332699960336,0.19453332699960335,321.8169860839844,156.36593627929688
20,86.39888902362487,194.53332699960336,0.19453332699960335,321.92010498046875,156.36593627929688
20,87.45786204777559,192.53303635973714,0.19253303635973715,322.0232238769531,156.46908569335938
20,88.529814681717,192.53303635973714,0.19253303635973715,322.1263427734375,156.46908569335938
20,89.61522910233495,192.53303635973714,0.19253303635973715,322.2294921875,156.46908569335938
20,90.71362413084631,192.53303635973714,0.19253303635973715,322.3326110839844,156.46908569335938
20,91.82548195637051,190.55273103173596,0.19055273103173595,322.43572998046875,156.572265625
20,92.95096758958098,190.55273103173596,0.19055273103173595,322.5388488769531,156.572265625
20,94.09024806365234,190.55273103173596,0.19055273103173595,322.6419677734375,156.572265625
20,95.24383584032364,190.55273103173596,0.19055273103173595,322.7451171875,156.572265625
20,96.41121951864805,188.59308255415215,0.18859308255415216,322.8482360839844,156.67543029785156
20,97.59291157336648,188.59308255415215,0.18859308255415216,322.95135498046875,156.67543029785156
20,98.78908737924128,188.59308255415215,0.18859308255415216,323.0544738769531,156.67543029785156
20,99.99992446056623,187.62082871950486,0.18762082871950486,323.1575927734375,156.72701263427734
20,101.22596746608284,186.65358714461888,0.18665358714461888,323.2607421875,156.77859497070312
20,102.46667287446867,186.65358714461888,0.18665358714461888,323.3638610839844,156.77859497070312
20,103.7225853482838,186.65358714461888,0.18665358714461888,323.46697998046875,156.77859497070312
20,104.99389127733305,185.6913319897941,0.1856913319897941,323.5700988769531,156.8301773071289
20,106.28077933596188,184.73403754854118,0.18473403754854117,323.6732177734375,156.8817596435547
20,107.58382838153489,184.73403754854118,0.18473403754854117,323.7763671875,156.8817596435547
20,108.90246075491822,184.73403754854118,0.18473403754854117,323.8794860839844,156.8817596435547
20,110.23725532816276,183.78167824689547,0.18378167824689548,323.98260498046875,156.93334197998047
20,111.58841019795533,182.83422864273433,0.18283422864273433,324.0857238769531,156.98492431640625
20,112.95612588901228,182.83422864273433,0.18283422864273433,324.1888427734375,156.98492431640625
20,114.34101761591634,182.83422864273433,0.18283422864273433,324.2919921875,156.98492431640625
20,115.74247143757474,180.95395741350555,0.18095395741350556,324.3951110839844,157.0880889892578
20,117.16110258417908,180.95395741350555,0.18095395741350556,324.49822998046875,157.0880889892578
20,118.59712159459106,180.95395741350555,0.18095395741350556,324.6013488769531,157.0880889892578
20,120.05074158820294,180.02108555729947,0.18002108555729948,324.7044677734375,157.1396713256836
20,121.52261642036176,179.09302293495912,0.17909302293495913,324.8076171875,157.19125366210938
20,123.01209358919652,179.09302293495912,0.17909302293495913,324.9107360839844,157.19125366210938
20,124.51982696664358,179.09302293495912,0.17909302293495913,325.01385498046875,157.19125366210938
20,126.04604031521492,177.2512263475257,0.1772512263475257,325.1169738769531,157.29441833496094
20,127.59096014003266,177.2512263475257,0.1772512263475257,325.2200927734375,157.29441833496094
20,129.15528136418047,177.2512263475257,0.1772512263475257,325.3232421875,157.29441833496094
20,130.7383105030604,176.3374431791381,0.1763374431791381,325.4263610839844,157.34600067138672
20,132.3407424973876,175.42837083671205,0.17542837083671206,325.52947998046875,157.3975830078125
20,133.96281516388322,175.42837083671205,0.17542837083671206,325.6325988769531,157.3975830078125
20,135.6047692341381,175.42837083671205,0.17542837083671206,325.7357177734375,157.3975830078125
20,137.26734327837926,174.52385161487925,0.17452385161487924,325.8388671875,157.4491729736328
20,138.94980025521468,173.62399614850838,0.17362399614850837,325.9419860839844,157.50076293945312
20,140.65287875361028,173.62399614850838,0.17362399614850837,326.04510498046875,157.50076293945312
20,142.3768315272216,172.72904448581113,0.17272904448581114,326.1482238769531,157.55233764648438
20,144.1219144276528,171.83870588637913,0.17183870588637915,326.2513427734375,157.60391235351562
20,145.88891241369,171.83870588637913,0.17183870588637915,326.3544921875,157.60391235351562
20,147.6770421514062,171.83870588637913,0.17183870588637915,326.4576110839844,157.60391235351562
20,149.48708861950294,170.07125282347806,0.17007125282347807,326.56072998046875,157.70709228515625
20,151.31932044673852,170.07125282347806,0.17007125282347807,326.6638488769531,157.70709228515625
20,153.17400955439706,170.07125282347806,0.17007125282347807,326.7669677734375,157.70709228515625
20,155.05143119664476,168.32249367572655,0.16832249367572655,326.8700866699219,157.81024169921875
20,156.9524298597883,168.32249367572655,0.16832249367572655,326.9732360839844,157.81024169921875
20,158.8761628056017,168.32249367572655,0.16832249367572655,327.07635498046875,157.81024169921875
20,160.82347454181732,167.45461278354043,0.16745461278354043,327.1794738769531,157.86183166503906
20,162.79465406871387,166.5912067373869,0.1665912067373869,327.2825927734375,157.91342163085938
20,164.78999392878515,166.5912067373869,0.1665912067373869,327.3857116699219,157.91342163085938
20,166.81039164933733,165.7323791633561,0.1657323791633561,327.4888610839844,157.96500396728516
20,168.85495156093947,164.877979102736,0.164877979102736,327.59197998046875,158.01658630371094
20,170.92457121366922,164.877979102736,0.164877979102736,327.6950988769531,158.01658630371094
20,173.01955775950657,164.877979102736,0.164877979102736,327.7982177734375,158.01658630371094
20,175.1402221151293,163.1823703387663,0.1631823703387663,327.9013366699219,158.1197509765625
20,177.28751818027345,163.1823703387663,0.1631823703387663,328.0044860839844,158.1197509765625
20,179.4604940297685,163.1823703387663,0.1631823703387663,328.10760498046875,158.1197509765625
20,181.66010358755253,162.3409922313846,0.1623409922313846,328.2107238769531,158.1713409423828
20,183.88667329739016,161.5039523200844,0.1615039523200844,328.3138427734375,158.22293090820312
20,186.14053360419925,161.5039523200844,0.1615039523200844,328.4169616699219,158.22293090820312
20,188.42201900309098,160.67147389620683,0.16067147389620684,328.52008056640625,158.27450561523438
20,190.73215573299584,159.84328651484722,0.15984328651484722,328.62322998046875,158.32608032226562
20,193.06991967929065,159.84328651484722,0.15984328651484722,328.7263488769531,158.32608032226562
20,195.43633710694309,159.01912492431302,0.15901912492431303,328.8294677734375,158.37767028808594
20,197.8317592156518,158.19921276046495,0.15819921276046495,328.9325866699219,158.42926025390625
20,200.25654150969692,158.19921276046495,0.15819921276046495,329.03570556640625,158.42926025390625
20,202.71177468463534,157.38376874559344,0.15738376874559346,329.13885498046875,158.4808349609375
20,205.19637030264207,156.57252796871404,0.15657252796871404,329.2419738769531,158.53240966796875
20,207.7114190869467,156.57252796871404,0.15657252796871404,329.3450927734375,158.53240966796875
20,210.2572942956082,155.76523060578933,0.15576523060578934,329.4482116699219,158.58399963378906
20,212.8343737616308,154.96209571657977,0.15496209571657976,329.55133056640625,158.63558959960938
20,215.44303994903916,154.96209571657977,0.15496209571657976,329.6544494628906,158.63558959960938
20,218.08446626652528,154.16321969342465,0.15416321969342464,329.7575988769531,158.68717193603516
20,220.75748173434465,153.36846211547638,0.1533684621154764,329.8607177734375,158.73875427246094
20,223.46325979096054,153.36846211547638,0.1533684621154764,329.9638366699219,158.73875427246094
20,226.20220200053808,152.57780175091654,0.15257780175091654,330.06695556640625,158.79033660888672
20,228.9747148491297,151.79121747738245,0.15179121747738245,330.1700744628906,158.8419189453125
20,231.78204544558076,151.79121747738245,0.15179121747738245,330.2732238769531,158.8419189453125
20,234.62294926255265,151.00868828140415,0.15100868828140415,330.3763427734375,158.89350128173828
20,237.49867344053123,150.230193257842,0.15023019325784198,330.4794616699219,158.94508361816406
20,240.4096447653631,150.230193257842,0.15023019325784198,330.58258056640625,158.94508361816406
20,243.35629525391928,149.45571160932857,0.14945571160932858,330.6856994628906,158.99666595458984
20,246.33995034420033,148.68522264571354,0.14868522264571354,330.7888488769531,159.04824829101562
20,249.35928734185322,148.68522264571354,0.14868522264571354,330.8919677734375,159.04824829101562
20,252.41563171850677,147.91870578350995,0.14791870578350996,330.9950866699219,159.0998306274414
20,255.50943706582748,147.15614054534547,0.14715614054534548,331.09820556640625,159.1514129638672
20,258.6411625350596,147.15614054534547,0.14715614054534548,331.2013244628906,159.1514129638672
20,261.8112729051674,146.3975065594141,0.1463975065594141,331.304443359375,159.20299530029297
20,265.02119412903164,145.6427835589333,0.14564278355893331,331.4075927734375,159.25457763671875
20,268.26950320548417,145.6427835589333,0.14564278355893331,331.5107116699219,159.25457763671875
20,271.55762612358376,144.14498996905922,0.14414498996905922,331.61383056640625,159.3577423095703
20,274.8860508732197,144.14498996905922,0.14414498996905922,331.7169494628906,159.3577423095703
20,278.2552714254708,144.14498996905922,0.14414498996905922,331.820068359375,159.3577423095703
20,281.66680329531573,143.40187936635527,0.1434018793663553,331.9232177734375,159.4093246459961
20,285.1191341048814,142.6625997214109,0.1426625997214109,332.0263366699219,159.46090698242188
20,288.6137794075973,142.6625997214109,0.1426625997214109,332.12945556640625,159.46090698242188
20,292.1512578433126,141.19523852628103,0.14119523852628105,332.2325744628906,159.5640869140625
20,295.73209440873615,141.19523852628103,0.14119523852628105,332.335693359375,159.5640869140625
20,299.3568205353512,141.19523852628103,0.14119523852628105,332.4388122558594,159.5640869140625
20,303.0270666675447,139.74339724862492,0.13974339724862492,332.5419616699219,159.667236328125
20,306.74120573593837,139.74339724862492,0.13974339724862492,332.64508056640625,159.667236328125
20,310.50086822628595,139.02287189498497,0.13902287189498497,332.7481994628906,159.7188262939453
20,314.30661210960255,138.30606161336607,0.13830606161336606,332.851318359375,159.77041625976562
20,318.1590021958369,138.30606161336607,0.13830606161336606,332.9544372558594,159.77041625976562
20,322.0597713352991,137.59315762228357,0.13759315762228358,333.0575866699219,159.82199096679688
20,326.0071902646672,136.8839283226394,0.1368839283226394,333.16070556640625,159.87356567382812
20,330.00299187821633,136.8839283226394,0.1368839283226394,333.2638244628906,159.87356567382812
20,334.04776919233785,135.47600385575169,0.13547600385575168,333.366943359375,159.97674560546875
20,338.14212249190035,135.47600385575169,0.13547600385575168,333.4700622558594,159.97674560546875
20,342.2878934651094,135.47600385575169,0.13547600385575168,333.5732116699219,159.97674560546875
20,346.4832442360413,134.08276565198727,0.13408276565198726,333.67633056640625,160.0799102783203
20,350.730016539628,134.08276565198727,0.13408276565198726,333.7794494628906,160.0799102783203
20,355.0288406387879,133.39152882983154,0.13339152882983155,333.882568359375,160.1314926147461
20,359.3803545214396,132.7038555405579,0.13270385554055789,333.9856872558594,160.18307495117188
20,363.7865155496397,132.7038555405579,0.13270385554055789,334.0888366699219,160.18307495117188
20,368.2453704130568,131.33912617104681,0.13133912617104682,334.19195556640625,160.28623962402344
20,372.75887652340947,131.33912617104681,0.13133912617104682,334.2950744628906,160.28623962402344
20,377.32770372954496,131.33912617104681,0.13133912617104682,334.398193359375,160.28623962402344
20,381.95253009050737,129.9884317083922,0.1299884317083922,334.5013122558594,160.389404296875
20,386.6354359075164,129.9884317083922,0.1299884317083922,334.6044616699219,160.389404296875
20,391.3743451855612,129.31830240419578,0.12931830240419578,334.70758056640625,160.44098663330078
20,396.1713382786413,128.65162781730322,0.12865162781730322,334.8106994628906,160.49256896972656
20,401.02712710787097,128.65162781730322,0.12865162781730322,334.913818359375,160.49256896972656
20,405.9424323202305,127.98839013761223,0.12798839013761223,335.0169372558594,160.54415130615234
20,410.9194648777391,127.32857164683634,0.12732857164683634,335.1200866699219,160.59573364257812
20,415.9560183950532,127.32857164683634,0.12732857164683634,335.22320556640625,160.59573364257812
20,421.0543038902875,126.01892913765218,0.12601892913765217,335.3263244628906,160.69891357421875
20,426.21507799932044,126.01892913765218,0.12601892913765217,335.429443359375,160.69891357421875
20,431.43910663195896,126.01892913765218,0.12601892913765217,335.5325622558594,160.69891357421875
20,436.7287396176424,124.72313839429796,0.12472313839429797,335.6357116699219,160.80206298828125
20,442.08163199106133,124.72313839429796,0.12472313839429797,335.73883056640625,160.80206298828125
20,447.5001336412741,124.08005839790454,0.12408005839790454,335.8419494628906,160.85365295410156
20,452.98504872739665,123.44029416061646,0.12344029416061646,335.945068359375,160.90524291992188
20,458.5371912649557,123.44029416061646,0.12344029416061646,336.0481872558594,160.90524291992188
20,464.159058672879,122.80401634790924,0.12280401634790925,336.1513366699219,160.95681762695312
20,469.8481587018778,122.17101825401411,0.12217101825401412,336.25445556640625,161.00839233398438
20,475.60698883424357,122.17101825401411,0.12217101825401412,336.3575744628906,161.00839233398438
20,481.43640373719785,120.91442394194131,0.12091442394194131,336.460693359375,161.111572265625
20,487.33726855343843,120.91442394194131,0.12091442394194131,336.5638122558594,161.111572265625
20,493.31223756127156,120.91442394194131,0.12091442394194131,336.6669616699219,161.111572265625
20,499.3586619767287,119.67093734632654,0.11967093734632654,336.77008056640625,161.21473693847656
20,505.47919614545805,119.67093734632654,0.11967093734632654,336.8731994628906,161.21473693847656
20,511.6747484151297,118.4402387942145,0.1184402387942145,336.976318359375,161.31790161132812
20,517.9462382668403,118.4402387942145,0.1184402387942145,337.0794372558594,161.31790161132812
20,524.2964866903886,118.4402387942145,0.1184402387942145,337.1825866699219,161.31790161132812
20,530.7226785354053,117.22219677308445,0.11722219677308444,337.28570556640625,161.4210662841797
20,537.2276348632619,117.22219677308445,0.11722219677308444,337.3888244628906,161.4210662841797
20,543.8123210736704,116.61788123417445,0.11661788123417445,337.491943359375,161.47264862060547
20,550.4777143990445,116.0166811228934,0.1160166811228934,337.5950622558594,161.52423095703125
20,557.2268130115923,116.0166811228934,0.1160166811228934,337.6982116699219,161.52423095703125
20,564.0566249453012,114.82338746218673,0.11482338746218673,337.80133056640625,161.62741088867188
20,570.9701484484477,114.82338746218673,0.11482338746218673,337.9044494628906,161.62741088867188
20,577.9684095561445,114.82338746218673,0.11482338746218673,338.007568359375,161.62741088867188
20,585.0524468794009,113.642714974234,0.113642714974234,338.1106872558594,161.73056030273438
20,592.2254469014134,113.642714974234,0.113642714974234,338.2138366699219,161.73056030273438
20,599.4842297349827,112.47383882597907,0.11247383882597907,338.31695556640625,161.833740234375
20,606.8319819441521,112.47383882597907,0.11247383882597907,338.4200744628906,161.833740234375
20,614.2697940078588,112.47383882597907,0.11247383882597907,338.523193359375,161.833740234375
20,621.7987697708118,111.31732559247094,0.11131732559247094,338.6263122558594,161.9368896484375
20,629.4222958547439,111.31732559247094,0.11131732559247094,338.7294616699219,161.9368896484375
20,637.1369926482046,110.74336677246268,0.11074336677246269,338.83258056640625,161.9884796142578
20,644.9462468588516,110.17236731862047,0.11017236731862047,338.9356994628906,162.04006958007812
20,652.8512174570733,110.17236731862047,0.11017236731862047,339.038818359375,162.04006958007812
20,660.8530776185153,109.60439576236287,0.10960439576236287,339.1419372558594,162.0916519165039
20,668.9554266738672,109.03935226961674,0.10903935226961674,339.2450866699219,162.1432342529297
20,677.1546727430285,108.47722174533745,0.10847722174533744,339.34820556640625,162.19481658935547
20,685.4544152480083,107.91798917230017,0.10791798917230017,339.4513244628906,162.24639892578125
20,693.8558859525004,107.91798917230017,0.10791798917230017,339.554443359375,162.24639892578125
20,702.3603317176651,106.80815819774341,0.1068081581977434,339.6575622558594,162.3495635986328
20,710.9715779430996,106.80815819774341,0.1068081581977434,339.7607116699219,162.3495635986328
20,719.6858071477569,106.80815819774341,0.1068081581977434,339.86383056640625,162.3495635986328
20,728.5068448282902,105.70974074934233,0.10570974074934233,339.9669494628906,162.45272827148438
20,737.4360001137395,105.70974074934233,0.10570974074934233,340.070068359375,162.45272827148438
20,746.4745981788665,105.16477536985334,0.10516477536985334,340.1731872558594,162.50431060791016
20,755.6267046912465,104.62261945014286,0.10462261945014287,340.2763366699219,162.55589294433594
20,764.8882623992064,104.62261945014286,0.10462261945014287,340.37945556640625,162.55589294433594
20,774.2633370734744,103.54667813029815,0.10354667813029815,340.4825744628906,162.6590576171875
20,783.7533200676484,103.54667813029815,0.10354667813029815,340.585693359375,162.6590576171875
20,793.359619788854,103.01278523555669,0.1030127852355567,340.6888122558594,162.7106475830078
20,803.0865572635423,102.48164512466309,0.1024816451246631,340.7919616699219,162.76223754882812
20,812.9298204097573,102.48164512466309,0.1024816451246631,340.89508056640625,162.76223754882812
20,822.8937303635788,101.95339948618685,0.10195339948618685,340.9981994628906,162.81381225585938
20,832.9797658675714,101.4278767104656,0.1014278767104656,341.101318359375,162.86538696289062
20,843.1894237889348,101.4278767104656,0.1014278767104656,341.2044372558594,162.86538696289062
20,853.5272965517258,100.38463671147493,0.10038463671147493,341.3075866699219,162.96856689453125
20,863.988801238174,100.38463671147493,0.10038463671147493,341.41070556640625,162.96856689453125
20,874.5785303888505,99.86720018468667,0.09986720018468667,341.5138244628906,163.0201416015625
20,885.2980556240641,99.35243080466532,0.09935243080466533,341.616943359375,163.07171630859375
20,896.1489678271437,99.35243080466532,0.09935243080466533,341.7200622558594,163.07171630859375
20,907.1361478658507,98.3305378776523,0.09833053787765231,341.8232116699219,163.17489624023438
20,918.2547249757862,98.3305378776523,0.09833053787765231,341.92633056640625,163.17489624023438
20,929.5095801485465,98.3305378776523,0.09833053787765231,342.0294494628906,163.17489624023438
20,940.902383715706,97.31930446310814,0.09731930446310814,342.132568359375,163.27806091308594
20,952.434826481742,97.31930446310814,0.09731930446310814,342.2356872558594,163.27806091308594
20,964.1120958748681,96.81759429607534,0.09681759429607534,342.3388366699219,163.32964324951172
20,975.9290152048114,96.31847059524364,0.09631847059524364,342.44195556640625,163.3812255859375
20,987.8907720313985,96.31847059524364,0.09631847059524364,342.5450744628906,163.3812255859375
20,999.9991415973846,95.3279293248919,0.0953279293248919,342.648193359375,163.48439025878906
31,0.0278256389269854,2578.4846762932953,2.578484676293295,253.85769653320312,130.57440185546875
31,0.02816669193514825,2578.4846762932953,2.578484676293295,253.9608154296875,130.57440185546875
31,0.02851192515835241,2578.4846762932953,2.578484676293295,254.06393432617188,130.57440185546875
31,0.0288613898326151,2578.4846762932953,2.578484676293295,254.16705322265625,130.57440185546875
31,0.029215243151251565,2578.4846762932953,2.578484676293295,254.27020263671875,130.57440185546875
31,0.029573328246335583,2578.4846762932953,2.578484676293295,254.37332153320312,130.57440185546875
31,0.02993580231517066,2578.4846762932953,2.578484676293295,254.4764404296875,130.57440185546875
31,0.030302719152485617,2551.9713850101107,2.551971385010111,254.57955932617188,130.67755126953125
31,0.03067413321235995,2551.9713850101107,2.551971385010111,254.68267822265625,130.67755126953125
31,0.031050211561200403,2551.9713850101107,2.551971385010111,254.78582763671875,130.67755126953125
31,0.03143078747842651,2551.9713850101107,2.551971385010111,254.88894653320312,130.67755126953125
31,0.03181602803468374,2551.9713850101107,2.551971385010111,254.9920654296875,130.67755126953125
31,0.0322059904034723,2551.9713850101107,2.551971385010111,255.09518432617188,130.67755126953125
31,0.03260073245905601,2551.9713850101107,2.551971385010111,255.19830322265625,130.67755126953125
31,0.033000431761048034,2551.9713850101107,2.551971385010111,255.30145263671875,130.67755126953125
31,0.033404911117382356,2551.9713850101107,2.551971385010111,255.40457153320312,130.67755126953125
31,0.033814348092177086,2551.9713850101107,2.551971385010111,255.5076904296875,130.67755126953125
31,0.034228803449919784,2551.9713850101107,2.551971385010111,255.61080932617188,130.67755126953125
31,0.03464833869987549,2551.9713850101107,2.551971385010111,255.71392822265625,130.67755126953125
31,0.03507314255392745,2551.9713850101107,2.551971385010111,255.81707763671875,130.67755126953125
31,0.03550302669082469,2551.9713850101107,2.551971385010111,255.92019653320312,130.67755126953125
31,0.03593817982723835,2551.9713850101107,2.551971385010111,256.0233154296875,130.67755126953125
31,0.03637866654418809,2525.7268551500815,2.5257268551500816,256.1264343261719,130.7807159423828
31,0.0368245522142496,2525.7268551500815,2.5257268551500816,256.22955322265625,130.7807159423828
31,0.03727603740203457,2525.7268551500815,2.5257268551500816,256.33270263671875,130.7807159423828
31,0.037732921958098645,2525.7268551500815,2.5257268551500816,256.4358215332031,130.7807159423828
31,0.03819540645214214,2525.7268551500815,2.5257268551500816,256.5389404296875,130.7807159423828
31,0.03866355952142791,2525.7268551500815,2.5257268551500816,256.6420593261719,130.7807159423828
31,0.03913745064449131,2525.7268551500815,2.5257268551500816,256.74517822265625,130.7807159423828
31,0.039617292983125815,2525.7268551500815,2.5257268551500816,256.84832763671875,130.7807159423828
31,0.04010287381678135,2525.7268551500815,2.5257268551500816,256.9514465332031,130.7807159423828
31,0.04059440631265961,2525.7268551500815,2.5257268551500816,257.0545654296875,130.7807159423828
31,0.04109196341903358,2525.7268551500815,2.5257268551500816,257.1576843261719,130.7807159423828
31,0.04159561897828787,2525.7268551500815,2.5257268551500816,257.26080322265625,130.7807159423828
31,0.042105599540608954,2525.7268551500815,2.5257268551500816,257.36395263671875,130.7807159423828
31,0.04262167902476766,2525.7268551500815,2.5257268551500816,257.4670715332031,130.7807159423828
31,0.04314408398669831,2525.7268551500815,2.5257268551500816,257.5701904296875,130.7807159423828
31,0.04367289195645257,2499.7522246124427,2.499752224612443,257.6733093261719,130.88388061523438
31,0.04420818141435157,2499.7522246124427,2.499752224612443,257.77642822265625,130.88388061523438
31,0.044750193139880906,2499.7522246124427,2.499752224612443,257.87957763671875,130.88388061523438
31,0.04529868685196684,2499.7522246124427,2.499752224612443,257.9826965332031,130.88388061523438
31,0.045853903336203886,2499.7522246124427,2.499752224612443,258.0858154296875,130.88388061523438
31,0.04641592499219734,2499.7522246124427,2.499752224612443,258.1889343261719,130.88388061523438
31,0.046984835229507214,2499.7522246124427,2.499752224612443,258.29205322265625,130.88388061523438
31,0.04756088995064056,2499.7522246124427,2.499752224612443,258.39520263671875,130.88388061523438
31,0.04814383378280671,2499.7522246124427,2.499752224612443,258.4983215332031,130.88388061523438
31,0.048733922635005346,2499.7522246124427,2.499752224612443,258.6014404296875,130.88388061523438
31,0.04933124408224531,2499.7522246124427,2.499752224612443,258.7045593261719,130.88388061523438
31,0.04993588677292398,2499.7522246124427,2.499752224612443,258.80767822265625,130.88388061523438
31,0.05054812268242567,2499.7522246124427,2.499752224612443,258.91082763671875,130.88388061523438
31,0.051167680398353135,2499.7522246124427,2.499752224612443,259.0139465332031,130.88388061523438
31,0.051794831902991174,2474.0409350453187,2.474040935045319,259.1170654296875,130.987060546875
31,0.052429670271811994,2474.0409350453187,2.474040935045319,259.2201843261719,130.987060546875
31,0.05307228972109428,2474.0409350453187,2.474040935045319,259.32330322265625,130.987060546875
31,0.05372297930861452,2474.0409350453187,2.474040935045319,259.42645263671875,130.987060546875
31,0.05438145057494378,2474.0409350453187,2.474040935045319,259.5295715332031,130.987060546875
31,0.055047992585192364,2474.0409350453187,2.474040935045319,259.6326904296875,130.987060546875
31,0.055722704260772214,2474.0409350453187,2.474040935045319,259.7358093261719,130.987060546875
31,0.05640568573555426,2474.0409350453187,2.474040935045319,259.83892822265625,130.987060546875
31,0.05709724422262807,2474.0409350453187,2.474040935045319,259.94207763671875,130.987060546875
31,0.05779707314483302,2474.0409350453187,2.474040935045319,260.0451965332031,130.987060546875
31,0.05850547972305308,2474.0409350453187,2.474040935045319,260.1483154296875,130.987060546875
31,0.05922256909181532,2474.0409350453187,2.474040935045319,260.2514343261719,130.987060546875
31,0.059948447674258505,2474.0409350453187,2.474040935045319,260.35455322265625,130.987060546875
31,0.06068344197909507,2448.5978436469904,2.4485978436469904,260.45770263671875,131.09022521972656
31,0.06142722617348332,2448.5978436469904,2.4485978436469904,260.5608215332031,131.09022521972656
31,0.06218012677441971,2448.5978436469904,2.4485978436469904,260.6639404296875,131.09022521972656
31,0.06294225551978326,2448.5978436469904,2.4485978436469904,260.7670593261719,131.09022521972656
31,0.06371372551700077,2448.5978436469904,2.4485978436469904,260.87017822265625,131.09022521972656
31,0.06449488378233853,2448.5978436469904,2.4485978436469904,260.97332763671875,131.09022521972656
31,0.06528538401785147,2448.5978436469904,2.4485978436469904,261.0764465332031,131.09022521972656
31,0.06608557324861022,2448.5978436469904,2.4485978436469904,261.1795654296875,131.09022521972656
31,0.06689557023059316,2448.5978436469904,2.4485978436469904,261.2826843261719,131.09022521972656
31,0.06771549517534568,2448.5978436469904,2.4485978436469904,261.38580322265625,131.09022521972656
31,0.06854571689473876,2448.5978436469904,2.4485978436469904,261.48895263671875,131.09022521972656
31,0.06938586734033939,2448.5978436469904,2.4485978436469904,261.5920715332031,131.09022521972656
31,0.07023631533337582,2423.4164095602823,2.423416409560282,261.6951904296875,131.19338989257812
31,0.07109718708872272,2423.4164095602823,2.423416409560282,261.7983093261719,131.19338989257812
31,0.0719686103682439,2423.4164095602823,2.423416409560282,261.90142822265625,131.19338989257812
31,0.07285097714836611,2423.4164095602823,2.423416409560282,262.00457763671875,131.19338989257812
31,0.07374389626405109,2423.4164095602823,2.423416409560282,262.1076965332031,131.19338989257812
31,0.07464775970167055,2423.4164095602823,2.423416409560282,262.2108154296875,131.19338989257812
31,0.07556270160347833,2423.4164095602823,2.423416409560282,262.3139343261719,131.19338989257812
31,0.07648885775588156,2423.4164095602823,2.423416409560282,262.41705322265625,131.19338989257812
31,0.07742636560959282,2423.4164095602823,2.423416409560282,262.5201721191406,131.19338989257812
31,0.07837564686665667,2423.4164095602823,2.423416409560282,262.6233215332031,131.19338989257812
31,0.07933628069794885,2423.4164095602823,2.423416409560282,262.7264404296875,131.19338989257812
31,0.08030868881621296,2423.4164095602823,2.423416409560282,262.8295593261719,131.19338989257812
31,0.0812930155364099,2398.4976090888804,2.3984976090888805,262.93267822265625,131.29653930664062
31,0.08228940694233856,2398.4976090888804,2.3984976090888805,263.0357971191406,131.29653930664062
31,0.08329831122255676,2398.4976090888804,2.3984976090888805,263.1389465332031,131.29653930664062
31,0.08431928111625388,2398.4976090888804,2.3984976090888805,263.2420654296875,131.29653930664062
31,0.08535276482335889,2398.4976090888804,2.3984976090888805,263.3451843261719,131.29653930664062
31,0.08639891572305278,2398.4976090888804,2.3984976090888805,263.44830322265625,131.29653930664062
31,0.08745788907445277,2398.4976090888804,2.3984976090888805,263.5514221191406,131.29653930664062
31,0.08852984203965451,2398.4976090888804,2.3984976090888805,263.654541015625,131.29653930664062
31,0.08961525679569275,2398.4976090888804,2.3984976090888805,263.7576904296875,131.29653930664062
31,0.09071365216363583,2398.4976090888804,2.3984976090888805,263.8608093261719,131.29653930664062
31,0.09182551033275199,2398.4976090888804,2.3984976090888805,263.96392822265625,131.29653930664062
31,0.0929509963137658,2398.4976090888804,2.3984976090888805,264.0670471191406,131.29653930664062
31,0.09409027713990345,2373.827777436705,2.373827777436705,264.170166015625,131.39971923828125
31,0.09524386527306238,2373.827777436705,2.373827777436705,264.2733154296875,131.39971923828125
31,0.09641124931213768,2373.827777436705,2.373827777436705,264.3764343261719,131.39971923828125
31,0.0975929417320287,2373.827777436705,2.373827777436705,264.47955322265625,131.39971923828125
31,0.09878911790755183,2373.827777436705,2.373827777436705,264.5826721191406,131.39971923828125
31,0.09999995536305588,2373.827777436705,2.373827777436705,264.685791015625,131.39971923828125
31,0.1012259987474506,2373.827777436705,2.373827777436705,264.7889404296875,131.39971923828125
31,0.10246670453924557,2373.827777436705,2.373827777436705,264.8920593261719,131.39971923828125
31,0.1037226174011692,2373.827777436705,2.373827777436705,264.99517822265625,131.39971923828125
31,0.1049939237230839,2373.827777436705,2.373827777436705,265.0982971191406,131.39971923828125
31,0.10628081217939359,2373.827777436705,2.373827777436705,265.201416015625,131.39971923828125
31,0.10758347375704454,2349.4152803556467,2.3494152803556467,265.3045349121094,131.5028839111328
31,0.10890249440851532,2349.4152803556467,2.3494152803556467,265.4076843261719,131.5028839111328
31,0.11023728939424489,2349.4152803556467,2.3494152803556467,265.51080322265625,131.5028839111328
31,0.11158844468157827,2349.4152803556467,2.3494152803556467,265.6139221191406,131.5028839111328
31,0.11295616079529372,2349.4152803556467,2.3494152803556467,265.717041015625,131.5028839111328
31,0.11434064071795959,2349.4152803556467,2.3494152803556467,265.8201599121094,131.5028839111328
31,0.11574250720490703,2349.4152803556467,2.3494152803556467,265.9233093261719,131.5028839111328
31,0.11716113878990404,2349.4152803556467,2.3494152803556467,266.02642822265625,131.5028839111328
31,0.11859715824408196,2349.4152803556467,2.3494152803556467,266.1295471191406,131.5028839111328
31,0.12005077868689891,2349.4152803556467,2.3494152803556467,266.232666015625,131.5028839111328
31,0.12152221584997344,2337.3033408053225,2.3373033408053225,266.3357849121094,131.5544662475586
31,0.12301213160302478,2325.2538419315797,2.3252538419315796,266.4389343261719,131.60604858398438
31,0.1245198654463993,2325.2538419315797,2.3252538419315796,266.54205322265625,131.60604858398438
31,0.12604607926660893,2325.2538419315797,2.3252538419315796,266.6451721191406,131.60604858398438
31,0.12759099956884568,2325.2538419315797,2.3252538419315796,266.748291015625,131.60604858398438
31,0.12915485563452825,2325.2538419315797,2.3252538419315796,266.8514099121094,131.60604858398438
31,0.13073835090448385,2325.2538419315797,2.3252538419315796,266.9545593261719,131.60604858398438
31,0.1323407833940028,2325.2538419315797,2.3252538419315796,267.05767822265625,131.60604858398438
31,0.1339628565617596,2325.2538419315797,2.3252538419315796,267.1607971191406,131.60604858398438
31,0.13560481113941952,2325.2538419315797,2.3252538419315796,267.263916015625,131.60604858398438
31,0.13726689080924526,2325.2538419315797,2.3252538419315796,267.3670349121094,131.60604858398438
31,0.13894984319419487,2301.3408802717536,2.3013408802717534,267.4701843261719,131.70921325683594
31,0.14065292221888448,2301.3408802717536,2.3013408802717534,267.57330322265625,131.70921325683594
31,0.1423768755252405,2301.3408802717536,2.3013408802717534,267.6764221191406,131.70921325683594
31,0.14412195896494615,2301.3408802717536,2.3013408802717534,267.779541015625,131.70921325683594
31,0.14588843152560488,2301.3408802717536,2.3013408802717534,267.8826599121094,131.70921325683594
31,0.14767708778732327,2301.3408802717536,2.3013408802717534,267.9858093261719,131.70921325683594
31,0.14948713481476997,2301.3408802717536,2.3013408802717534,268.08892822265625,131.70921325683594
31,0.15131936720821124,2301.3408802717536,2.3013408802717534,268.1920471191406,131.70921325683594
31,0.15317405688901528,2301.3408802717536,2.3013408802717534,268.295166015625,131.70921325683594
31,0.15505147911143344,2277.6738400356585,2.2776738400356584,268.3982849121094,131.8123779296875
31,0.15695247836203333,2277.6738400356585,2.2776738400356584,268.5014343261719,131.8123779296875
31,0.1588762119023285,2277.6738400356585,2.2776738400356584,268.60455322265625,131.8123779296875
31,0.16082352424031252,2277.6738400356585,2.2776738400356584,268.7076721191406,131.8123779296875
31,0.16279470437635304,2277.6738400356585,2.2776738400356584,268.810791015625,131.8123779296875
31,0.16479004485303447,2277.6738400356585,2.2776738400356584,268.9139099121094,131.8123779296875
31,0.16680984179857428,2277.6738400356585,2.2776738400356584,269.01702880859375,131.8123779296875
31,0.16885500374136275,2277.6738400356585,2.2776738400356584,269.12017822265625,131.8123779296875
31,0.170924624033657,2277.6738400356585,2.2776738400356584,269.2232971191406,131.8123779296875
31,0.17301961122689796,2277.6738400356585,2.2776738400356584,269.326416015625,131.8123779296875
31,0.17514027623785927,2254.2467455164406,2.2542467455164408,269.4295349121094,131.91555786132812
31,0.17728693379415583,2254.2467455164406,2.2542467455164408,269.53265380859375,131.91555786132812
31,0.17946054948757098,2254.2467455164406,2.2542467455164408,269.63580322265625,131.91555786132812
31,0.18166015972508956,2254.2467455164406,2.2542467455164408,269.7389221191406,131.91555786132812
31,0.1838867301229934,2254.2467455164406,2.2542467455164408,269.842041015625,131.91555786132812
31,0.1861405911263019,2254.2467455164406,2.2542467455164408,269.9451599121094,131.91555786132812
31,0.18842207723022997,2254.2467455164406,2.2542467455164408,270.04827880859375,131.91555786132812
31,0.19073221467402504,2254.2467455164406,2.2542467455164408,270.15142822265625,131.91555786132812
31,0.19306997934274764,2254.2467455164406,2.2542467455164408,270.2545471191406,131.91555786132812
31,0.19543639750168249,2231.067433598259,2.231067433598259,270.357666015625,132.01870727539062
31,0.19783182035063704,2231.067433598259,2.231067433598259,270.4607849121094,132.01870727539062
31,0.20025660339400075,2231.067433598259,2.231067433598259,270.56390380859375,132.01870727539062
31,0.2027118373276679,2231.067433598259,2.231067433598259,270.66705322265625,132.01870727539062
31,0.20519643371347704,2231.067433598259,2.231067433598259,270.7701721191406,132.01870727539062
31,0.20771148327499497,2231.067433598259,2.231067433598259,270.873291015625,132.01870727539062
31,0.21025735927039582,2231.067433598259,2.231067433598259,270.9764099121094,132.01870727539062
31,0.2128344395328009,2231.067433598259,2.231067433598259,271.07952880859375,132.01870727539062
31,0.2154438832631823,2231.067433598259,2.231067433598259,271.18267822265625,132.01870727539062
31,0.21808453366010583,2231.067433598259,2.231067433598259,271.2857971191406,132.01870727539062
31,0.2207575499539541,2208.1197109142963,2.2081197109142963,271.388916015625,132.12188720703125
31,0.22346332884672335,2208.1197109142963,2.2081197109142963,271.4920349121094,132.12188720703125
31,0.22620227190270284,2208.1197109142963,2.2081197109142963,271.59515380859375,132.12188720703125
31,0.22897561113065037,2208.1197109142963,2.2081197109142963,271.69830322265625,132.12188720703125
31,0.2317821170720575,2208.1197109142963,2.2081197109142963,271.8014221191406,132.12188720703125
31,0.23462302176694,2208.1197109142963,2.2081197109142963,271.904541015625,132.12188720703125
31,0.23749874683358962,2208.1197109142963,2.2081197109142963,272.0076599121094,132.12188720703125
31,0.24040971905798472,2208.1197109142963,2.2081197109142963,272.11077880859375,132.12188720703125
31,0.24335724782962387,2185.4147006336952,2.1854147006336953,272.21392822265625,132.22503662109375
31,0.2463400264694356,2185.4147006336952,2.1854147006336953,272.3170471191406,132.22503662109375
31,0.24935936440013942,2185.4147006336952,2.1854147006336953,272.420166015625,132.22503662109375
31,0.25241570972128013,2185.4147006336952,2.1854147006336953,272.5232849121094,132.22503662109375
31,0.25550951602466443,2185.4147006336952,2.1854147006336953,272.62640380859375,132.22503662109375
31,0.258642174940707,2185.4147006336952,2.1854147006336953,272.72955322265625,132.22503662109375
31,0.2618122977196583,2185.4147006336952,2.1854147006336953,272.8326721191406,132.22503662109375
31,0.2650212760272406,2185.4147006336952,2.1854147006336953,272.935791015625,132.22503662109375
31,0.2682695861075023,2185.4147006336952,2.1854147006336953,273.0389099121094,132.22503662109375
31,0.2715577100417144,2162.9365407428845,2.1629365407428844,273.14202880859375,132.32821655273438
31,0.2748871268666446,2162.9365407428845,2.1629365407428844,273.24517822265625,132.32821655273438
31,0.27825636060712094,2162.9365407428845,2.1629365407428844,273.3482971191406,132.32821655273438
31,0.28166689033743636,2162.9365407428845,2.1629365407428844,273.451416015625,132.32821655273438
31,0.28511922221385894,2162.9365407428845,2.1629365407428844,273.5545349121094,132.32821655273438
31,0.288613868596508,2162.9365407428845,2.1629365407428844,273.65765380859375,132.32821655273438
31,0.292152401418374,2162.9365407428845,2.1629365407428844,273.76080322265625,132.32821655273438
31,0.29573325200035677,2162.9365407428845,2.1629365407428844,273.8639221191406,132.32821655273438
31,0.29935799231532895,2140.692853779032,2.140692853779032,273.967041015625,132.43138122558594
31,0.3030271603105235,2140.692853779032,2.140692853779032,274.0701599121094,132.43138122558594
31,0.30674130052667936,2140.692853779032,2.140692853779032,274.17327880859375,132.43138122558594
31,0.3105020836276917,2140.692853779032,2.140692853779032,274.27642822265625,132.43138122558594
31,0.31430784240792786,2140.692853779032,2.140692853779032,274.3795471191406,132.43138122558594
31,0.3181602475736702,2140.692853779032,2.140692853779032,274.482666015625,132.43138122558594
31,0.32205987085986193,2140.692853779032,2.140692853779032,274.5857849121094,132.43138122558594
31,0.3260072910090816,2140.692853779032,2.140692853779032,274.68890380859375,132.43138122558594
31,0.3300042836172783,2118.677921381219,2.1186779213812192,274.79205322265625,132.5345458984375
31,0.33404907676397394,2118.677921381219,2.1186779213812192,274.8951721191406,132.5345458984375
31,0.33814344609016705,2118.677921381219,2.1186779213812192,274.998291015625,132.5345458984375
31,0.3422879992406703,2118.677921381219,2.1186779213812192,275.1014099121094,132.5345458984375
31,0.346483351308071,2118.677921381219,2.1186779213812192,275.20452880859375,132.5345458984375
31,0.3507313894110071,2118.677921381219,2.1186779213812192,275.30767822265625,132.5345458984375
31,0.35503023033716297,2118.677921381219,2.1186779213812192,275.4107971191406,132.5345458984375
31,0.3593817612530554,2118.677921381219,2.1186779213812192,275.513916015625,132.5345458984375
31,0.3637866279688148,2096.8861849844025,2.0968861849844025,275.6170349121094,132.63772583007812
31,0.3682454842101304,2096.8861849844025,2.0968861849844025,275.72015380859375,132.63772583007812
31,0.3727603356229127,2096.8861849844025,2.0968861849844025,275.82330322265625,132.63772583007812
31,0.3773291807129241,2096.8861849844025,2.0968861849844025,275.9264221191406,132.63772583007812
31,0.38195402517696125,2096.8861849844025,2.0968861849844025,276.029541015625,132.63772583007812
31,0.38663555538758215,2096.8861849844025,2.0968861849844025,276.1326599121094,132.63772583007812
31,0.3913744661300689,2096.8861849844025,2.0968861849844025,276.23577880859375,132.63772583007812
31,0.3961728890221361,2096.8861849844025,2.0968861849844025,276.33892822265625,132.63772583007812
31,0.4010286968585028,2075.3249344090846,2.0753249344090845,276.4420471191406,132.74087524414062
31,0.40594402131096585,2075.3249344090846,2.0753249344090845,276.545166015625,132.74087524414062
31,0.41091959186218,2075.3249344090846,2.0753249344090845,276.6482849121094,132.74087524414062
31,0.41595614693591576,2075.3249344090846,2.0753249344090845,276.75140380859375,132.74087524414062
31,0.42105595203380386,2075.3249344090846,2.0753249344090845,276.85455322265625,132.74087524414062
31,0.42621674634378587,2075.3249344090846,2.0753249344090845,276.9576721191406,132.74087524414062
31,0.4314407954249718,2075.3249344090846,2.0753249344090845,277.060791015625,132.74087524414062
31,0.43672887457779797,2075.3249344090846,2.0753249344090845,277.1639099121094,132.74087524414062
31,0.44208176860539505,2053.9822471319912,2.0539822471319913,277.26702880859375,132.8440399169922
31,0.44750188530237106,2053.9822471319912,2.0539822471319913,277.37017822265625,132.8440399169922
31,0.45298682185823597,2053.9822471319912,2.0539822471319913,277.4732971191406,132.8440399169922
31,0.458538986128687,2053.9822471319912,2.0539822471319913,277.576416015625,132.8440399169922
31,0.46415920210969247,2053.9822471319912,2.0539822471319913,277.6795349121094,132.8440399169922
31,0.46984830389676613,2053.9822471319912,2.0539822471319913,277.78265380859375,132.8440399169922
31,0.47560885051471513,2053.9822471319912,2.0539822471319913,277.88580322265625,132.8440399169922
31,0.4814382882358957,2032.8590485203376,2.0328590485203377,277.9889221191406,132.94720458984375
31,0.4873391761500412,2032.8590485203376,2.0328590485203377,278.092041015625,132.94720458984375
31,0.49331239000715,2032.8590485203376,2.0328590485203377,278.1951599121094,132.94720458984375
31,0.4993588162911042,2032.8590485203376,2.0328590485203377,278.29827880859375,132.94720458984375
31,0.5054811747554667,2032.8590485203376,2.0328590485203377,278.40142822265625,132.94720458984375
31,0.5116767512765453,2032.8590485203376,2.0328590485203377,278.5045471191406,132.94720458984375
31,0.5179482656769072,2032.8590485203376,2.0328590485203377,278.607666015625,132.94720458984375
31,0.5242966487111788,2011.9500051635473,2.0119500051635475,278.7107849121094,133.05038452148438
31,0.53072284254205,2011.9500051635473,2.0119500051635475,278.81390380859375,133.05038452148438
31,0.5372297377469877,2011.9500051635473,2.0119500051635475,278.91705322265625,133.05038452148438
31,0.543814449732,2011.9500051635473,2.0119500051635475,279.0201721191406,133.05038452148438
31,0.5504798691478918,2011.9500051635473,2.0119500051635475,279.123291015625,133.05038452148438
31,0.5572269852086809,2011.9500051635473,2.0119500051635475,279.2264099121094,133.05038452148438
31,0.5640567992529733,2011.9500051635473,2.0119500051635475,279.32952880859375,133.05038452148438
31,0.5709723834113484,1991.2590670528948,1.991259067052895,279.43267822265625,133.15354919433594
31,0.5779706719125155,1991.2590670528948,1.991259067052895,279.5357971191406,133.15354919433594
31,0.5850547369649984,1991.2590670528948,1.991259067052895,279.638916015625,133.15354919433594
31,0.5922256299139588,1991.2590670528948,1.991259067052895,279.7420349121094,133.15354919433594
31,0.599484414990675,1991.2590670528948,1.991259067052895,279.84515380859375,133.15354919433594
31,0.6068343572819351,1991.2590670528948,1.991259067052895,279.94830322265625,133.15354919433594
31,0.6142721984596576,1991.2590670528948,1.991259067052895,280.0514221191406,133.15354919433594
31,0.621801203693471,1970.7809150049177,1.9707809150049178,280.154541015625,133.2567138671875
31,0.6294224903620504,1970.7809150049177,1.9707809150049178,280.2576599121094,133.2567138671875
31,0.6371371895395469,1970.7809150049177,1.9707809150049178,280.36077880859375,133.2567138671875
31,0.6449487713882663,1970.7809150049177,1.9707809150049178,280.46392822265625,133.2567138671875
31,0.6528537729291144,1970.7809150049177,1.9707809150049178,280.5670471191406,133.2567138671875
31,0.66085566441244,1970.7809150049177,1.9707809150049178,280.670166015625,133.2567138671875
31,0.6689556333979048,1970.7809150049177,1.9707809150049178,280.7732849121094,133.2567138671875
31,0.677154882000839,1950.516342973417,1.9505163429734171,280.87640380859375,133.35986328125
31,0.6854570983395718,1950.516342973417,1.9505163429734171,280.97955322265625,133.35986328125
31,0.6938586019301531,1950.516342973417,1.9505163429734171,281.0826721191406,133.35986328125
31,0.702363080984485,1950.516342973417,1.9505163429734171,281.185791015625,133.35986328125
31,0.7109717976511838,1950.516342973417,1.9505163429734171,281.2889099121094,133.35986328125
31,0.7196860295487568,1950.516342973417,1.9505163429734171,281.39202880859375,133.35986328125
31,0.7285096964410676,1930.4542384152833,1.9304542384152834,281.49517822265625,133.46304321289062
31,0.7374388866781361,1930.4542384152833,1.9304542384152834,281.5982971191406,133.46304321289062
31,0.746477520123276,1930.4542384152833,1.9304542384152834,281.701416015625,133.46304321289062
31,0.755626938198887,1930.4542384152833,1.9304542384152834,281.8045349121094,133.46304321289062
31,0.764888498768901,1930.4542384152833,1.9304542384152834,281.90765380859375,133.46304321289062
31,0.7742663677920473,1930.4542384152833,1.9304542384152834,282.01080322265625,133.46304321289062
31,0.7837563879331018,1930.4542384152833,1.9304542384152834,282.1139221191406,133.46304321289062
31,0.7933627252564903,1910.601404562562,1.9106014045625621,282.217041015625,133.5662078857422
31,0.8030868054374701,1910.601404562562,1.9106014045625621,282.3201599121094,133.5662078857422
31,0.8129300716255007,1910.601404562562,1.9106014045625621,282.42327880859375,133.5662078857422
31,0.8228969514373309,1910.601404562562,1.9106014045625621,282.52642822265625,133.5662078857422
31,0.8329830264213473,1910.601404562562,1.9106014045625621,282.6295471191406,133.5662078857422
31,0.843192724306634,1910.601404562562,1.9106014045625621,282.732666015625,133.5662078857422
31,0.8535275603131097,1890.9527376898898,1.8909527376898898,282.8357849121094,133.66937255859375
31,0.8639890682324256,1890.9527376898898,1.8909527376898898,282.93890380859375,133.66937255859375
31,0.8745788006555945,1890.9527376898898,1.8909527376898898,283.0420227050781,133.66937255859375
31,0.8853015209686457,1890.9527376898898,1.8909527376898898,283.1451721191406,133.66937255859375
31,0.8961524756457253,1890.9527376898898,1.8909527376898898,283.248291015625,133.66937255859375
31,0.907136428193717,1890.9527376898898,1.8909527376898898,283.3514099121094,133.66937255859375
31,0.9182550087395721,1890.9527376898898,1.8909527376898898,283.45452880859375,133.66937255859375
31,0.9295098673903655,1871.5061381395544,1.8715061381395544,283.5576477050781,133.7725372314453
31,0.9409060667137162,1871.5061381395544,1.8715061381395544,283.6607971191406,133.7725372314453
31,0.9524385546214845,1871.5061381395544,1.8715061381395544,283.763916015625,133.7725372314453
31,0.9641123938097343,1871.5061381395544,1.8715061381395544,283.8670349121094,133.7725372314453
31,0.9759293167914025,1871.5061381395544,1.8715061381395544,283.97015380859375,133.7725372314453
31,0.9878910773144728,1871.5061381395544,1.8715061381395544,284.0732727050781,133.7725372314453
31,0.9999994506222493,1852.2595278467684,1.8522595278467684,284.1763916015625,133.87570190429688
31,1.0122598832032694,1852.2595278467684,1.8522595278467684,284.279541015625,133.87570190429688
31,1.0246669398431885,1852.2595278467684,1.8522595278467684,284.3826599121094,133.87570190429688
31,1.0372260671687294,1852.2595278467684,1.8522595278467684,284.48577880859375,133.87570190429688
31,1.049939129078325,1852.2595278467684,1.8522595278467684,284.5888977050781,133.87570190429688
31,1.062808012315819,1852.2595278467684,1.8522595278467684,284.6920166015625,133.87570190429688
31,1.075838505456048,1833.208047221997,1.8332080472219972,284.795166015625,133.9788818359375
31,1.0890248319064848,1833.208047221997,1.8332080472219972,284.8982849121094,133.9788818359375
31,1.1023727803888301,1833.208047221997,1.8332080472219972,285.00140380859375,133.9788818359375
31,1.115884331870361,1833.208047221997,1.8332080472219972,285.1045227050781,133.9788818359375
31,1.1295614915986536,1833.208047221997,1.8332080472219972,285.2076416015625,133.9788818359375
31,1.143410411720804,1833.208047221997,1.8332080472219972,285.310791015625,133.9788818359375
31,1.157424952824617,1814.3580694092334,1.8143580694092334,285.4139099121094,134.08203125
31,1.1716112672132781,1814.3580694092334,1.8143580694092334,285.51702880859375,134.08203125
31,1.1859714602758373,1814.3580694092334,1.8143580694092334,285.6201477050781,134.08203125
31,1.2005076632066565,1814.3580694092334,1.8143580694092334,285.7232666015625,134.08203125
31,1.2152220333216983,1814.3580694092334,1.8143580694092334,285.8263854980469,134.08203125
31,1.230121189317474,1814.3580694092334,1.8143580694092334,285.9295349121094,134.08203125
31,1.2451985261981275,1795.696425570408,1.7956964255704082,286.03265380859375,134.18521118164062
31,1.2604606628280957,1795.696425570408,1.7956964255704082,286.1357727050781,134.18521118164062
31,1.2759098642590665,1795.696425570408,1.7956964255704082,286.2388916015625,134.18521118164062
31,1.2915484233049899,1795.696425570408,1.7956964255704082,286.3420104980469,134.18521118164062
31,1.3073833743734133,1795.696425570408,1.7956964255704082,286.4451599121094,134.18521118164062
31,1.3234076976179632,1795.696425570408,1.7956964255704082,286.54827880859375,134.18521118164062
31,1.3396284276246606,1777.2321613360505,1.7772321613360504,286.6513977050781,134.28836059570312
31,1.3560479717099094,1777.2321613360505,1.7772321613360504,286.7545166015625,134.28836059570312
31,1.3726687666960857,1777.2321613360505,1.7772321613360504,286.8576354980469,134.28836059570312
31,1.3894932792731851,1777.2321613360505,1.7772321613360504,286.96075439453125,134.28836059570312
31,1.4065290773045829,1777.2321613360505,1.7772321613360504,287.06390380859375,134.28836059570312
31,1.4237686085923271,1758.9523773325755,1.7589523773325755,287.1670227050781,134.39154052734375
31,1.4412194411918018,1758.9523773325755,1.7589523773325755,287.2701416015625,134.39154052734375
31,1.4588841649787747,1758.9523773325755,1.7589523773325755,287.3732604980469,134.39154052734375
31,1.4767654015725775,1758.9523773325755,1.7589523773325755,287.47637939453125,134.39154052734375
31,1.4948711941634607,1758.9523773325755,1.7589523773325755,287.57952880859375,134.39154052734375
31,1.5131935162105208,1758.9523773325755,1.7589523773325755,287.6826477050781,134.39154052734375
31,1.531740411108076,1740.8632723918117,1.7408632723918118,287.7857666015625,134.4947052001953
31,1.5505146313983555,1740.8632723918117,1.7408632723918118,287.8888854980469,134.4947052001953
31,1.5695189633609212,1740.8632723918117,1.7408632723918118,287.99200439453125,134.4947052001953
31,1.588761955367512,1740.8632723918117,1.7408632723918118,288.09515380859375,134.4947052001953
31,1.6082350767414577,1740.8632723918117,1.7408632723918118,288.1982727050781,134.4947052001953
31,1.6279468760713827,1722.960196204173,1.722960196204173,288.3013916015625,134.59786987304688
31,1.6479002787828296,1722.960196204173,1.722960196204173,288.4045104980469,134.59786987304688
31,1.6680982461576679,1722.960196204173,1.722960196204173,288.50762939453125,134.59786987304688
31,1.688543775773576,1722.960196204173,1.722960196204173,288.6107482910156,134.59786987304688
31,1.7092460642699254,1722.960196204173,1.722960196204173,288.7138977050781,134.59786987304688
31,1.7301959340443236,1722.960196204173,1.722960196204173,288.8170166015625,134.59786987304688
31,1.7514025819694743,1714.0778202706679,1.714077820270668,288.9201354980469,134.64945220947266
31,1.7728691553212035,1705.241235645866,1.7052412356458662,289.02325439453125,134.70103454589844
31,1.7945988399508364,1705.241235645866,1.7052412356458662,289.1263732910156,134.70103454589844
31,1.8166014101257526,1705.241235645866,1.7052412356458662,289.2295227050781,134.70103454589844
31,1.8388671118112372,1705.241235645866,1.7052412356458662,289.3326416015625,134.70103454589844
31,1.8614057195226574,1705.241235645866,1.7052412356458662,289.4357604980469,134.70103454589844
31,1.8842205782118164,1687.7044972677106,1.6877044972677107,289.53887939453125,134.80419921875
31,1.907315073828888,1687.7044972677106,1.6877044972677107,289.6419982910156,134.80419921875
31,1.9306995945492658,1687.7044972677106,1.6877044972677107,289.7451477050781,134.80419921875
31,1.954363773701006,1687.7044972677106,1.6877044972677107,289.8482666015625,134.80419921875
31,1.9783179997230653,1687.7044972677106,1.6877044972677107,289.9513854980469,134.80419921875
31,2.002565827658974,1670.348107092798,1.6703481070927981,290.05450439453125,134.90736389160156
31,2.0271108561256828,1670.348107092798,1.6703481070927981,290.1576232910156,134.90736389160156
31,2.0519641257652985,1670.348107092798,1.6703481070927981,290.2607727050781,134.90736389160156
31,2.0771146187897664,1670.348107092798,1.6703481070927981,290.3638916015625,134.90736389160156
31,2.10257337612131,1670.348107092798,1.6703481070927981,290.4670104980469,134.90736389160156
31,2.1283441760907533,1653.1702104162384,1.6531702104162385,290.57012939453125,135.01052856445312
31,2.1544308433391257,1653.1702104162384,1.6531702104162385,290.6732482910156,135.01052856445312
31,2.1808451119557666,1653.1702104162384,1.6531702104162385,290.7763977050781,135.01052856445312
31,2.2075752721408195,1653.1702104162384,1.6531702104162385,290.8795166015625,135.01052856445312
31,2.2346330582813336,1653.1702104162384,1.6531702104162385,290.9826354980469,135.01052856445312
31,2.2620224860197884,1636.1689716069689,1.636168971606969,291.08575439453125,135.1136932373047
31,2.289747620217547,1636.1689716069689,1.636168971606969,291.1888732910156,135.1136932373047
31,2.317820931965628,1636.1689716069689,1.636168971606969,291.2920227050781,135.1136932373047
31,2.3462299759880842,1636.1689716069689,1.636168971606969,291.3951416015625,135.1136932373047
31,2.374987223692343,1636.1689716069689,1.636168971606969,291.4982604980469,135.1136932373047
31,2.4040969429377497,1619.3425739115958,1.6193425739115959,291.60137939453125,135.21685791015625
31,2.433563453893904,1619.3425739115958,1.6193425739115959,291.7044982910156,135.21685791015625
31,2.4634000109435457,1619.3425739115958,1.6193425739115959,291.8076477050781,135.21685791015625
31,2.4935933871404137,1619.3425739115958,1.6193425739115959,291.9107666015625,135.21685791015625
31,2.52415683720353,1619.3425739115958,1.6193425739115959,292.0138854980469,135.21685791015625
31,2.555094897050494,1610.99314629137,1.61099314629137,292.11700439453125,135.26844787597656
31,2.5864121581946935,1602.686768821686,1.602686768821686,292.2201232910156,135.32003784179688
31,2.6181227075080407,1602.686768821686,1.602686768821686,292.3232727050781,135.32003784179688
31,2.650212487278349,1602.686768821686,1.602686768821686,292.4263916015625,135.32003784179688
31,2.6826955847349345,1602.686768821686,1.602686768821686,292.5295104980469,135.32003784179688
31,2.7155768206900133,1602.686768821686,1.602686768821686,292.63262939453125,135.32003784179688
31,2.7488610750434845,1586.2071280744854,1.5862071280744854,292.7357482910156,135.42318725585938
31,2.782563319443909,1586.2071280744854,1.5862071280744854,292.8388977050781,135.42318725585938
31,2.816668613233932,1586.2071280744854,1.5862071280744854,292.9420166015625,135.42318725585938
31,2.8511919284419673,1586.2071280744854,1.5862071280744854,293.0451354980469,135.42318725585938
31,2.88613838866868,1586.2071280744854,1.5862071280744854,293.14825439453125,135.42318725585938
31,2.9215131803136307,1569.892138780022,1.569892138780022,293.2513732910156,135.5263671875
31,2.9573322153736084,1569.892138780022,1.569892138780022,293.3545227050781,135.5263671875
31,2.9935796147895446,1569.892138780022,1.569892138780022,293.4576416015625,135.5263671875
31,3.0302712909619403,1569.892138780022,1.569892138780022,293.5607604980469,135.5263671875
31,3.0674126892976243,1553.7497091036541,1.553749709103654,293.66387939453125,135.6295166015625
31,3.105009321946634,1553.7497091036541,1.553749709103654,293.7669982910156,135.6295166015625
31,3.1430781003159396,1553.7497091036541,1.553749709103654,293.8701477050781,135.6295166015625
31,3.1816021480050627,1553.7497091036541,1.553749709103654,293.9732666015625,135.6295166015625
31,3.220598376850043,1553.7497091036541,1.553749709103654,294.0763854980469,135.6295166015625
31,3.2600725742760672,1537.7685617354216,1.5377685617354215,294.17950439453125,135.73269653320312
31,3.3000305986435783,1537.7685617354216,1.5377685617354215,294.2826232910156,135.73269653320312
31,3.3404904235412785,1537.7685617354216,1.5377685617354215,294.3857727050781,135.73269653320312
31,3.3814341125856684,1537.7685617354216,1.5377685617354215,294.4888916015625,135.73269653320312
31,3.4228796398214643,1537.7685617354216,1.5377685617354215,294.5920104980469,135.73269653320312
31,3.4648331561739076,1521.9517890214247,1.5219517890214247,294.69512939453125,135.83587646484375
31,3.507300887958837,1521.9517890214247,1.5219517890214247,294.7982482910156,135.83587646484375
31,3.5503019376608282,1521.9517890214247,1.5219517890214247,294.9013977050781,135.83587646484375
31,3.593817242337312,1521.9517890214247,1.5219517890214247,295.0045166015625,135.83587646484375
31,3.637865904957526,1521.9517890214247,1.5219517890214247,295.1076354980469,135.83587646484375
31,3.6824544627776867,1506.3023064116242,1.506302306411624,295.21075439453125,135.93902587890625
31,3.727589533179791,1506.3023064116242,1.506302306411624,295.3138732910156,135.93902587890625
31,3.773291418448657,1506.3023064116242,1.506302306411624,295.4170227050781,135.93902587890625
31,3.819539858325053,1506.3023064116242,1.506302306411624,295.5201416015625,135.93902587890625
31,3.8663551556088946,1490.80918097525,1.49080918097525,295.6232604980469,136.04220581054688
31,3.9137442581522874,1490.80918097525,1.49080918097525,295.72637939453125,136.04220581054688
31,3.961714198965702,1490.80918097525,1.49080918097525,295.8294982910156,136.04220581054688
31,4.0102865554919624,1490.80918097525,1.49080918097525,295.9326477050781,136.04220581054688
31,4.059439794953398,1490.80918097525,1.49080918097525,296.0357666015625,136.04220581054688
31,4.109195495340286,1475.479922505633,1.4754799225056332,296.1388854980469,136.14535522460938
31,4.159561040889571,1475.479922505633,1.4754799225056332,296.24200439453125,136.14535522460938
31,4.210543906345235,1475.479922505633,1.4754799225056332,296.3451232910156,136.14535522460938
31,4.262167024398997,1475.479922505633,1.4754799225056332,296.4482727050781,136.14535522460938
31,4.31440750982965,1475.479922505633,1.4754799225056332,296.5513916015625,136.14535522460938
31,4.367288295910748,1460.30382178473,1.46030382178473,296.6545104980469,136.24853515625
31,4.420817230672791,1460.30382178473,1.46030382178473,296.75762939453125,136.24853515625
31,4.4750022583379385,1460.30382178473,1.46030382178473,296.8607482910156,136.24853515625
31,4.5298677519680846,1460.30382178473,1.46030382178473,296.9638977050781,136.24853515625
31,4.585389388953401,1445.2860251586944,1.4452860251586945,297.0670166015625,136.35169982910156
31,4.641591542974163,1445.2860251586944,1.4452860251586945,297.1701354980469,136.35169982910156
31,4.6984825549846505,1445.2860251586944,1.4452860251586945,297.27325439453125,136.35169982910156
31,4.75607086817246,1445.2860251586944,1.4452860251586945,297.3763732910156,136.35169982910156
31,4.814382386437294,1445.2860251586944,1.4452860251586945,297.4795227050781,136.35169982910156
31,4.87339125950034,1430.4226718835127,1.4304226718835127,297.5826416015625,136.45486450195312
31,4.93312339191852,1430.4226718835127,1.4304226718835127,297.6857604980469,136.45486450195312
31,4.993587648529736,1430.4226718835127,1.4304226718835127,297.78887939453125,136.45486450195312
31,5.054793002826355,1430.4226718835127,1.4304226718835127,297.8919982910156,136.45486450195312
31,5.116766985695646,1415.710009101153,1.415710009101153,297.9951477050781,136.55804443359375
31,5.179482123239082,1415.710009101153,1.415710009101153,298.0982666015625,136.55804443359375
31,5.242965947042431,1415.710009101153,1.415710009101153,298.2013854980469,136.55804443359375
31,5.307227878731629,1415.710009101153,1.415710009101153,298.30450439453125,136.55804443359375
31,5.372277455411493,1415.710009101153,1.415710009101153,298.4076232910156,136.55804443359375
31,5.4381439371456795,1401.1529585245403,1.4011529585245404,298.5107727050781,136.66119384765625
31,5.504798124438658,1401.1529585245403,1.4011529585245404,298.6138916015625,136.66119384765625
31,5.572269278096456,1401.1529585245403,1.4011529585245404,298.7170104980469,136.66119384765625
31,5.6405674115041,1401.1529585245403,1.4011529585245404,298.82012939453125,136.66119384765625
31,5.70970266077858,1386.7413504100432,1.3867413504100432,298.9232482910156,136.76437377929688
31,5.77970612376707,1386.7413504100432,1.3867413504100432,299.0263977050781,136.76437377929688
31,5.8505467669947215,1386.7413504100432,1.3867413504100432,299.1295166015625,136.76437377929688
31,5.922255689097706,1386.7413504100432,1.3867413504100432,299.2326354980469,136.76437377929688
31,5.994843532387713,1372.4821703203197,1.3724821703203198,299.33575439453125,136.86752319335938
31,6.068321069617005,1372.4821703203197,1.3724821703203198,299.4388732910156,136.86752319335938
31,6.142721351844888,1372.4821703203197,1.3724821703203198,299.5420227050781,136.86752319335938
31,6.218011396427515,1372.4821703203197,1.3724821703203198,299.6451416015625,136.86752319335938
31,6.2942242552627485,1372.4821703203197,1.3724821703203198,299.7482604980469,136.86752319335938
31,6.371371239090928,1358.3654566079058,1.3583654566079058,299.85137939453125,136.970703125
31,6.449463797285767,1358.3654566079058,1.3583654566079058,299.9544982910156,136.970703125
31,6.528537056797209,1358.3654566079058,1.3583654566079058,300.0576477050781,136.970703125
31,6.6085559633878495,1358.3654566079058,1.3583654566079058,300.1607666015625,136.970703125
31,6.68955564489885,1344.395996371723,1.344395996371723,300.2638854980469,137.07386779785156
31,6.771548122482281,1344.395996371723,1.344395996371723,300.36700439453125,137.07386779785156
31,6.854545564630945,1344.395996371723,1.344395996371723,300.4701232910156,137.07386779785156
31,6.938585304569197,1344.395996371723,1.344395996371723,300.5732727050781,137.07386779785156
31,7.02363008635219,1330.5701983718989,1.330570198371899,300.6763916015625,137.17703247070312
31,7.109717244151483,1330.5701983718989,1.330570198371899,300.7795104980469,137.17703247070312
31,7.196859554150825,1330.5701983718989,1.330570198371899,300.88262939453125,137.17703247070312
31,7.28506994912897,1330.5701983718989,1.330570198371899,300.9857482910156,137.17703247070312
31,7.37438810715769,1323.7107104197717,1.3237107104197716,301.0888977050781,137.2286148071289
31,7.464774432298544,1316.8865851828357,1.3168865851828357,301.1920166015625,137.2801971435547
31,7.556268603629988,1316.8865851828357,1.3168865851828357,301.2951354980469,137.2801971435547
31,7.648884199789945,1316.8865851828357,1.3168865851828357,301.39825439453125,137.2801971435547
31,7.7426349658468485,1316.8865851828357,1.3168865851828357,301.5013732910156,137.2801971435547
31,7.837563071996453,1303.343694572812,1.303343694572812,301.6045227050781,137.38336181640625
31,7.9336264353350066,1303.343694572812,1.303343694572812,301.7076416015625,137.38336181640625
31,8.030867227128189,1303.343694572812,1.303343694572812,301.8107604980469,137.38336181640625
31,8.129299878869109,1303.343694572812,1.303343694572812,301.91387939453125,137.38336181640625
31,8.228938998934645,1289.942051610176,1.2899420516101758,302.0169982910156,137.48651123046875
31,8.329829406171356,1289.942051610176,1.2899420516101758,302.1201477050781,137.48651123046875
31,8.43192637450738,1289.942051610176,1.2899420516101758,302.2232666015625,137.48651123046875
31,8.535274723926394,1289.942051610176,1.2899420516101758,302.3263854980469,137.48651123046875
31,8.639889792343325,1276.6743071964652,1.2766743071964652,302.42950439453125,137.58969116210938
31,8.745787105666706,1276.6743071964652,1.2766743071964652,302.5326232910156,137.58969116210938
31,8.85301429775192,1276.6743071964652,1.2766743071964652,302.6357727050781,137.58969116210938
31,8.961523833345327,1276.6743071964652,1.2766743071964652,302.7388916015625,137.58969116210938
31,9.071363347510852,1263.5449605378165,1.2635449605378164,302.8420104980469,137.69285583496094
31,9.182549141516338,1263.5449605378165,1.2635449605378164,302.94512939453125,137.69285583496094
31,9.295097716430826,1263.5449605378165,1.2635449605378164,303.0482482910156,137.69285583496094
31,9.409059697925297,1263.5449605378165,1.2635449605378164,303.1513977050781,137.69285583496094
31,9.524384565123553,1250.5506363690174,1.2505506363690175,303.2545166015625,137.7960205078125
31,9.641122944981023,1250.5506363690174,1.2505506363690175,303.3576354980469,137.7960205078125
31,9.759292162625286,1250.5506363690174,1.2505506363690175,303.46075439453125,137.7960205078125
31,9.878909755534377,1250.5506363690174,1.2505506363690175,303.5638732910156,137.7960205078125
31,10.000029529106593,1237.6880537444442,1.2376880537444443,303.6670227050781,137.89920043945312
31,10.122597789320436,1237.6880537444442,1.2376880537444443,303.7701416015625,137.89920043945312
31,10.246668342939325,1237.6880537444442,1.2376880537444443,303.8732604980469,137.89920043945312
31,10.37225960325778,1237.6880537444442,1.2376880537444443,303.97637939453125,137.89920043945312
31,10.49939020925822,1224.9615154840665,1.2249615154840665,304.0794982910156,138.00234985351562
31,10.628117345780474,1224.9615154840665,1.2249615154840665,304.1826477050781,138.00234985351562
31,10.758383946356927,1224.9615154840665,1.2249615154840665,304.2857666015625,138.00234985351562
31,10.890247197278278,1224.9615154840665,1.2249615154840665,304.3888854980469,138.00234985351562
31,11.023726668352232,1212.3621306638063,1.2123621306638064,304.49200439453125,138.10552978515625
31,11.15884216924951,1212.3621306638063,1.2123621306638064,304.5951232910156,138.10552978515625
31,11.295654476509478,1212.3621306638063,1.2123621306638064,304.6982727050781,138.10552978515625
31,11.434102939399777,1212.3621306638063,1.2123621306638064,304.8013916015625,138.10552978515625
31,11.57424833600176,1199.8960064294736,1.1998960064294737,304.9045104980469,138.20867919921875
31,11.716111465275283,1199.8960064294736,1.1998960064294737,305.00762939453125,138.20867919921875
31,11.859713381108673,1199.8960064294736,1.1998960064294737,305.1107482910156,138.20867919921875
31,12.005075395443363,1199.8960064294736,1.1998960064294737,305.2138671875,138.20867919921875
31,12.152262893820799,1187.5544337855981,1.187554433785598,305.3170166015625,138.31185913085938
31,12.30121062604713,1187.5544337855981,1.187554433785598,305.4201354980469,138.31185913085938
31,12.451983979322751,1187.5544337855981,1.187554433785598,305.52325439453125,138.31185913085938
31,12.60460532990116,1181.4322349410613,1.1814322349410613,305.6263732910156,138.36344146728516
31,12.759097328296894,1175.341597865507,1.175341597865507,305.7294921875,138.41502380371094
31,12.915529466825491,1175.341597865507,1.175341597865507,305.8326416015625,138.41502380371094
31,13.073832397020023,1175.341597865507,1.175341597865507,305.9357604980469,138.41502380371094
31,13.234075612959126,1175.341597865507,1.175341597865507,306.03887939453125,138.41502380371094
31,13.396282896317393,1163.254359018668,1.1632543590186681,306.1419982910156,138.5181884765625
31,13.560478320256383,1163.254359018668,1.1632543590186681,306.2451171875,138.5181884765625
31,13.726686252997334,1163.254359018668,1.1632543590186681,306.3482360839844,138.5181884765625
31,13.894981456820666,1151.2914256020172,1.1512914256020172,306.4513854980469,138.62135314941406
31,14.065289324203354,1151.2914256020172,1.1512914256020172,306.55450439453125,138.62135314941406
31,14.237684619322641,1151.2914256020172,1.1512914256020172,306.6576232910156,138.62135314941406
31,14.412192927341573,1151.2914256020172,1.1512914256020172,306.7607421875,138.62135314941406
31,14.588840147015164,1151.2914256020172,1.1512914256020172,306.8638610839844,138.62135314941406
31,14.767705736337694,1139.4515192557758,1.139451519255776,306.9670104980469,138.72451782226562
31,14.948710401792377,1139.4515192557758,1.139451519255776,307.07012939453125,138.72451782226562
31,15.131933603389449,1139.4515192557758,1.139451519255776,307.1732482910156,138.72451782226562
31,15.31740253326015,1127.731650514054,1.127731650514054,307.2763671875,138.82769775390625
31,15.505144716823935,1127.731650514054,1.127731650514054,307.3794860839844,138.82769775390625
31,15.695188016873544,1127.731650514054,1.127731650514054,307.48260498046875,138.82769775390625
31,15.887617917117558,1121.91871371907,1.12191871371907,307.58575439453125,138.8792724609375
31,16.082349110798077,1116.1357399336086,1.1161357399336087,307.6888732910156,138.93084716796875
31,16.279467083792518,1116.1357399336086,1.1161357399336087,307.7919921875,138.93084716796875
31,16.479001090353318,1116.1357399336086,1.1161357399336087,307.8951110839844,138.93084716796875
31,16.68098074329611,1116.1357399336086,1.1161357399336087,307.99822998046875,138.93084716796875
31,16.885496895441207,1104.6573754321128,1.1046573754321127,308.10137939453125,139.0340118408203
31,17.092458882032997,1104.6573754321128,1.1046573754321127,308.2044982910156,139.0340118408203
31,17.30195755819686,1104.6573754321128,1.1046573754321127,308.3076171875,139.0340118408203
31,17.51402401560374,1093.2970546836439,1.0932970546836438,308.4107360839844,139.13717651367188
31,17.728689727008675,1093.2970546836439,1.0932970546836438,308.51385498046875,139.13717651367188
31,17.94605125157007,1093.2970546836439,1.0932970546836438,308.61700439453125,139.13717651367188
31,18.166012230006288,1093.2970546836439,1.0932970546836438,308.7201232910156,139.13717651367188
31,18.388669223925604,1082.051909313201,1.0820519093132008,308.8232421875,139.2403564453125
31,18.61405527782315,1082.051909313201,1.0820519093132008,308.9263610839844,139.2403564453125
31,18.842203841213532,1082.051909313201,1.0820519093132008,309.02947998046875,139.2403564453125
31,19.07314877359499,1070.924063675559,1.070924063675559,309.1325988769531,139.34352111816406
31,19.306993956710755,1070.924063675559,1.070924063675559,309.2357482910156,139.34352111816406
31,19.543635723852077,1070.924063675559,1.070924063675559,309.3388671875,139.34352111816406
31,19.78317795939782,1070.924063675559,1.070924063675559,309.4419860839844,139.34352111816406
31,20.02565621377961,1059.9106570472375,1.0599106570472374,309.54510498046875,139.44668579101562
31,20.271106473163268,1059.9106570472375,1.0599106570472374,309.6482238769531,139.44668579101562
31,20.519639143958493,1059.9106570472375,1.0599106570472374,309.7513732910156,139.44668579101562
31,20.77114404829605,1059.9106570472375,1.0599106570472374,309.8544921875,139.44668579101562
31,21.025731595386844,1049.0121164265327,1.0490121164265327,309.9576110839844,139.54983520507812
31,21.2834395685352,1049.0121164265327,1.0490121164265327,310.06072998046875,139.54983520507812
31,21.544306214147472,1049.0121164265327,1.0490121164265327,310.1638488769531,139.54983520507812
31,21.808370247408206,1038.222465348596,1.038222465348596,310.2669677734375,139.65301513671875
31,22.075750447421203,1038.222465348596,1.038222465348596,310.3701171875,139.65301513671875
31,22.346328280954573,1038.222465348596,1.038222465348596,310.4732360839844,139.65301513671875
31,22.62022253012572,1038.222465348596,1.038222465348596,310.57635498046875,139.65301513671875
31,22.89747384354411,1027.5453626768171,1.0275453626768172,310.6794738769531,139.7561798095703
31,23.178123368040637,1027.5453626768171,1.0275453626768172,310.7825927734375,139.7561798095703
31,23.46229734306793,1027.5453626768171,1.0275453626768172,310.8857421875,139.7561798095703
31,23.749869790488145,1016.9780635637829,1.016978063563783,310.9888610839844,139.85934448242188
31,24.04096695295677,1016.9780635637829,1.016978063563783,311.09197998046875,139.85934448242188
31,24.335632032165353,1016.9780635637829,1.016978063563783,311.1950988769531,139.85934448242188
31,24.633908759319503,1016.9780635637829,1.016978063563783,311.2982177734375,139.85934448242188
31,24.9359313027946,1006.5178998650566,1.0065178998650566,311.4013671875,139.9625244140625
31,25.24156577194286,1006.5178998650566,1.0065178998650566,311.5044860839844,139.9625244140625
31,25.5509463385437,1006.5178998650566,1.0065178998650566,311.60760498046875,139.9625244140625
31,25.86411891772631,1006.5178998650566,1.0065178998650566,311.7107238769531,139.9625244140625
31,26.181129987391902,996.1683707380408,0.9961683707380409,311.8138427734375,140.065673828125
31,26.502122142843188,996.1683707380408,0.9961683707380409,311.9169921875,140.065673828125
31,26.82695308394874,996.1683707380408,0.9961683707380409,312.0201110839844,140.065673828125
31,27.155765409629115,985.9222458679542,0.9859222458679542,312.12322998046875,140.16885375976562
31,27.488607918878255,985.9222458679542,0.9859222458679542,312.2263488769531,140.16885375976562
31,27.825530008809157,985.9222458679542,0.9859222458679542,312.3294677734375,140.16885375976562
31,28.166683230935295,985.9222458679542,0.9859222458679542,312.4326171875,140.16885375976562
31,28.51191634745376,975.7844917336737,0.9757844917336738,312.5357360839844,140.27200317382812
31,28.861380913723117,975.7844917336737,0.9757844917336738,312.63885498046875,140.27200317382812
31,29.21512879373362,975.7844917336737,0.9757844917336738,312.7419738769531,140.27200317382812
31,29.573212487161587,965.7480259691665,0.9657480259691665,312.8450927734375,140.37518310546875
31,29.935793064258323,965.7480259691665,0.9657480259691665,312.9482421875,140.37518310546875
31,30.302709788186778,965.7480259691665,0.9657480259691665,313.0513610839844,140.37518310546875
31,30.67412373328488,965.7480259691665,0.9657480259691665,313.15447998046875,140.37518310546875
31,31.050090021047303,955.8162520262109,0.9558162520262109,313.2575988769531,140.4783477783203
31,31.4306644485813,955.8162520262109,0.9558162520262109,313.3607177734375,140.4783477783203
31,31.816018202734583,955.8162520262109,0.9558162520262109,313.4638671875,140.4783477783203
31,32.205980451015016,945.9866166649572,0.9459866166649572,313.5669860839844,140.58151245117188
31,32.600722384613526,945.9866166649572,0.9459866166649572,313.67010498046875,140.58151245117188
31,33.00030258712854,945.9866166649572,0.9459866166649572,313.7732238769531,140.58151245117188
31,33.40478036020528,945.9866166649572,0.9459866166649572,313.8763427734375,140.58151245117188
31,33.81433764269701,936.2580694899845,0.9362580694899845,313.9794921875,140.68467712402344
31,34.228792872362625,936.2580694899845,0.9362580694899845,314.0826110839844,140.68467712402344
31,34.64832799267142,936.2580694899845,0.9362580694899845,314.18572998046875,140.68467712402344
31,35.0730052667754,926.6295709081612,0.9266295709081612,314.2888488769531,140.787841796875
31,35.50288772097287,926.6295709081612,0.9266295709081612,314.3919677734375,140.787841796875
31,35.93816872144108,926.6295709081612,0.9266295709081612,314.4951171875,140.787841796875
31,36.378655302269415,921.8518131577615,0.9218518131577615,314.5982360839844,140.8394317626953
31,36.82454083454109,917.0986898134266,0.9170986898134267,314.70135498046875,140.89102172851562
31,37.275891492069235,917.0986898134266,0.9170986898134267,314.8044738769531,140.89102172851562
31,37.732774259745526,907.6686144974838,0.9076686144974838,314.9075927734375,140.99417114257812
31,38.19539464880535,907.6686144974838,0.9076686144974838,315.0107421875,140.99417114257812
31,38.663547573420075,907.6686144974838,0.9076686144974838,315.1138610839844,140.99417114257812
31,39.137438550039285,907.6686144974838,0.9076686144974838,315.21697998046875,140.99417114257812
31,39.61713790876038,898.3341304996954,0.8983341304996955,315.3200988769531,141.0973358154297
31,40.10271684170201,898.3341304996954,0.8983341304996955,315.4232177734375,141.0973358154297
31,40.59439376797181,898.3341304996954,0.8983341304996955,315.5263671875,141.0973358154297
31,41.09195072058815,889.0956425406742,0.8890956425406743,315.6294860839844,141.20050048828125
31,41.59560612420029,889.0956425406742,0.8890956425406743,315.73260498046875,141.20050048828125
31,42.10543472624032,889.0956425406742,0.8890956425406743,315.8357238769531,141.20050048828125
31,42.621512190303946,884.5114119804169,0.8845114119804169,315.9388427734375,141.25209045410156
31,43.14407065409628,879.9508179884026,0.8799508179884026,316.0419921875,141.30368041992188
31,43.67287846043563,879.9508179884026,0.8799508179884026,316.1451110839844,141.30368041992188
31,44.20816775291677,879.9508179884026,0.8799508179884026,316.24822998046875,141.30368041992188
31,44.750017973753145,870.9013844196315,0.8709013844196316,316.3513488769531,141.40684509277344
31,45.298509538864664,870.9013844196315,0.8709013844196316,316.4544677734375,141.40684509277344
31,45.85388916619981,870.9013844196315,0.8709013844196316,316.5576171875,141.40684509277344
31,46.415910648514526,861.9450154247453,0.8619450154247453,316.6607360839844,141.510009765625
31,46.9848207100169,861.9450154247453,0.8619450154247453,316.76385498046875,141.510009765625
31,47.560703782574215,861.9450154247453,0.8619450154247453,316.8669738769531,141.510009765625
31,48.1436453329175,861.9450154247453,0.8619450154247453,316.9700927734375,141.510009765625
31,48.73390757500321,853.082058249099,0.853082058249099,317.0732421875,141.6131591796875
31,49.331228837655914,853.082058249099,0.853082058249099,317.1763610839844,141.6131591796875
31,49.935871341484855,844.3076526867392,0.8443076526867392,317.27947998046875,141.71633911132812
31,50.547924821404415,844.3076526867392,0.8443076526867392,317.3825988769531,141.71633911132812
31,51.16748011219093,844.3076526867392,0.8443076526867392,317.4857177734375,141.71633911132812
31,51.79481589709147,844.3076526867392,0.8443076526867392,317.5888671875,141.71633911132812
31,52.429654069731306,835.6247742139853,0.8356247742139854,317.6919860839844,141.8195037841797
31,53.07227332042813,835.6247742139853,0.8356247742139854,317.79510498046875,141.8195037841797
31,53.72276902022028,835.6247742139853,0.8356247742139854,317.8982238769531,141.8195037841797
31,54.381237709088886,827.0311906544455,0.8270311906544455,318.0013427734375,141.92266845703125
31,55.047975573984566,827.0311906544455,0.8270311906544455,318.1044921875,141.92266845703125
31,55.72268704106161,827.0311906544455,0.8270311906544455,318.2076110839844,141.92266845703125
31,56.405668304785266,827.0311906544455,0.8270311906544455,318.31072998046875,141.92266845703125
31,57.09702072631499,818.5259836972688,0.8185259836972688,318.4138488769531,142.0258331298828
31,57.7968469091726,818.5259836972688,0.8185259836972688,318.5169677734375,142.0258331298828
31,58.50546164339521,810.1082444755307,0.8101082444755306,318.6201171875,142.12899780273438
31,59.22255079055888,810.1082444755307,0.8101082444755306,318.7232360839844,142.12899780273438
31,59.9484291486874,810.1082444755307,0.8101082444755306,318.82635498046875,142.12899780273438
31,60.683204445292304,810.1082444755307,0.8101082444755306,318.9294738769531,142.12899780273438
31,61.42698572827866,801.7758475886128,0.8017758475886129,319.0325927734375,142.232177734375
31,62.18010755920387,801.7758475886128,0.8017758475886129,319.1357421875,142.232177734375
31,62.94223606905059,801.7758475886128,0.8017758475886129,319.2388610839844,142.232177734375
31,63.71370582786456,793.5315804085967,0.7935315804085967,319.34197998046875,142.3353271484375
31,64.49463132937107,793.5315804085967,0.7935315804085967,319.4450988769531,142.3353271484375
31,65.28512847062105,793.5315804085967,0.7935315804085967,319.5482177734375,142.3353271484375
31,66.08555282651369,793.5315804085967,0.7935315804085967,319.6513671875,142.3353271484375
31,66.89554955818724,785.3696833839001,0.7853696833839001,319.7544860839844,142.43850708007812
31,67.71547424956246,785.3696833839001,0.7853696833839001,319.85760498046875,142.43850708007812
31,68.54544858555481,777.2941127311105,0.7772941127311106,319.9607238769531,142.54165649414062
31,69.38559574254616,777.2941127311105,0.7772941127311106,320.0638427734375,142.54165649414062
31,70.23629362859607,777.2941127311105,0.7772941127311106,320.1669921875,142.54165649414062
31,71.097165117912,777.2941127311105,0.7772941127311106,320.2701110839844,142.54165649414062
31,71.96858812814156,769.2992267522217,0.7692992267522217,320.37322998046875,142.64483642578125
31,72.85069198705897,769.2992267522217,0.7692992267522217,320.4763488769531,142.64483642578125
31,73.74360760758174,769.2992267522217,0.7692992267522217,320.5794677734375,142.64483642578125
31,74.64773663364404,761.3877365817643,0.7613877365817644,320.6826171875,142.7480010986328
31,75.56267825271188,761.3877365817643,0.7613877365817644,320.7857360839844,142.7480010986328
31,76.48883411890962,761.3877365817643,0.7613877365817644,320.88885498046875,142.7480010986328
31,77.42634168290753,753.5576083502516,0.7535576083502517,320.9919738769531,142.85116577148438
31,78.3753400800797,753.5576083502516,0.7535576083502517,321.0950927734375,142.85116577148438
31,79.33625618105194,753.5576083502516,0.7535576083502517,321.1982421875,142.85116577148438
31,80.30866399881765,745.8068650233579,0.7458068650233579,321.3013610839844,142.954345703125
31,81.29299041483299,745.8068650233579,0.7458068650233579,321.40447998046875,142.954345703125
31,82.2893815128517,745.8068650233579,0.7458068650233579,321.5075988769531,142.954345703125
31,83.29798516714555,738.1380993971108,0.7381380993971107,321.6107177734375,143.0574951171875
31,84.3192550594851,738.1380993971108,0.7381380993971107,321.7138671875,143.0574951171875
31,85.35273844721782,738.1380993971108,0.7381380993971107,321.8169860839844,143.0574951171875
31,86.39888902362487,730.5470709458352,0.7305470709458353,321.92010498046875,143.16065979003906
31,87.45786204777559,730.5470709458352,0.7305470709458353,322.0232238769531,143.16065979003906
31,88.529814681717,730.5470709458352,0.7305470709458353,322.1263427734375,143.16065979003906
31,89.61522910233495,730.5470709458352,0.7305470709458353,322.2294921875,143.16065979003906
31,90.71362413084631,723.0341087981351,0.7230341087981351,322.3326110839844,143.26382446289062
31,91.82548195637051,723.0341087981351,0.7230341087981351,322.43572998046875,143.26382446289062
31,92.95096758958098,715.5973160011616,0.7155973160011616,322.5388488769531,143.36700439453125
31,94.09024806365234,715.5973160011616,0.7155973160011616,322.6419677734375,143.36700439453125
31,95.24383584032364,715.5973160011616,0.7155973160011616,322.7451171875,143.36700439453125
31,96.41121951864805,715.5973160011616,0.7155973160011616,322.8482360839844,143.36700439453125
31,97.59291157336648,708.2380974621674,0.7082380974621674,322.95135498046875,143.4701690673828
31,98.78908737924128,708.2380974621674,0.7082380974621674,323.0544738769531,143.4701690673828
31,99.99992446056623,700.9545612885114,0.7009545612885114,323.1575927734375,143.57333374023438
31,101.22596746608284,700.9545612885114,0.7009545612885114,323.2607421875,143.57333374023438
31,102.46667287446867,700.9545612885114,0.7009545612885114,323.3638610839844,143.57333374023438
31,103.7225853482838,700.9545612885114,0.7009545612885114,323.46697998046875,143.57333374023438
31,104.99389127733305,693.7469898685264,0.6937469898685265,323.5700988769531,143.67648315429688
31,106.28077933596188,693.7469898685264,0.6937469898685265,323.6732177734375,143.67648315429688
31,107.58382838153489,693.7469898685264,0.6937469898685265,323.7763671875,143.67648315429688
31,108.90246075491822,686.6114307650254,0.6866114307650254,323.8794860839844,143.7796630859375
31,110.23725532816276,686.6114307650254,0.6866114307650254,323.98260498046875,143.7796630859375
31,111.58841019795533,686.6114307650254,0.6866114307650254,324.0857238769531,143.7796630859375
31,112.95612588901228,679.5503037074119,0.6795503037074119,324.1888427734375,143.88282775878906
31,114.34101761591634,679.5503037074119,0.6795503037074119,324.2919921875,143.88282775878906
31,115.74247143757474,679.5503037074119,0.6795503037074119,324.3951110839844,143.88282775878906
31,117.16110258417908,672.561793435785,0.672561793435785,324.49822998046875,143.98599243164062
31,118.59712159459106,672.561793435785,0.672561793435785,324.6013488769531,143.98599243164062
31,120.05074158820294,672.561793435785,0.672561793435785,324.7044677734375,143.98599243164062
31,121.52261642036176,665.6451531575202,0.6656451531575203,324.8076171875,144.0891571044922
31,123.01209358919652,665.6451531575202,0.6656451531575203,324.9107360839844,144.0891571044922
31,124.51982696664358,665.6451531575202,0.6656451531575203,325.01385498046875,144.0891571044922
31,126.04604031521492,658.7996437600254,0.6587996437600254,325.1169738769531,144.19232177734375
31,127.59096014003266,658.7996437600254,0.6587996437600254,325.2200927734375,144.19232177734375
31,129.15528136418047,658.7996437600254,0.6587996437600254,325.3232421875,144.19232177734375
31,130.7383105030604,652.0235368160422,0.6520235368160422,325.4263610839844,144.29550170898438
31,132.3407424973876,652.0235368160422,0.6520235368160422,325.52947998046875,144.29550170898438
31,133.96281516388322,652.0235368160422,0.6520235368160422,325.6325988769531,144.29550170898438
31,135.6047692341381,645.3190990840534,0.6453190990840534,325.7357177734375,144.39865112304688
31,137.26734327837926,645.3190990840534,0.6453190990840534,325.8388671875,144.39865112304688
31,138.94980025521468,645.3190990840534,0.6453190990840534,325.9419860839844,144.39865112304688
31,140.65287875361028,638.681646757226,0.6386816467572259,326.04510498046875,144.5018310546875
31,142.3768315272216,638.681646757226,0.6386816467572259,326.1482238769531,144.5018310546875
31,144.1219144276528,635.3895372886092,0.6353895372886091,326.2513427734375,144.55340576171875
31,145.88891241369,632.1143971267015,0.6321143971267016,326.3544921875,144.60498046875
31,147.6770421514062,632.1143971267015,0.6321143971267016,326.4576110839844,144.60498046875
31,149.48708861950294,632.1143971267015,0.6321143971267016,326.56072998046875,144.60498046875
31,151.31932044673852,625.6127622270297,0.6256127622270298,326.6638488769531,144.70816040039062
31,153.17400955439706,625.6127622270297,0.6256127622270298,326.7669677734375,144.70816040039062
31,155.05143119664476,622.387541032053,0.6223875410320531,326.8700866699219,144.7597427368164
31,156.9524298597883,619.1789468184696,0.6191789468184696,326.9732360839844,144.8113250732422
31,158.8761628056017,619.1789468184696,0.6191789468184696,327.07635498046875,144.8113250732422
31,160.82347454181732,619.1789468184696,0.6191789468184696,327.1794738769531,144.8113250732422
31,162.79465406871387,612.8112969090979,0.612811296909098,327.2825927734375,144.91448974609375
31,164.78999392878515,612.8112969090979,0.612811296909098,327.3857116699219,144.91448974609375
31,166.81039164933733,609.6520711025842,0.6096520711025841,327.4888610839844,144.96607208251953
31,168.85495156093947,606.5091320514656,0.6065091320514656,327.59197998046875,145.0176544189453
31,170.92457121366922,606.5091320514656,0.6065091320514656,327.6950988769531,145.0176544189453
31,173.01955775950657,606.5091320514656,0.6065091320514656,327.7982177734375,145.0176544189453
31,175.1402221151293,600.2717787958601,0.6002717787958601,327.9013366699219,145.12081909179688
31,177.28751818027345,600.2717787958601,0.6002717787958601,328.0044860839844,145.12081909179688
31,179.4604940297685,600.2717787958601,0.6002717787958601,328.10760498046875,145.12081909179688
31,181.66010358755253,594.0985706183409,0.5940985706183409,328.2107238769531,145.22398376464844
31,183.88667329739016,594.0985706183409,0.5940985706183409,328.3138427734375,145.22398376464844
31,186.14053360419925,587.988847849513,0.587988847849513,328.4169616699219,145.3271484375
31,188.42201900309098,587.988847849513,0.587988847849513,328.52008056640625,145.3271484375
31,190.73215573299584,587.988847849513,0.587988847849513,328.62322998046875,145.3271484375
31,193.06991967929065,587.988847849513,0.587988847849513,328.7263488769531,145.3271484375
31,195.43633710694309,581.9419576040374,0.5819419576040374,328.8294677734375,145.43031311035156
31,197.8317592156518,581.9419576040374,0.5819419576040374,328.9325866699219,145.43031311035156
31,200.25654150969692,575.9572537108617,0.5759572537108617,329.03570556640625,145.53347778320312
31,202.71177468463534,575.9572537108617,0.5759572537108617,329.13885498046875,145.53347778320312
31,205.19637030264207,575.9572537108617,0.5759572537108617,329.2419738769531,145.53347778320312
31,207.7114190869467,575.9572537108617,0.5759572537108617,329.3450927734375,145.53347778320312
31,210.2572942956082,570.0332250880883,0.5700332250880883,329.4482116699219,145.63665771484375
31,212.8343737616308,570.0332250880883,0.5700332250880883,329.55133056640625,145.63665771484375
31,215.44303994903916,564.1718534550478,0.5641718534550478,329.6544494628906,145.73980712890625
31,218.08446626652528,564.1718534550478,0.5641718534550478,329.7575988769531,145.73980712890625
31,220.75748173434465,564.1718534550478,0.5641718534550478,329.8607177734375,145.73980712890625
31,223.46325979096054,558.3690439817798,0.5583690439817798,329.9638366699219,145.84298706054688
31,226.20220200053808,558.3690439817798,0.5583690439817798,330.06695556640625,145.84298706054688
31,228.9747148491297,558.3690439817798,0.5583690439817798,330.1700744628906,145.84298706054688
31,231.78204544558076,552.6276093931966,0.5526276093931967,330.2732238769531,145.94613647460938
31,234.62294926255265,552.6276093931966,0.5526276093931967,330.3763427734375,145.94613647460938
31,237.49867344053123,552.6276093931966,0.5526276093931967,330.4794616699219,145.94613647460938
31,240.4096447653631,546.943538648905,0.546943538648905,330.58258056640625,146.04931640625
31,243.35629525391928,546.943538648905,0.546943538648905,330.6856994628906,146.04931640625
31,246.33995034420033,544.1238808672667,0.5441238808672667,330.7888488769531,146.10089874267578
31,249.35928734185322,541.318759266136,0.541318759266136,330.8919677734375,146.15248107910156
31,252.41563171850677,541.318759266136,0.541318759266136,330.9950866699219,146.15248107910156
31,255.50943706582748,541.318759266136,0.541318759266136,331.09820556640625,146.15248107910156
31,258.6411625350596,535.7518252382703,0.5357518252382703,331.2013244628906,146.25564575195312
31,261.8112729051674,535.7518252382703,0.5357518252382703,331.304443359375,146.25564575195312
31,265.02119412903164,532.9894566330737,0.5329894566330737,331.4075927734375,146.30723571777344
31,268.26950320548417,530.2413309664016,0.5302413309664016,331.5107116699219,146.35882568359375
31,271.55762612358376,530.2413309664016,0.5302413309664016,331.61383056640625,146.35882568359375
31,274.8860508732197,524.789119833425,0.524789119833425,331.7169494628906,146.46197509765625
31,278.2552714254708,524.789119833425,0.524789119833425,331.820068359375,146.46197509765625
31,281.66680329531573,524.789119833425,0.524789119833425,331.9232177734375,146.46197509765625
31,285.1191341048814,519.391382854191,0.519391382854191,332.0263366699219,146.56515502929688
31,288.6137794075973,519.391382854191,0.519391382854191,332.12945556640625,146.56515502929688
31,292.1512578433126,519.391382854191,0.519391382854191,332.2325744628906,146.56515502929688
31,295.73209440873615,514.0507364077723,0.5140507364077723,332.335693359375,146.66830444335938
31,299.3568205353512,514.0507364077723,0.5140507364077723,332.4388122558594,146.66830444335938
31,303.0270666675447,514.0507364077723,0.5140507364077723,332.5419616699219,146.66830444335938
31,306.74120573593837,508.76344944955287,0.5087634494495529,332.64508056640625,146.771484375
31,310.50086822628595,508.76344944955287,0.5087634494495529,332.7481994628906,146.771484375
31,314.30661210960255,503.53131494397053,0.5035313149439705,332.851318359375,146.87464904785156
31,318.1590021958369,503.53131494397053,0.5035313149439705,332.9544372558594,146.87464904785156
31,322.0597713352991,503.53131494397053,0.5035313149439705,333.0575866699219,146.87464904785156
31,326.0071902646672,503.53131494397053,0.5035313149439705,333.16070556640625,146.87464904785156
31,330.00299187821633,498.3529878247366,0.49835298782473664,333.2638244628906,146.97781372070312
31,334.04776919233785,498.3529878247366,0.49835298782473664,333.366943359375,146.97781372070312
31,338.14212249190035,493.2279147355063,0.4932279147355063,333.4700622558594,147.0809783935547
31,342.2878934651094,493.2279147355063,0.4932279147355063,333.5732116699219,147.0809783935547
31,346.4832442360413,493.2279147355063,0.4932279147355063,333.67633056640625,147.0809783935547
31,350.730016539628,488.15554801066367,0.4881555480106637,333.7794494628906,147.18414306640625
31,355.0288406387879,488.15554801066367,0.4881555480106637,333.882568359375,147.18414306640625
31,359.3803545214396,485.63895993102693,0.48563895993102696,333.9856872558594,147.23572540283203
31,363.7865155496397,483.13534561679836,0.4831353456167984,334.0888366699219,147.2873077392578
31,368.2453704130568,483.13534561679836,0.4831353456167984,334.19195556640625,147.2873077392578
31,372.75887652340947,483.13534561679836,0.4831353456167984,334.2950744628906,147.2873077392578
31,377.32770372954496,478.16677109478223,0.47816677109478223,334.398193359375,147.39047241210938
31,381.95253009050737,478.16677109478223,0.47816677109478223,334.5013122558594,147.39047241210938
31,386.6354359075164,475.7016781523387,0.47570167815233866,334.6044616699219,147.44205474853516
31,391.3743451855612,473.2492935024459,0.4732492935024459,334.70758056640625,147.49363708496094
31,396.1713382786413,473.2492935024459,0.4732492935024459,334.8106994628906,147.49363708496094
31,401.02712710787097,468.38238735784057,0.4683823873578406,334.913818359375,147.5968017578125
31,405.9424323202305,468.38238735784057,0.4683823873578406,335.0169372558594,147.5968017578125
31,410.9194648777391,468.38238735784057,0.4683823873578406,335.1200866699219,147.5968017578125
31,415.9560183950532,463.56482381257143,0.46356482381257147,335.22320556640625,147.69998168945312
31,421.0543038902875,463.56482381257143,0.46356482381257147,335.3263244628906,147.69998168945312
31,426.21507799932044,463.56482381257143,0.46356482381257147,335.429443359375,147.69998168945312
31,431.43910663195896,458.7982144487918,0.4587982144487918,335.5325622558594,147.80313110351562
31,436.7287396176424,458.7982144487918,0.4587982144487918,335.6357116699219,147.80313110351562
31,442.08163199106133,458.7982144487918,0.4587982144487918,335.73883056640625,147.80313110351562
31,447.5001336412741,454.0792292516084,0.45407922925160843,335.8419494628906,147.90631103515625
31,452.98504872739665,454.0792292516084,0.45407922925160843,335.945068359375,147.90631103515625
31,458.5371912649557,449.41015559703857,0.44941015559703856,336.0481872558594,148.00946044921875
31,464.159058672879,449.41015559703857,0.44941015559703856,336.1513366699219,148.00946044921875
31,469.8481587018778,449.41015559703857,0.44941015559703856,336.25445556640625,148.00946044921875
31,475.60698883424357,444.78773160989596,0.444787731609896,336.3575744628906,148.11264038085938
31,481.43640373719785,444.78773160989596,0.444787731609896,336.460693359375,148.11264038085938
31,487.33726855343843,442.4947176148698,0.4424947176148698,336.5638122558594,148.16422271728516
31,493.31223756127156,440.2135247938723,0.4402135247938723,336.6669616699219,148.21580505371094
31,499.3586619767287,440.2135247938723,0.4402135247938723,336.77008056640625,148.21580505371094
31,505.47919614545805,440.2135247938723,0.4402135247938723,336.8731994628906,148.21580505371094
31,511.6747484151297,435.686359221365,0.435686359221365,336.976318359375,148.3189697265625
31,517.9462382668403,435.686359221365,0.435686359221365,337.0794372558594,148.3189697265625
31,524.2964866903886,433.43993417206167,0.43343993417206167,337.1825866699219,148.3705596923828
31,530.7226785354053,431.20509182530407,0.4312050918253041,337.28570556640625,148.42214965820312
31,537.2276348632619,431.20509182530407,0.4312050918253041,337.3888244628906,148.42214965820312
31,543.8123210736704,426.7712216893017,0.4267712216893017,337.491943359375,148.52529907226562
31,550.4777143990445,426.7712216893017,0.4267712216893017,337.5950622558594,148.52529907226562
31,557.2268130115923,426.7712216893017,0.4267712216893017,337.6982116699219,148.52529907226562
31,564.0566249453012,422.38229705761677,0.42238229705761676,337.80133056640625,148.6284637451172
31,570.9701484484477,422.38229705761677,0.42238229705761676,337.9044494628906,148.6284637451172
31,577.9684095561445,418.03850822338876,0.4180385082233888,338.007568359375,148.73162841796875
31,585.0524468794009,418.03850822338876,0.4180385082233888,338.1106872558594,148.73162841796875
31,592.2254469014134,418.03850822338876,0.4180385082233888,338.2138366699219,148.73162841796875
31,599.4842297349827,413.73875842046317,0.4137387584204632,338.31695556640625,148.83480834960938
31,606.8319819441521,413.73875842046317,0.4137387584204632,338.4200744628906,148.83480834960938
31,614.2697940078588,413.73875842046317,0.4137387584204632,338.523193359375,148.83480834960938
31,621.7987697708118,409.4844860107798,0.4094844860107798,338.6263122558594,148.93795776367188
31,629.4222958547439,409.4844860107798,0.4094844860107798,338.7294616699219,148.93795776367188
31,637.1369926482046,409.4844860107798,0.4094844860107798,338.83258056640625,148.93795776367188
31,644.9462468588516,405.27271890466176,0.40527271890466177,338.9356994628906,149.0411376953125
31,652.8512174570733,405.27271890466176,0.40527271890466177,339.038818359375,149.0411376953125
31,660.8530776185153,403.18372486192976,0.40318372486192977,339.1419372558594,149.09271240234375
31,668.9554266738672,401.10549862050084,0.4011054986205008,339.2450866699219,149.144287109375
31,677.1546727430285,401.10549862050084,0.4011054986205008,339.34820556640625,149.144287109375
31,685.4544152480083,396.9799138843587,0.3969799138843587,339.4513244628906,149.24746704101562
31,693.8558859525004,396.9799138843587,0.3969799138843587,339.554443359375,149.24746704101562
31,702.3603317176651,396.9799138843587,0.3969799138843587,339.6575622558594,149.24746704101562
31,710.9715779430996,392.89736371746943,0.3928973637174694,339.7607116699219,149.3506317138672
31,719.6858071477569,392.89736371746943,0.3928973637174694,339.86383056640625,149.3506317138672
31,728.5068448282902,388.85679858630203,0.38885679858630207,339.9669494628906,149.45379638671875
31,737.4360001137395,388.85679858630203,0.38885679858630207,340.070068359375,149.45379638671875
31,746.4745981788665,388.85679858630203,0.38885679858630207,340.1731872558594,149.45379638671875
31,755.6267046912465,384.85778671582483,0.3848577867158248,340.2763366699219,149.5569610595703
31,764.8882623992064,384.85778671582483,0.3848577867158248,340.37945556640625,149.5569610595703
31,774.2633370734744,384.85778671582483,0.3848577867158248,340.4825744628906,149.5569610595703
31,783.7533200676484,380.8999007713913,0.3808999007713913,340.585693359375,149.66012573242188
31,793.359619788854,380.8999007713913,0.3808999007713913,340.6888122558594,149.66012573242188
31,803.0865572635423,380.8999007713913,0.3808999007713913,340.7919616699219,149.66012573242188
31,812.9298204097573,376.98214142372615,0.37698214142372616,340.89508056640625,149.7633056640625
31,822.8937303635788,376.98214142372615,0.37698214142372616,340.9981994628906,149.7633056640625
31,832.9797658675714,373.10581925046614,0.37310581925046615,341.101318359375,149.866455078125
31,843.1894237889348,373.10581925046614,0.37310581925046615,341.2044372558594,149.866455078125
31,853.5272965517258,373.10581925046614,0.37310581925046615,341.3075866699219,149.866455078125
31,863.988801238174,369.26822620285316,0.36926822620285316,341.41070556640625,149.96963500976562
31,874.5785303888505,369.26822620285316,0.36926822620285316,341.5138244628906,149.96963500976562
31,885.2980556240641,369.26822620285316,0.36926822620285316,341.616943359375,149.96963500976562
31,896.1489678271437,365.47122243046056,0.36547122243046054,341.7200622558594,150.07278442382812
31,907.1361478658507,365.47122243046056,0.36547122243046054,341.8232116699219,150.07278442382812
31,918.2547249757862,361.7121552973901,0.3617121552973901,341.92633056640625,150.17596435546875
31,929.5095801485465,361.7121552973901,0.3617121552973901,342.0294494628906,150.17596435546875
31,940.902383715706,361.7121552973901,0.3617121552973901,342.132568359375,150.17596435546875
31,952.434826481742,357.9922995356061,0.35799229953560613,342.2356872558594,150.2791290283203
31,964.1120958748681,357.9922995356061,0.35799229953560613,342.3388366699219,150.2791290283203
31,975.9290152048114,354.3106988523032,0.3543106988523032,342.44195556640625,150.38229370117188
31,987.8907720313985,354.3106988523032,0.3543106988523032,342.5450744628906,150.38229370117188
31,999.9991415973846,354.3106988523032,0.3543106988523032,342.648193359375,150.38229370117188
42,0.05640568573555426,4647.992178787436,4.647992178787437,259.83892822265625,124.69392395019531
42,0.05709724422262807,4647.992178787436,4.647992178787437,259.94207763671875,124.69392395019531
42,0.05779707314483302,4647.992178787436,4.647992178787437,260.0451965332031,124.69392395019531
42,0.05850547972305308,4647.992178787436,4.647992178787437,260.1483154296875,124.69392395019531
42,0.05922256909181532,4647.992178787436,4.647992178787437,260.2514343261719,124.69392395019531
42,0.059948447674258505,4647.992178787436,4.647992178787437,260.35455322265625,124.69392395019531
42,0.06068344197909507,4600.195641723114,4.600195641723114,260.45770263671875,124.79708099365234
42,0.06142722617348332,4600.195641723114,4.600195641723114,260.5608215332031,124.79708099365234
42,0.06218012677441971,4600.195641723114,4.600195641723114,260.6639404296875,124.79708099365234
42,0.06294225551978326,4600.195641723114,4.600195641723114,260.7670593261719,124.79708099365234
42,0.06371372551700077,4600.195641723114,4.600195641723114,260.87017822265625,124.79708099365234
42,0.06449488378233853,4600.195641723114,4.600195641723114,260.97332763671875,124.79708099365234
42,0.06528538401785147,4600.195641723114,4.600195641723114,261.0764465332031,124.79708099365234
42,0.06608557324861022,4600.195641723114,4.600195641723114,261.1795654296875,124.79708099365234
42,0.06689557023059316,4600.195641723114,4.600195641723114,261.2826843261719,124.79708099365234
42,0.06771549517534568,4600.195641723114,4.600195641723114,261.38580322265625,124.79708099365234
42,0.06854571689473876,4552.883647972054,4.552883647972054,261.48895263671875,124.90025329589844
42,0.06938586734033939,4552.883647972054,4.552883647972054,261.5920715332031,124.90025329589844
42,0.07023631533337582,4552.883647972054,4.552883647972054,261.6951904296875,124.90025329589844
42,0.07109718708872272,4552.883647972054,4.552883647972054,261.7983093261719,124.90025329589844
42,0.0719686103682439,4552.883647972054,4.552883647972054,261.90142822265625,124.90025329589844
42,0.07285097714836611,4552.883647972054,4.552883647972054,262.00457763671875,124.90025329589844
42,0.07374389626405109,4552.883647972054,4.552883647972054,262.1076965332031,124.90025329589844
42,0.07464775970167055,4552.883647972054,4.552883647972054,262.2108154296875,124.90025329589844
42,0.07556270160347833,4552.883647972054,4.552883647972054,262.3139343261719,124.90025329589844
42,0.07648885775588156,4506.061692384975,4.506061692384975,262.41705322265625,125.00341796875
42,0.07742636560959282,4506.061692384975,4.506061692384975,262.5201721191406,125.00341796875
42,0.07837564686665667,4506.061692384975,4.506061692384975,262.6233215332031,125.00341796875
42,0.07933628069794885,4506.061692384975,4.506061692384975,262.7264404296875,125.00341796875
42,0.08030868881621296,4506.061692384975,4.506061692384975,262.8295593261719,125.00341796875
42,0.0812930155364099,4506.061692384975,4.506061692384975,262.93267822265625,125.00341796875
42,0.08228940694233856,4506.061692384975,4.506061692384975,263.0357971191406,125.00341796875
42,0.08329831122255676,4506.061692384975,4.506061692384975,263.1389465332031,125.00341796875
42,0.08431928111625388,4506.061692384975,4.506061692384975,263.2420654296875,125.00341796875
42,0.08535276482335889,4459.721254819116,4.459721254819117,263.3451843261719,125.10658264160156
42,0.08639891572305278,4459.721254819116,4.459721254819117,263.44830322265625,125.10658264160156
42,0.08745788907445277,4459.721254819116,4.459721254819117,263.5514221191406,125.10658264160156
42,0.08852984203965451,4459.721254819116,4.459721254819117,263.654541015625,125.10658264160156
42,0.08961525679569275,4459.721254819116,4.459721254819117,263.7576904296875,125.10658264160156
42,0.09071365216363583,4459.721254819116,4.459721254819117,263.8608093261719,125.10658264160156
42,0.09182551033275199,4459.721254819116,4.459721254819117,263.96392822265625,125.10658264160156
42,0.0929509963137658,4459.721254819116,4.459721254819117,264.0670471191406,125.10658264160156
42,0.09409027713990345,4436.728359926485,4.436728359926485,264.170166015625,125.15816879272461
42,0.09524386527306238,4413.854009038144,4.413854009038144,264.2733154296875,125.20975494384766
42,0.09641124931213768,4413.854009038144,4.413854009038144,264.3764343261719,125.20975494384766
42,0.0975929417320287,4413.854009038144,4.413854009038144,264.47955322265625,125.20975494384766
42,0.09878911790755183,4413.854009038144,4.413854009038144,264.5826721191406,125.20975494384766
42,0.09999995536305588,4413.854009038144,4.413854009038144,264.685791015625,125.20975494384766
42,0.1012259987474506,4413.854009038144,4.413854009038144,264.7889404296875,125.20975494384766
42,0.10246670453924557,4413.854009038144,4.413854009038144,264.8920593261719,125.20975494384766
42,0.1037226174011692,4391.100947876774,4.391100947876774,264.99517822265625,125.26133346557617
42,0.1049939237230839,4368.465176909228,4.368465176909228,265.0982971191406,125.31291198730469
42,0.10628081217939359,4368.465176909228,4.368465176909228,265.201416015625,125.31291198730469
42,0.10758347375704454,4368.465176909228,4.368465176909228,265.3045349121094,125.31291198730469
42,0.10890249440851532,4368.465176909228,4.368465176909228,265.4076843261719,125.31291198730469
42,0.11023728939424489,4368.465176909228,4.368465176909228,265.51080322265625,125.31291198730469
42,0.11158844468157827,4368.465176909228,4.368465176909228,265.6139221191406,125.31291198730469
42,0.11295616079529372,4368.465176909228,4.368465176909228,265.717041015625,125.31291198730469
42,0.11434064071795959,4368.465176909228,4.368465176909228,265.8201599121094,125.31291198730469
42,0.11574250720490703,4323.536479686639,4.323536479686639,265.9233093261719,125.41608428955078
42,0.11716113878990404,4323.536479686639,4.323536479686639,266.02642822265625,125.41608428955078
42,0.11859715824408196,4323.536479686639,4.323536479686639,266.1295471191406,125.41608428955078
42,0.12005077868689891,4323.536479686639,4.323536479686639,266.232666015625,125.41608428955078
42,0.12152221584997344,4323.536479686639,4.323536479686639,266.3357849121094,125.41608428955078
42,0.12301213160302478,4323.536479686639,4.323536479686639,266.4389343261719,125.41608428955078
42,0.1245198654463993,4323.536479686639,4.323536479686639,266.54205322265625,125.41608428955078
42,0.12604607926660893,4323.536479686639,4.323536479686639,266.6451721191406,125.41608428955078
42,0.12759099956884568,4279.073135423234,4.279073135423234,266.748291015625,125.51924896240234
42,0.12915485563452825,4279.073135423234,4.279073135423234,266.8514099121094,125.51924896240234
42,0.13073835090448385,4279.073135423234,4.279073135423234,266.9545593261719,125.51924896240234
42,0.1323407833940028,4279.073135423234,4.279073135423234,267.05767822265625,125.51924896240234
42,0.1339628565617596,4279.073135423234,4.279073135423234,267.1607971191406,125.51924896240234
42,0.13560481113941952,4279.073135423234,4.279073135423234,267.263916015625,125.51924896240234
42,0.13726689080924526,4279.073135423234,4.279073135423234,267.3670349121094,125.51924896240234
42,0.13894984319419487,4279.073135423234,4.279073135423234,267.4701843261719,125.51924896240234
42,0.14065292221888448,4235.0670531703145,4.235067053170314,267.57330322265625,125.6224136352539
42,0.1423768755252405,4235.0670531703145,4.235067053170314,267.6764221191406,125.6224136352539
42,0.14412195896494615,4235.0670531703145,4.235067053170314,267.779541015625,125.6224136352539
42,0.14588843152560488,4235.0670531703145,4.235067053170314,267.8826599121094,125.6224136352539
42,0.14767708778732327,4235.0670531703145,4.235067053170314,267.9858093261719,125.6224136352539
42,0.14948713481476997,4235.0670531703145,4.235067053170314,268.08892822265625,125.6224136352539
42,0.15131936720821124,4235.0670531703145,4.235067053170314,268.1920471191406,125.6224136352539
42,0.15317405688901528,4191.510326117754,4.191510326117754,268.295166015625,125.7255859375
42,0.15505147911143344,4191.510326117754,4.191510326117754,268.3982849121094,125.7255859375
42,0.15695247836203333,4191.510326117754,4.191510326117754,268.5014343261719,125.7255859375
42,0.1588762119023285,4191.510326117754,4.191510326117754,268.60455322265625,125.7255859375
42,0.16082352424031252,4191.510326117754,4.191510326117754,268.7076721191406,125.7255859375
42,0.16279470437635304,4191.510326117754,4.191510326117754,268.810791015625,125.7255859375
42,0.16479004485303447,4191.510326117754,4.191510326117754,268.9139099121094,125.7255859375
42,0.16680984179857428,4191.510326117754,4.191510326117754,269.01702880859375,125.7255859375
42,0.16885500374136275,4148.407913086146,4.148407913086147,269.12017822265625,125.82874298095703
42,0.170924624033657,4148.407913086146,4.148407913086147,269.2232971191406,125.82874298095703
42,0.17301961122689796,4148.407913086146,4.148407913086147,269.326416015625,125.82874298095703
42,0.17514027623785927,4148.407913086146,4.148407913086147,269.4295349121094,125.82874298095703
42,0.17728693379415583,4148.407913086146,4.148407913086147,269.53265380859375,125.82874298095703
42,0.17946054948757098,4148.407913086146,4.148407913086147,269.63580322265625,125.82874298095703
42,0.18166015972508956,4148.407913086146,4.148407913086147,269.7389221191406,125.82874298095703
42,0.1838867301229934,4105.742456104133,4.105742456104133,269.842041015625,125.93191528320312
42,0.1861405911263019,4105.742456104133,4.105742456104133,269.9451599121094,125.93191528320312
42,0.18842207723022997,4105.742456104133,4.105742456104133,270.04827880859375,125.93191528320312
42,0.19073221467402504,4105.742456104133,4.105742456104133,270.15142822265625,125.93191528320312
42,0.19306997934274764,4105.742456104133,4.105742456104133,270.2545471191406,125.93191528320312
42,0.19543639750168249,4105.742456104133,4.105742456104133,270.357666015625,125.93191528320312
42,0.19783182035063704,4105.742456104133,4.105742456104133,270.4607849121094,125.93191528320312
42,0.20025660339400075,4084.5761238454984,4.0845761238454985,270.56390380859375,125.9834976196289
42,0.2027118373276679,4063.5189103701414,4.063518910370141,270.66705322265625,126.03507995605469
42,0.20519643371347704,4063.5189103701414,4.063518910370141,270.7701721191406,126.03507995605469
42,0.20771148327499497,4063.5189103701414,4.063518910370141,270.873291015625,126.03507995605469
42,0.21025735927039582,4063.5189103701414,4.063518910370141,270.9764099121094,126.03507995605469
42,0.2128344395328009,4063.5189103701414,4.063518910370141,271.07952880859375,126.03507995605469
42,0.2154438832631823,4063.5189103701414,4.063518910370141,271.18267822265625,126.03507995605469
42,0.21808453366010583,4021.729592509287,4.0217295925092875,271.2857971191406,126.13824462890625
42,0.2207575499539541,4021.729592509287,4.0217295925092875,271.388916015625,126.13824462890625
42,0.22346332884672335,4021.729592509287,4.0217295925092875,271.4920349121094,126.13824462890625
42,0.22620227190270284,4021.729592509287,4.0217295925092875,271.59515380859375,126.13824462890625
42,0.22897561113065037,4021.729592509287,4.0217295925092875,271.69830322265625,126.13824462890625
42,0.2317821170720575,4021.729592509287,4.0217295925092875,271.8014221191406,126.13824462890625
42,0.23462302176694,4021.729592509287,4.0217295925092875,271.904541015625,126.13824462890625
42,0.23749874683358962,3980.3669940094587,3.980366994009459,272.0076599121094,126.24141693115234
42,0.24040971905798472,3980.3669940094587,3.980366994009459,272.11077880859375,126.24141693115234
42,0.24335724782962387,3980.3669940094587,3.980366994009459,272.21392822265625,126.24141693115234
42,0.2463400264694356,3980.3669940094587,3.980366994009459,272.3170471191406,126.24141693115234
42,0.24935936440013942,3980.3669940094587,3.980366994009459,272.420166015625,126.24141693115234
42,0.25241570972128013,3980.3669940094587,3.980366994009459,272.5232849121094,126.24141693115234
42,0.25550951602466443,3959.848523422542,3.959848523422542,272.62640380859375,126.29299545288086
42,0.258642174940707,3939.4358238953973,3.9394358238953973,272.72955322265625,126.34457397460938
42,0.2618122977196583,3939.4358238953973,3.9394358238953973,272.8326721191406,126.34457397460938
42,0.2650212760272406,3939.4358238953973,3.9394358238953973,272.935791015625,126.34457397460938
42,0.2682695861075023,3939.4358238953973,3.9394358238953973,273.0389099121094,126.34457397460938
42,0.2715577100417144,3939.4358238953973,3.9394358238953973,273.14202880859375,126.34457397460938
42,0.2748871268666446,3939.4358238953973,3.9394358238953973,273.24517822265625,126.34457397460938
42,0.27825636060712094,3939.4358238953973,3.9394358238953973,273.3482971191406,126.34457397460938
42,0.28166689033743636,3898.919598586983,3.898919598586983,273.451416015625,126.44774627685547
42,0.28511922221385894,3898.919598586983,3.898919598586983,273.5545349121094,126.44774627685547
42,0.288613868596508,3898.919598586983,3.898919598586983,273.65765380859375,126.44774627685547
42,0.292152401418374,3898.919598586983,3.898919598586983,273.76080322265625,126.44774627685547
42,0.29573325200035677,3898.919598586983,3.898919598586983,273.8639221191406,126.44774627685547
42,0.29935799231532895,3898.919598586983,3.898919598586983,273.967041015625,126.44774627685547
42,0.3030271603105235,3858.82302366925,3.85882302366925,274.0701599121094,126.55091094970703
42,0.30674130052667936,3858.82302366925,3.85882302366925,274.17327880859375,126.55091094970703
42,0.3105020836276917,3858.82302366925,3.85882302366925,274.27642822265625,126.55091094970703
42,0.31430784240792786,3858.82302366925,3.85882302366925,274.3795471191406,126.55091094970703
42,0.3181602475736702,3858.82302366925,3.85882302366925,274.482666015625,126.55091094970703
42,0.32205987085986193,3858.82302366925,3.85882302366925,274.5857849121094,126.55091094970703
42,0.3260072910090816,3858.82302366925,3.85882302366925,274.68890380859375,126.55091094970703
42,0.3300042836172783,3819.141722457684,3.819141722457684,274.79205322265625,126.65406799316406
42,0.33404907676397394,3819.141722457684,3.819141722457684,274.8951721191406,126.65406799316406
42,0.33814344609016705,3819.141722457684,3.819141722457684,274.998291015625,126.65406799316406
42,0.3422879992406703,3819.141722457684,3.819141722457684,275.1014099121094,126.65406799316406
42,0.346483351308071,3819.141722457684,3.819141722457684,275.20452880859375,126.65406799316406
42,0.3507313894110071,3779.8626953509956,3.7798626953509955,275.30767822265625,126.75724029541016
42,0.35503023033716297,3779.8626953509956,3.7798626953509955,275.4107971191406,126.75724029541016
42,0.3593817612530554,3779.8626953509956,3.7798626953509955,275.513916015625,126.75724029541016
42,0.3637866279688148,3779.8626953509956,3.7798626953509955,275.6170349121094,126.75724029541016
42,0.3682454842101304,3779.8626953509956,3.7798626953509955,275.72015380859375,126.75724029541016
42,0.3727603356229127,3779.8626953509956,3.7798626953509955,275.82330322265625,126.75724029541016
42,0.3773291807129241,3779.8626953509956,3.7798626953509955,275.9264221191406,126.75724029541016
42,0.38195402517696125,3740.9905042450764,3.7409905042450764,276.029541015625,126.86040496826172
42,0.38663555538758215,3740.9905042450764,3.7409905042450764,276.1326599121094,126.86040496826172
42,0.3913744661300689,3740.9905042450764,3.7409905042450764,276.23577880859375,126.86040496826172
42,0.3961728890221361,3740.9905042450764,3.7409905042450764,276.33892822265625,126.86040496826172
42,0.4010286968585028,3740.9905042450764,3.7409905042450764,276.4420471191406,126.86040496826172
42,0.40594402131096585,3740.9905042450764,3.7409905042450764,276.545166015625,126.86040496826172
42,0.41091959186218,3702.5152451160275,3.7025152451160275,276.6482849121094,126.96357727050781
42,0.41595614693591576,3702.5152451160275,3.7025152451160275,276.75140380859375,126.96357727050781
42,0.42105595203380386,3702.5152451160275,3.7025152451160275,276.85455322265625,126.96357727050781
42,0.42621674634378587,3702.5152451160275,3.7025152451160275,276.9576721191406,126.96357727050781
42,0.4314407954249718,3702.5152451160275,3.7025152451160275,277.060791015625,126.96357727050781
42,0.43672887457779797,3702.5152451160275,3.7025152451160275,277.1639099121094,126.96357727050781
42,0.44208176860539505,3664.4384968897634,3.6644384968897636,277.26702880859375,127.06674194335938
42,0.44750188530237106,3664.4384968897634,3.6644384968897636,277.37017822265625,127.06674194335938
42,0.45298682185823597,3664.4384968897634,3.6644384968897636,277.4732971191406,127.06674194335938
42,0.458538986128687,3664.4384968897634,3.6644384968897636,277.576416015625,127.06674194335938
42,0.46415920210969247,3664.4384968897634,3.6644384968897636,277.6795349121094,127.06674194335938
42,0.46984830389676613,3664.4384968897634,3.6644384968897636,277.78265380859375,127.06674194335938
42,0.47560885051471513,3626.756103353075,3.6267561033530753,277.88580322265625,127.1698989868164
42,0.4814382882358957,3626.756103353075,3.6267561033530753,277.9889221191406,127.1698989868164
42,0.4873391761500412,3626.756103353075,3.6267561033530753,278.092041015625,127.1698989868164
42,0.49331239000715,3626.756103353075,3.6267561033530753,278.1951599121094,127.1698989868164
42,0.4993588162911042,3626.756103353075,3.6267561033530753,278.29827880859375,127.1698989868164
42,0.5054811747554667,3626.756103353075,3.6267561033530753,278.40142822265625,127.1698989868164
42,0.5116767512765453,3589.455719747179,3.5894557197471793,278.5045471191406,127.2730712890625
42,0.5179482656769072,3589.455719747179,3.5894557197471793,278.607666015625,127.2730712890625
42,0.5242966487111788,3589.455719747179,3.5894557197471793,278.7107849121094,127.2730712890625
42,0.53072284254205,3589.455719747179,3.5894557197471793,278.81390380859375,127.2730712890625
42,0.5372297377469877,3589.455719747179,3.5894557197471793,278.91705322265625,127.2730712890625
42,0.543814449732,3570.9510002709517,3.5709510002709517,279.0201721191406,127.32465362548828
42,0.5504798691478918,3552.541678166817,3.552541678166817,279.123291015625,127.37623596191406
42,0.5572269852086809,3552.541678166817,3.552541678166817,279.2264099121094,127.37623596191406
42,0.5640567992529733,3552.541678166817,3.552541678166817,279.32952880859375,127.37623596191406
42,0.5709723834113484,3552.541678166817,3.552541678166817,279.43267822265625,127.37623596191406
42,0.5779706719125155,3552.541678166817,3.552541678166817,279.5357971191406,127.37623596191406
42,0.5850547369649984,3516.00457349384,3.51600457349384,279.638916015625,127.47940826416016
42,0.5922256299139588,3516.00457349384,3.51600457349384,279.7420349121094,127.47940826416016
42,0.599484414990675,3516.00457349384,3.51600457349384,279.84515380859375,127.47940826416016
42,0.6068343572819351,3516.00457349384,3.51600457349384,279.94830322265625,127.47940826416016
42,0.6142721984596576,3516.00457349384,3.51600457349384,280.0514221191406,127.47940826416016
42,0.621801203693471,3516.00457349384,3.51600457349384,280.154541015625,127.47940826416016
42,0.6294224903620504,3479.845905117277,3.479845905117277,280.2576599121094,127.58257293701172
42,0.6371371895395469,3479.845905117277,3.479845905117277,280.36077880859375,127.58257293701172
42,0.6449487713882663,3479.845905117277,3.479845905117277,280.46392822265625,127.58257293701172
42,0.6528537729291144,3479.845905117277,3.479845905117277,280.5670471191406,127.58257293701172
42,0.66085566441244,3479.845905117277,3.479845905117277,280.670166015625,127.58257293701172
42,0.6689556333979048,3444.061726189193,3.4440617261891933,280.7732849121094,127.68572998046875
42,0.677154882000839,3444.061726189193,3.4440617261891933,280.87640380859375,127.68572998046875
42,0.6854570983395718,3444.061726189193,3.4440617261891933,280.97955322265625,127.68572998046875
42,0.6938586019301531,3444.061726189193,3.4440617261891933,281.0826721191406,127.68572998046875
42,0.702363080984485,3444.061726189193,3.4440617261891933,281.185791015625,127.68572998046875
42,0.7109717976511838,3444.061726189193,3.4440617261891933,281.2889099121094,127.68572998046875
42,0.7196860295487568,3408.6403138062456,3.4086403138062455,281.39202880859375,127.78890228271484
42,0.7285096964410676,3408.6403138062456,3.4086403138062455,281.49517822265625,127.78890228271484
42,0.7374388866781361,3408.6403138062456,3.4086403138062455,281.5982971191406,127.78890228271484
42,0.746477520123276,3408.6403138062456,3.4086403138062455,281.701416015625,127.78890228271484
42,0.755626938198887,3408.6403138062456,3.4086403138062455,281.8045349121094,127.78890228271484
42,0.764888498768901,3373.585781838038,3.373585781838038,281.90765380859375,127.8920669555664
42,0.7742663677920473,3373.585781838038,3.373585781838038,282.01080322265625,127.8920669555664
42,0.7837563879331018,3373.585781838038,3.373585781838038,282.1139221191406,127.8920669555664
42,0.7933627252564903,3373.585781838038,3.373585781838038,282.217041015625,127.8920669555664
42,0.8030868054374701,3373.585781838038,3.373585781838038,282.3201599121094,127.8920669555664
42,0.8129300716255007,3356.19265368922,3.35619265368922,282.42327880859375,127.94365310668945
42,0.8228969514373309,3338.8891989402723,3.3388891989402723,282.52642822265625,127.9952392578125
42,0.8329830264213473,3338.8891989402723,3.3388891989402723,282.6295471191406,127.9952392578125
42,0.843192724306634,3338.8891989402723,3.3388891989402723,282.732666015625,127.9952392578125
42,0.8535275603131097,3338.8891989402723,3.3388891989402723,282.8357849121094,127.9952392578125
42,0.8639890682324256,3304.551988971686,3.3045519889716863,282.93890380859375,128.09840393066406
42,0.8745788006555945,3304.551988971686,3.3045519889716863,283.0420227050781,128.09840393066406
42,0.8853015209686457,3304.551988971686,3.3045519889716863,283.1451721191406,128.09840393066406
42,0.8961524756457253,3304.551988971686,3.3045519889716863,283.248291015625,128.09840393066406
42,0.907136428193717,3304.551988971686,3.3045519889716863,283.3514099121094,128.09840393066406
42,0.9182550087395721,3304.551988971686,3.3045519889716863,283.45452880859375,128.09840393066406
42,0.9295098673903655,3270.567903625744,3.270567903625744,283.5576477050781,128.20156860351562
42,0.9409060667137162,3270.567903625744,3.270567903625744,283.6607971191406,128.20156860351562
42,0.9524385546214845,3270.567903625744,3.270567903625744,283.763916015625,128.20156860351562
42,0.9641123938097343,3270.567903625744,3.270567903625744,283.8670349121094,128.20156860351562
42,0.9759293167914025,3270.567903625744,3.270567903625744,283.97015380859375,128.20156860351562
42,0.9878910773144728,3236.933311361062,3.236933311361062,284.0732727050781,128.3047332763672
42,0.9999994506222493,3236.933311361062,3.236933311361062,284.1763916015625,128.3047332763672
42,1.0122598832032694,3236.933311361062,3.236933311361062,284.279541015625,128.3047332763672
42,1.0246669398431885,3236.933311361062,3.236933311361062,284.3826599121094,128.3047332763672
42,1.0372260671687294,3220.2459505000647,3.2202459505000647,284.48577880859375,128.35631561279297
42,1.049939129078325,3203.6446179830987,3.2036446179830986,284.5888977050781,128.40789794921875
42,1.062808012315819,3203.6446179830987,3.2036446179830986,284.6920166015625,128.40789794921875
42,1.075838505456048,3203.6446179830987,3.2036446179830986,284.795166015625,128.40789794921875
42,1.0890248319064848,3203.6446179830987,3.2036446179830986,284.8982849121094,128.40789794921875
42,1.1023727803888301,3203.6446179830987,3.2036446179830986,285.00140380859375,128.40789794921875
42,1.115884331870361,3170.6934184073516,3.170693418407352,285.1045227050781,128.51107788085938
42,1.1295614915986536,3170.6934184073516,3.170693418407352,285.2076416015625,128.51107788085938
42,1.143410411720804,3170.6934184073516,3.170693418407352,285.310791015625,128.51107788085938
42,1.157424952824617,3170.6934184073516,3.170693418407352,285.4139099121094,128.51107788085938
42,1.1716112672132781,3170.6934184073516,3.170693418407352,285.51702880859375,128.51107788085938
42,1.1859714602758373,3138.0907355429463,3.138090735542946,285.6201477050781,128.61422729492188
42,1.2005076632066565,3138.0907355429463,3.138090735542946,285.7232666015625,128.61422729492188
42,1.2152220333216983,3138.0907355429463,3.138090735542946,285.8263854980469,128.61422729492188
42,1.230121189317474,3138.0907355429463,3.138090735542946,285.9295349121094,128.61422729492188
42,1.2451985261981275,3138.0907355429463,3.138090735542946,286.03265380859375,128.61422729492188
42,1.2604606628280957,3105.8185413889705,3.1058185413889707,286.1357727050781,128.71739196777344
42,1.2759098642590665,3105.8185413889705,3.1058185413889707,286.2388916015625,128.71739196777344
42,1.2915484233049899,3105.8185413889705,3.1058185413889707,286.3420104980469,128.71739196777344
42,1.3073833743734133,3105.8185413889705,3.1058185413889707,286.4451599121094,128.71739196777344
42,1.3234076976179632,3105.8185413889705,3.1058185413889707,286.54827880859375,128.71739196777344
42,1.3396284276246606,3073.878235189576,3.0738782351895764,286.6513977050781,128.820556640625
42,1.3560479717099094,3073.878235189576,3.0738782351895764,286.7545166015625,128.820556640625
42,1.3726687666960857,3073.878235189576,3.0738782351895764,286.8576354980469,128.820556640625
42,1.3894932792731851,3073.878235189576,3.0738782351895764,286.96075439453125,128.820556640625
42,1.4065290773045829,3058.0291342942005,3.0580291342942005,287.06390380859375,128.8721466064453
42,1.4237686085923271,3042.2617523154418,3.042261752315442,287.1670227050781,128.92373657226562
42,1.4412194411918018,3042.2617523154418,3.042261752315442,287.2701416015625,128.92373657226562
42,1.4588841649787747,3042.2617523154418,3.042261752315442,287.3732604980469,128.92373657226562
42,1.4767654015725775,3042.2617523154418,3.042261752315442,287.47637939453125,128.92373657226562
42,1.4948711941634607,3010.97506553296,3.01097506553296,287.57952880859375,129.0269012451172
42,1.5131935162105208,3010.97506553296,3.01097506553296,287.6826477050781,129.0269012451172
42,1.531740411108076,3010.97506553296,3.01097506553296,287.7857666015625,129.0269012451172
42,1.5505146313983555,3010.97506553296,3.01097506553296,287.8888854980469,129.0269012451172
42,1.5695189633609212,3010.97506553296,3.01097506553296,287.99200439453125,129.0269012451172
42,1.588761955367512,2980.0101317255735,2.9800101317255736,288.09515380859375,129.13006591796875
42,1.6082350767414577,2980.0101317255735,2.9800101317255736,288.1982727050781,129.13006591796875
42,1.6279468760713827,2980.0101317255735,2.9800101317255736,288.3013916015625,129.13006591796875
42,1.6479002787828296,2980.0101317255735,2.9800101317255736,288.4045104980469,129.13006591796875
42,1.6680982461576679,2949.3681514277255,2.9493681514277257,288.50762939453125,129.23321533203125
42,1.688543775773576,2949.3681514277255,2.9493681514277257,288.6107482910156,129.23321533203125
42,1.7092460642699254,2949.3681514277255,2.9493681514277257,288.7138977050781,129.23321533203125
42,1.7301959340443236,2949.3681514277255,2.9493681514277257,288.8170166015625,129.23321533203125
42,1.7514025819694743,2949.3681514277255,2.9493681514277257,288.9201354980469,129.23321533203125
42,1.7728691553212035,2919.032321406345,2.919032321406345,289.02325439453125,129.33639526367188
42,1.7945988399508364,2919.032321406345,2.919032321406345,289.1263732910156,129.33639526367188
42,1.8166014101257526,2919.032321406345,2.919032321406345,289.2295227050781,129.33639526367188
42,1.8388671118112372,2919.032321406345,2.919032321406345,289.3326416015625,129.33639526367188
42,1.8614057195226574,2919.032321406345,2.919032321406345,289.4357604980469,129.33639526367188
42,1.8842205782118164,2889.012928802052,2.8890129288020523,289.53887939453125,129.43955993652344
42,1.907315073828888,2889.012928802052,2.8890129288020523,289.6419982910156,129.43955993652344
42,1.9306995945492658,2889.012928802052,2.8890129288020523,289.7451477050781,129.43955993652344
42,1.954363773701006,2889.012928802052,2.8890129288020523,289.8482666015625,129.43955993652344
42,1.9783179997230653,2859.302256291649,2.8593022562916492,289.9513854980469,129.542724609375
42,2.002565827658974,2859.302256291649,2.8593022562916492,290.05450439453125,129.542724609375
42,2.0271108561256828,2859.302256291649,2.8593022562916492,290.1576232910156,129.542724609375
42,2.0519641257652985,2859.302256291649,2.8593022562916492,290.2607727050781,129.542724609375
42,2.0771146187897664,2859.302256291649,2.8593022562916492,290.3638916015625,129.542724609375
42,2.10257337612131,2829.8928022075174,2.8298928022075174,290.4670104980469,129.64590454101562
42,2.1283441760907533,2829.8928022075174,2.8298928022075174,290.57012939453125,129.64590454101562
42,2.1544308433391257,2829.8928022075174,2.8298928022075174,290.6732482910156,129.64590454101562
42,2.1808451119557666,2829.8928022075174,2.8298928022075174,290.7763977050781,129.64590454101562
42,2.2075752721408195,2800.7944046661437,2.800794404666144,290.8795166015625,129.74905395507812
42,2.2346330582813336,2800.7944046661437,2.800794404666144,290.9826354980469,129.74905395507812
42,2.2620224860197884,2800.7944046661437,2.800794404666144,291.08575439453125,129.74905395507812
42,2.289747620217547,2800.7944046661437,2.800794404666144,291.1888732910156,129.74905395507812
42,2.317820931965628,2786.353340411033,2.786353340411033,291.2920227050781,129.80064392089844
42,2.3462299759880842,2771.986735151011,2.7719867351510112,291.3951416015625,129.85223388671875
42,2.374987223692343,2771.986735151011,2.7719867351510112,291.4982604980469,129.85223388671875
42,2.4040969429377497,2771.986735151011,2.7719867351510112,291.60137939453125,129.85223388671875
42,2.433563453893904,2757.698421365881,2.7576984213658813,291.7044982910156,129.90380859375
42,2.4634000109435457,2743.4837572516653,2.7434837572516653,291.8076477050781,129.95538330078125
42,2.4935933871404137,2743.4837572516653,2.7434837572516653,291.9107666015625,129.95538330078125
42,2.52415683720353,2743.4837572516653,2.7434837572516653,292.0138854980469,129.95538330078125
42,2.555094897050494,2743.4837572516653,2.7434837572516653,292.11700439453125,129.95538330078125
42,2.5864121581946935,2715.265558419445,2.715265558419445,292.2201232910156,130.05856323242188
42,2.6181227075080407,2715.265558419445,2.715265558419445,292.3232727050781,130.05856323242188
42,2.650212487278349,2715.265558419445,2.715265558419445,292.4263916015625,130.05856323242188
42,2.6826955847349345,2715.265558419445,2.715265558419445,292.5295104980469,130.05856323242188
42,2.7155768206900133,2687.3458165169786,2.6873458165169786,292.63262939453125,130.16171264648438
42,2.7488610750434845,2687.3458165169786,2.6873458165169786,292.7357482910156,130.16171264648438
42,2.782563319443909,2687.3458165169786,2.6873458165169786,292.8388977050781,130.16171264648438
42,2.816668613233932,2687.3458165169786,2.6873458165169786,292.9420166015625,130.16171264648438
42,2.8511919284419673,2659.7050264518007,2.6597050264518005,293.0451354980469,130.264892578125
42,2.88613838866868,2659.7050264518007,2.6597050264518005,293.14825439453125,130.264892578125
42,2.9215131803136307,2659.7050264518007,2.6597050264518005,293.2513732910156,130.264892578125
42,2.9573322153736084,2659.7050264518007,2.6597050264518005,293.3545227050781,130.264892578125
42,2.9935796147895446,2659.7050264518007,2.6597050264518005,293.4576416015625,130.264892578125
42,3.0302712909619403,2632.352561453334,2.632352561453334,293.5607604980469,130.36805725097656
42,3.0674126892976243,2632.352561453334,2.632352561453334,293.66387939453125,130.36805725097656
42,3.105009321946634,2632.352561453334,2.632352561453334,293.7669982910156,130.36805725097656
42,3.1430781003159396,2632.352561453334,2.632352561453334,293.8701477050781,130.36805725097656
42,3.1816021480050627,2605.281389806591,2.605281389806591,293.9732666015625,130.47122192382812
42,3.220598376850043,2605.281389806591,2.605281389806591,294.0763854980469,130.47122192382812
42,3.2600725742760672,2605.281389806591,2.605281389806591,294.17950439453125,130.47122192382812
42,3.3000305986435783,2605.281389806591,2.605281389806591,294.2826232910156,130.47122192382812
42,3.3404904235412785,2578.4846762932953,2.578484676293295,294.3857727050781,130.57440185546875
42,3.3814341125856684,2578.4846762932953,2.578484676293295,294.4888916015625,130.57440185546875
42,3.4228796398214643,2578.4846762932953,2.578484676293295,294.5920104980469,130.57440185546875
42,3.4648331561739076,2578.4846762932953,2.578484676293295,294.69512939453125,130.57440185546875
42,3.507300887958837,2551.9713850101107,2.551971385010111,294.7982482910156,130.67755126953125
42,3.5503019376608282,2551.9713850101107,2.551971385010111,294.9013977050781,130.67755126953125
42,3.593817242337312,2551.9713850101107,2.551971385010111,295.0045166015625,130.67755126953125
42,3.637865904957526,2551.9713850101107,2.551971385010111,295.1076354980469,130.67755126953125
42,3.6824544627776867,2525.722993429148,2.5257229934291483,295.21075439453125,130.78073120117188
42,3.727589533179791,2525.722993429148,2.5257229934291483,295.3138732910156,130.78073120117188
42,3.773291418448657,2525.722993429148,2.5257229934291483,295.4170227050781,130.78073120117188
42,3.819539858325053,2525.722993429148,2.5257229934291483,295.5201416015625,130.78073120117188
42,3.8663551556088946,2499.748402605532,2.4997484026055323,295.6232604980469,130.88389587402344
42,3.9137442581522874,2499.748402605532,2.4997484026055323,295.72637939453125,130.88389587402344
42,3.961714198965702,2499.748402605532,2.4997484026055323,295.8294982910156,130.88389587402344
42,4.0102865554919624,2499.748402605532,2.4997484026055323,295.9326477050781,130.88389587402344
42,4.059439794953398,2474.0409350453187,2.474040935045319,296.0357666015625,130.987060546875
42,4.109195495340286,2474.0409350453187,2.474040935045319,296.1388854980469,130.987060546875
42,4.159561040889571,2474.0409350453187,2.474040935045319,296.24200439453125,130.987060546875
42,4.210543906345235,2474.0409350453187,2.474040935045319,296.3451232910156,130.987060546875
42,4.262167024398997,2448.5940998527904,2.4485940998527904,296.4482727050781,131.09024047851562
42,4.31440750982965,2448.5940998527904,2.4485940998527904,296.5513916015625,131.09024047851562
42,4.367288295910748,2448.5940998527904,2.4485940998527904,296.6545104980469,131.09024047851562
42,4.420817230672791,2448.5940998527904,2.4485940998527904,296.75762939453125,131.09024047851562
42,4.4750022583379385,2423.4164095602823,2.423416409560282,296.8607482910156,131.19338989257812
42,4.5298677519680846,2423.4164095602823,2.423416409560282,296.9638977050781,131.19338989257812
42,4.585389388953401,2423.4164095602823,2.423416409560282,297.0670166015625,131.19338989257812
42,4.641591542974163,2423.4164095602823,2.423416409560282,297.1701354980469,131.19338989257812
42,4.6984825549846505,2398.493941895647,2.398493941895647,297.27325439453125,131.2965545654297
42,4.75607086817246,2398.493941895647,2.398493941895647,297.3763732910156,131.2965545654297
42,4.814382386437294,2398.493941895647,2.398493941895647,297.4795227050781,131.2965545654297
42,4.87339125950034,2398.493941895647,2.398493941895647,297.5826416015625,131.2965545654297
42,4.93312339191852,2373.827777436705,2.373827777436705,297.6857604980469,131.39971923828125
42,4.993587648529736,2373.827777436705,2.373827777436705,297.78887939453125,131.39971923828125
42,5.054793002826355,2373.827777436705,2.373827777436705,297.8919982910156,131.39971923828125
42,5.116766985695646,2373.827777436705,2.373827777436705,297.9951477050781,131.39971923828125
42,5.179482123239082,2349.411688207051,2.3494116882070513,298.0982666015625,131.50289916992188
42,5.242965947042431,2349.411688207051,2.3494116882070513,298.2013854980469,131.50289916992188
42,5.307227878731629,2349.411688207051,2.3494116882070513,298.30450439453125,131.50289916992188
42,5.372277455411493,2349.411688207051,2.3494116882070513,298.4076232910156,131.50289916992188
42,5.4381439371456795,2325.2502867247194,2.3252502867247196,298.5107727050781,131.60606384277344
42,5.504798124438658,2325.2502867247194,2.3252502867247196,298.6138916015625,131.60606384277344
42,5.572269278096456,2325.2502867247194,2.3252502867247196,298.7170104980469,131.60606384277344
42,5.6405674115041,2325.2502867247194,2.3252502867247196,298.82012939453125,131.60606384277344
42,5.70970266077858,2313.26292495532,2.3132629249553203,298.9232482910156,131.65764617919922
42,5.77970612376707,2301.337361626721,2.3013373616267208,299.0263977050781,131.709228515625
42,5.8505467669947215,2301.337361626721,2.3013373616267208,299.1295166015625,131.709228515625
42,5.922255689097706,2301.337361626721,2.3013373616267208,299.2326354980469,131.709228515625
42,5.994843532387713,2289.4750284014594,2.2894750284014593,299.33575439453125,131.76080322265625
42,6.068321069617005,2277.6738400356585,2.2776738400356584,299.4388732910156,131.8123779296875
42,6.142721351844888,2277.6738400356585,2.2776738400356584,299.5420227050781,131.8123779296875
42,6.218011396427515,2277.6738400356585,2.2776738400356584,299.6451416015625,131.8123779296875
42,6.2942242552627485,2254.2467455164406,2.2542467455164408,299.7482604980469,131.91555786132812
42,6.371371239090928,2254.2467455164406,2.2542467455164408,299.85137939453125,131.91555786132812
42,6.449463797285767,2254.2467455164406,2.2542467455164408,299.9544982910156,131.91555786132812
42,6.528537056797209,2254.2467455164406,2.2542467455164408,300.0576477050781,131.91555786132812
42,6.6085559633878495,2231.064022398115,2.231064022398115,300.1607666015625,132.0187225341797
42,6.68955564489885,2231.064022398115,2.231064022398115,300.2638854980469,132.0187225341797
42,6.771548122482281,2231.064022398115,2.231064022398115,300.36700439453125,132.0187225341797
42,6.854545564630945,2231.064022398115,2.231064022398115,300.4701232910156,132.0187225341797
42,6.938585304569197,2208.1197109142963,2.2081197109142963,300.5732727050781,132.12188720703125
42,7.02363008635219,2208.1197109142963,2.2081197109142963,300.6763916015625,132.12188720703125
42,7.109717244151483,2208.1197109142963,2.2081197109142963,300.7795104980469,132.12188720703125
42,7.196859554150825,2185.411359234491,2.1854113592344913,300.88262939453125,132.2250518798828
42,7.28506994912897,2185.411359234491,2.1854113592344913,300.9857482910156,132.2250518798828
42,7.37438810715769,2185.411359234491,2.1854113592344913,301.0888977050781,132.2250518798828
42,7.464774432298544,2185.411359234491,2.1854113592344913,301.1920166015625,132.2250518798828
42,7.556268603629988,2162.9365407428845,2.1629365407428844,301.2951354980469,132.32821655273438
42,7.648884199789945,2162.9365407428845,2.1629365407428844,301.39825439453125,132.32821655273438
42,7.7426349658468485,2162.9365407428845,2.1629365407428844,301.5013732910156,132.32821655273438
42,7.837563071996453,2162.9365407428845,2.1629365407428844,301.6045227050781,132.32821655273438
42,7.9336264353350066,2140.6895807574897,2.1406895807574897,301.7076416015625,132.431396484375
42,8.030867227128189,2140.6895807574897,2.1406895807574897,301.8107604980469,132.431396484375
42,8.129299878869109,2140.6895807574897,2.1406895807574897,301.91387939453125,132.431396484375
42,8.228938998934645,2118.677921381219,2.1186779213812192,302.0169982910156,132.5345458984375
42,8.329829406171356,2118.677921381219,2.1186779213812192,302.1201477050781,132.5345458984375
42,8.43192637450738,2118.677921381219,2.1186779213812192,302.2232666015625,132.5345458984375
42,8.535274723926394,2118.677921381219,2.1186779213812192,302.3263854980469,132.5345458984375
42,8.639889792343325,2096.8861849844025,2.0968861849844025,302.42950439453125,132.63772583007812
42,8.745787105666706,2096.8861849844025,2.0968861849844025,302.5326232910156,132.63772583007812
42,8.85301429775192,2096.8861849844025,2.0968861849844025,302.6357727050781,132.63772583007812
42,8.961523833345327,2075.3249344090846,2.0753249344090845,302.7388916015625,132.74087524414062
42,9.071363347510852,2075.3249344090846,2.0753249344090845,302.8420104980469,132.74087524414062
42,9.182549141516338,2075.3249344090846,2.0753249344090845,302.94512939453125,132.74087524414062
42,9.295097716430826,2075.3249344090846,2.0753249344090845,303.0482482910156,132.74087524414062
42,9.409059697925297,2064.6244343373537,2.064624434337354,303.1513977050781,132.79246520996094
42,9.524384565123553,2053.9791066870043,2.0539791066870046,303.2545166015625,132.84405517578125
42,9.641122944981023,2053.9791066870043,2.0539791066870046,303.3576354980469,132.84405517578125
42,9.759292162625286,2053.9791066870043,2.0539791066870046,303.46075439453125,132.84405517578125
42,9.878909755534377,2032.8559403717559,2.032855940371756,303.5638732910156,132.9472198486328
42,10.000029529106593,2032.8559403717559,2.032855940371756,303.6670227050781,132.9472198486328
42,10.122597789320436,2032.8559403717559,2.032855940371756,303.7701416015625,132.9472198486328
42,10.246668342939325,2032.8559403717559,2.032855940371756,303.8732604980469,132.9472198486328
42,10.37225960325778,2011.9500051635473,2.0119500051635475,303.97637939453125,133.05038452148438
42,10.49939020925822,2011.9500051635473,2.0119500051635475,304.0794982910156,133.05038452148438
42,10.628117345780474,2011.9500051635473,2.0119500051635475,304.1826477050781,133.05038452148438
42,10.758383946356927,1991.2560225087836,1.9912560225087836,304.2857666015625,133.153564453125
42,10.890247197278278,1991.2560225087836,1.9912560225087836,304.3888854980469,133.153564453125
42,11.023726668352232,1991.2560225087836,1.9912560225087836,304.49200439453125,133.153564453125
42,11.15884216924951,1991.2560225087836,1.9912560225087836,304.5951232910156,133.153564453125
42,11.295654476509478,1970.7809150049177,1.9707809150049178,304.6982727050781,133.2567138671875
42,11.434102939399777,1970.7809150049177,1.9707809150049178,304.8013916015625,133.2567138671875
42,11.57424833600176,1970.7809150049177,1.9707809150049178,304.9045104980469,133.2567138671875
42,11.716111465275283,1950.513360723067,1.9505133607230671,305.00762939453125,133.35987854003906
42,11.859713381108673,1950.513360723067,1.9505133607230671,305.1107482910156,133.35987854003906
42,12.005075395443363,1950.513360723067,1.9505133607230671,305.2138671875,133.35987854003906
42,12.152262893820799,1930.4542384152833,1.9304542384152834,305.3170166015625,133.46304321289062
42,12.30121062604713,1930.4542384152833,1.9304542384152834,305.4201354980469,133.46304321289062
42,12.451983979322751,1930.4542384152833,1.9304542384152834,305.52325439453125,133.46304321289062
42,12.60460532990116,1930.4542384152833,1.9304542384152834,305.6263732910156,133.46304321289062
42,12.759097328296894,1910.5984833403288,1.910598483340329,305.7294921875,133.56622314453125
42,12.915529466825491,1910.5984833403288,1.910598483340329,305.8326416015625,133.56622314453125
42,13.073832397020023,1910.5984833403288,1.910598483340329,305.9357604980469,133.56622314453125
42,13.234075612959126,1900.7487758285722,1.9007487758285722,306.03887939453125,133.61780548095703
42,13.396282896317393,1890.9498465095703,1.8909498465095704,306.1419982910156,133.6693878173828
42,13.560478320256383,1890.9498465095703,1.8909498465095704,306.2451171875,133.6693878173828
42,13.726686252997334,1890.9498465095703,1.8909498465095704,306.3482360839844,133.6693878173828
42,13.894981456820666,1881.201433606532,1.881201433606532,306.4513854980469,133.7209701538086
42,14.065289324203354,1871.503276692197,1.871503276692197,306.55450439453125,133.77255249023438
42,14.237684619322641,1871.503276692197,1.871503276692197,306.6576232910156,133.77255249023438
42,14.412192927341573,1871.503276692197,1.871503276692197,306.7607421875,133.77255249023438
42,14.588840147015164,1852.2595278467684,1.8522595278467684,306.8638610839844,133.87570190429688
42,14.767705736337694,1852.2595278467684,1.8522595278467684,306.9670104980469,133.87570190429688
42,14.948710401792377,1852.2595278467684,1.8522595278467684,307.07012939453125,133.87570190429688
42,15.131933603389449,1833.208047221997,1.8332080472219972,307.1732482910156,133.9788818359375
42,15.31740253326015,1833.208047221997,1.8332080472219972,307.2763671875,133.9788818359375
42,15.505144716823935,1833.208047221997,1.8332080472219972,307.3794860839844,133.9788818359375
42,15.695188016873544,1814.3580694092334,1.8143580694092334,307.48260498046875,134.08203125
42,15.887617917117558,1814.3580694092334,1.8143580694092334,307.58575439453125,134.08203125
42,16.082349110798077,1814.3580694092334,1.8143580694092334,307.6888732910156,134.08203125
42,16.279467083792518,1814.3580694092334,1.8143580694092334,307.7919921875,134.08203125
42,16.479001090353318,1795.696425570408,1.7956964255704082,307.8951110839844,134.18521118164062
42,16.68098074329611,1795.696425570408,1.7956964255704082,307.99822998046875,134.18521118164062
42,16.885496895441207,1795.696425570408,1.7956964255704082,308.10137939453125,134.18521118164062
42,17.092458882032997,1786.43907258599,1.78643907258599,308.2044982910156,134.2367935180664
42,17.30195755819686,1777.229444029295,1.777229444029295,308.3076171875,134.2883758544922
42,17.51402401560374,1777.229444029295,1.777229444029295,308.4107360839844,134.2883758544922
42,17.728689727008675,1777.229444029295,1.777229444029295,308.51385498046875,134.2883758544922
42,17.94605125157007,1758.9523773325755,1.7589523773325755,308.61700439453125,134.39154052734375
42,18.166012230006288,1758.9523773325755,1.7589523773325755,308.7201232910156,134.39154052734375
42,18.388669223925604,1758.9523773325755,1.7589523773325755,308.8232421875,134.39154052734375
42,18.61405527782315,1740.8606106914274,1.7408606106914275,308.9263610839844,134.49472045898438
42,18.842203841213532,1740.8606106914274,1.7408606106914275,309.02947998046875,134.49472045898438
42,19.07314877359499,1740.8606106914274,1.7408606106914275,309.1325988769531,134.49472045898438
42,19.306993956710755,1722.960196204173,1.722960196204173,309.2357482910156,134.59786987304688
42,19.543635723852077,1722.960196204173,1.722960196204173,309.3388671875,134.59786987304688
42,19.78317795939782,1722.960196204173,1.722960196204173,309.4419860839844,134.59786987304688
42,20.02565621377961,1722.960196204173,1.722960196204173,309.54510498046875,134.59786987304688
42,20.271106473163268,1705.238628409946,1.705238628409946,309.6482238769531,134.7010498046875
42,20.519639143958493,1705.238628409946,1.705238628409946,309.7513732910156,134.7010498046875
42,20.77114404829605,1705.238628409946,1.705238628409946,309.8544921875,134.7010498046875
42,21.025731595386844,1687.7044972677106,1.6877044972677107,309.9576110839844,134.80419921875
42,21.2834395685352,1687.7044972677106,1.6877044972677107,310.06072998046875,134.80419921875
42,21.544306214147472,1687.7044972677106,1.6877044972677107,310.1638488769531,134.80419921875
42,21.808370247408206,1679.0025914626729,1.679002591462673,310.2669677734375,134.8557891845703
42,22.075750447421203,1670.3455532068788,1.6703455532068787,310.3701171875,134.90737915039062
42,22.346328280954573,1670.3455532068788,1.6703455532068787,310.4732360839844,134.90737915039062
42,22.62022253012572,1670.3455532068788,1.6703455532068787,310.57635498046875,134.90737915039062
42,22.89747384354411,1653.1676827945382,1.6531676827945383,310.6794738769531,135.0105438232422
42,23.178123368040637,1653.1676827945382,1.6531676827945383,310.7825927734375,135.0105438232422
42,23.46229734306793,1653.1676827945382,1.6531676827945383,310.8857421875,135.0105438232422
42,23.749869790488145,1636.1664699793857,1.6361664699793859,310.9888610839844,135.11370849609375
42,24.04096695295677,1636.1664699793857,1.6361664699793859,311.09197998046875,135.11370849609375
42,24.335632032165353,1636.1664699793857,1.6361664699793859,311.1950988769531,135.11370849609375
42,24.633908759319503,1619.3400980108056,1.6193400980108057,311.2982177734375,135.2168731689453
42,24.9359313027946,1619.3400980108056,1.6193400980108057,311.4013671875,135.2168731689453
42,25.24156577194286,1619.3400980108056,1.6193400980108057,311.5044860839844,135.2168731689453
42,25.5509463385437,1610.9919147234518,1.610991914723452,311.60760498046875,135.2684555053711
42,25.86411891772631,1602.686768821686,1.602686768821686,311.7107238769531,135.32003784179688
42,26.181129987391902,1602.686768821686,1.602686768821686,311.8138427734375,135.32003784179688
42,26.502122142843188,1602.686768821686,1.602686768821686,311.9169921875,135.32003784179688
42,26.82695308394874,1586.2047028362763,1.5862047028362762,312.0201110839844,135.42320251464844
42,27.155765409629115,1586.2047028362763,1.5862047028362762,312.12322998046875,135.42320251464844
42,27.488607918878255,1586.2047028362763,1.5862047028362762,312.2263488769531,135.42320251464844
42,27.825530008809157,1569.892138780022,1.569892138780022,312.3294677734375,135.5263671875
42,28.166683230935295,1569.892138780022,1.569892138780022,312.4326171875,135.5263671875
42,28.51191634745376,1569.892138780022,1.569892138780022,312.5357360839844,135.5263671875
42,28.861380913723117,1553.7473334913568,1.5537473334913567,312.63885498046875,135.62953186035156
42,29.21512879373362,1553.7473334913568,1.5537473334913567,312.7419738769531,135.62953186035156
42,29.573212487161587,1553.7473334913568,1.5537473334913567,312.8450927734375,135.62953186035156
42,29.935793064258323,1537.7685617354216,1.5377685617354215,312.9482421875,135.73269653320312
42,30.302709788186778,1537.7685617354216,1.5377685617354215,313.0513610839844,135.73269653320312
42,30.67412373328488,1537.7685617354216,1.5377685617354215,313.15447998046875,135.73269653320312
42,31.050090021047303,1529.839734623902,1.5298397346239019,313.2575988769531,135.78428649902344
42,31.4306644485813,1521.9517890214247,1.5219517890214247,313.3607177734375,135.83587646484375
42,31.816018202734583,1521.9517890214247,1.5219517890214247,313.4638671875,135.83587646484375
42,32.205980451015016,1521.9517890214247,1.5219517890214247,313.5669860839844,135.83587646484375
42,32.600722384613526,1506.3023064116242,1.506302306411624,313.67010498046875,135.93902587890625
42,33.00030258712854,1506.3023064116242,1.506302306411624,313.7732238769531,135.93902587890625
42,33.40478036020528,1506.3023064116242,1.506302306411624,313.8763427734375,135.93902587890625
42,33.81433764269701,1490.80918097525,1.49080918097525,313.9794921875,136.04220581054688
42,34.228792872362625,1490.80918097525,1.49080918097525,314.0826110839844,136.04220581054688
42,34.64832799267142,1490.80918097525,1.49080918097525,314.18572998046875,136.04220581054688
42,35.0730052667754,1475.479922505633,1.4754799225056332,314.2888488769531,136.14535522460938
42,35.50288772097287,1475.479922505633,1.4754799225056332,314.3919677734375,136.14535522460938
42,35.93816872144108,1475.479922505633,1.4754799225056332,314.4951171875,136.14535522460938
42,36.378655302269415,1460.30382178473,1.46030382178473,314.5982360839844,136.24853515625
42,36.82454083454109,1460.30382178473,1.46030382178473,314.70135498046875,136.24853515625
42,37.275891492069235,1460.30382178473,1.46030382178473,314.8044738769531,136.24853515625
42,37.732774259745526,1452.7755181414989,1.452775518141499,314.9075927734375,136.30011749267578
42,38.19539464880535,1445.2860251586944,1.4452860251586945,315.0107421875,136.35169982910156
42,38.663547573420075,1445.2860251586944,1.4452860251586945,315.1138610839844,136.35169982910156
42,39.137438550039285,1445.2860251586944,1.4452860251586945,315.21697998046875,136.35169982910156
42,39.61713790876038,1430.4226718835127,1.4304226718835127,315.3200988769531,136.45486450195312
42,40.10271684170201,1430.4226718835127,1.4304226718835127,315.4232177734375,136.45486450195312
42,40.59439376797181,1430.4226718835127,1.4304226718835127,315.5263671875,136.45486450195312
42,41.09195072058815,1415.710009101153,1.415710009101153,315.6294860839844,136.55804443359375
42,41.59560612420029,1415.710009101153,1.415710009101153,315.73260498046875,136.55804443359375
42,42.10543472624032,1415.710009101153,1.415710009101153,315.8357238769531,136.55804443359375
42,42.621512190303946,1401.1529585245403,1.4011529585245404,315.9388427734375,136.66119384765625
42,43.14407065409628,1401.1529585245403,1.4011529585245404,316.0419921875,136.66119384765625
42,43.67287846043563,1401.1529585245403,1.4011529585245404,316.1451110839844,136.66119384765625
42,44.20816775291677,1393.9285296726473,1.3939285296726474,316.24822998046875,136.71278381347656
42,44.750017973753145,1386.7413504100432,1.3867413504100432,316.3513488769531,136.76437377929688
42,45.298509538864664,1386.7413504100432,1.3867413504100432,316.4544677734375,136.76437377929688
42,45.85388916619981,1386.7413504100432,1.3867413504100432,316.5576171875,136.76437377929688
42,46.415910648514526,1372.4821703203197,1.3724821703203198,316.6607360839844,136.86752319335938
42,46.9848207100169,1372.4821703203197,1.3724821703203198,316.76385498046875,136.86752319335938
42,47.560703782574215,1358.3654566079058,1.3583654566079058,316.8669738769531,136.970703125
42,48.1436453329175,1358.3654566079058,1.3583654566079058,316.9700927734375,136.970703125
42,48.73390757500321,1358.3654566079058,1.3583654566079058,317.0732421875,136.970703125
42,49.331228837655914,1344.395996371723,1.344395996371723,317.1763610839844,137.07386779785156
42,49.935871341484855,1344.395996371723,1.344395996371723,317.27947998046875,137.07386779785156
42,50.547924821404415,1344.395996371723,1.344395996371723,317.3825988769531,137.07386779785156
42,51.16748011219093,1337.465232289314,1.337465232289314,317.4857177734375,137.12545013427734
42,51.79481589709147,1330.5701983718989,1.330570198371899,317.5888671875,137.17703247070312
42,52.429654069731306,1330.5701983718989,1.330570198371899,317.6919860839844,137.17703247070312
42,53.07227332042813,1330.5701983718989,1.330570198371899,317.79510498046875,137.17703247070312
42,53.72276902022028,1316.8865851828357,1.3168865851828357,317.8982238769531,137.2801971435547
42,54.381237709088886,1316.8865851828357,1.3168865851828357,318.0013427734375,137.2801971435547
42,55.047975573984566,1316.8865851828357,1.3168865851828357,318.1044921875,137.2801971435547
42,55.72268704106161,1303.343694572812,1.303343694572812,318.2076110839844,137.38336181640625
42,56.405668304785266,1303.343694572812,1.303343694572812,318.31072998046875,137.38336181640625
42,57.09702072631499,1303.343694572812,1.303343694572812,318.4138488769531,137.38336181640625
42,57.7968469091726,1289.942051610176,1.2899420516101758,318.5169677734375,137.48651123046875
42,58.50546164339521,1289.942051610176,1.2899420516101758,318.6201171875,137.48651123046875
42,59.22255079055888,1283.2910328771907,1.2832910328771907,318.7232360839844,137.53810119628906
42,59.9484291486874,1276.6743071964652,1.2766743071964652,318.82635498046875,137.58969116210938
42,60.683204445292304,1276.6743071964652,1.2766743071964652,318.9294738769531,137.58969116210938
42,61.42698572827866,1276.6743071964652,1.2766743071964652,319.0325927734375,137.58969116210938
42,62.18010755920387,1263.5449605378165,1.2635449605378164,319.1357421875,137.69285583496094
42,62.94223606905059,1263.5449605378165,1.2635449605378164,319.2388610839844,137.69285583496094
42,63.71370582786456,1263.5449605378165,1.2635449605378164,319.34197998046875,137.69285583496094
42,64.49463132937107,1250.5506363690174,1.2505506363690175,319.4450988769531,137.7960205078125
42,65.28512847062105,1250.5506363690174,1.2505506363690175,319.5482177734375,137.7960205078125
42,66.08555282651369,1250.5506363690174,1.2505506363690175,319.6513671875,137.7960205078125
42,66.89554955818724,1237.6880537444442,1.2376880537444443,319.7544860839844,137.89920043945312
42,67.71547424956246,1237.6880537444442,1.2376880537444443,319.85760498046875,137.89920043945312
42,68.54544858555481,1237.6880537444442,1.2376880537444443,319.9607238769531,137.89920043945312
42,69.38559574254616,1224.9615154840665,1.2249615154840665,320.0638427734375,138.00234985351562
42,70.23629362859607,1224.9615154840665,1.2249615154840665,320.1669921875,138.00234985351562
42,71.097165117912,1224.9615154840665,1.2249615154840665,320.2701110839844,138.00234985351562
42,71.96858812814156,1212.3621306638063,1.2123621306638064,320.37322998046875,138.10552978515625
42,72.85069198705897,1212.3621306638063,1.2123621306638064,320.4763488769531,138.10552978515625
42,73.74360760758174,1212.3621306638063,1.2123621306638064,320.5794677734375,138.10552978515625
42,74.64773663364404,1199.8960064294736,1.1998960064294737,320.6826171875,138.20867919921875
42,75.56267825271188,1199.8960064294736,1.1998960064294737,320.7857360839844,138.20867919921875
42,76.48883411890962,1199.8960064294736,1.1998960064294737,320.88885498046875,138.20867919921875
42,77.42634168290753,1187.5544337855981,1.187554433785598,320.9919738769531,138.31185913085938
42,78.3753400800797,1187.5544337855981,1.187554433785598,321.0950927734375,138.31185913085938
42,79.33625618105194,1187.5544337855981,1.187554433785598,321.1982421875,138.31185913085938
42,80.30866399881765,1175.341597865507,1.175341597865507,321.3013610839844,138.41502380371094
42,81.29299041483299,1175.341597865507,1.175341597865507,321.40447998046875,138.41502380371094
42,82.2893815128517,1175.341597865507,1.175341597865507,321.5075988769531,138.41502380371094
42,83.29798516714555,1163.254359018668,1.1632543590186681,321.6107177734375,138.5181884765625
42,84.3192550594851,1163.254359018668,1.1632543590186681,321.7138671875,138.5181884765625
42,85.35273844721782,1163.254359018668,1.1632543590186681,321.8169860839844,138.5181884765625
42,86.39888902362487,1151.2914256020172,1.1512914256020172,321.92010498046875,138.62135314941406
42,87.45786204777559,1151.2914256020172,1.1512914256020172,322.0232238769531,138.62135314941406
42,88.529814681717,1145.3561734274485,1.1453561734274487,322.1263427734375,138.67293548583984
42,89.61522910233495,1139.4515192557758,1.139451519255776,322.2294921875,138.72451782226562
42,90.71362413084631,1139.4515192557758,1.139451519255776,322.3326110839844,138.72451782226562
42,91.82548195637051,1139.4515192557758,1.139451519255776,322.43572998046875,138.72451782226562
42,92.95096758958098,1127.731650514054,1.127731650514054,322.5388488769531,138.82769775390625
42,94.09024806365234,1127.731650514054,1.127731650514054,322.6419677734375,138.82769775390625
42,95.24383584032364,1127.731650514054,1.127731650514054,322.7451171875,138.82769775390625
42,96.41121951864805,1116.1357399336086,1.1161357399336087,322.8482360839844,138.93084716796875
42,97.59291157336648,1116.1357399336086,1.1161357399336087,322.95135498046875,138.93084716796875
42,98.78908737924128,1104.6573754321128,1.1046573754321127,323.0544738769531,139.0340118408203
42,99.99992446056623,1104.6573754321128,1.1046573754321127,323.1575927734375,139.0340118408203
42,101.22596746608284,1104.6573754321128,1.1046573754321127,323.2607421875,139.0340118408203
42,102.46667287446867,1098.9625357556517,1.0989625357556518,323.3638610839844,139.0855941772461
42,103.7225853482838,1093.2970546836439,1.0932970546836438,323.46697998046875,139.13717651367188
42,104.99389127733305,1093.2970546836439,1.0932970546836438,323.5700988769531,139.13717651367188
42,106.28077933596188,1093.2970546836439,1.0932970546836438,323.6732177734375,139.13717651367188
42,107.58382838153489,1082.051909313201,1.0820519093132008,323.7763671875,139.2403564453125
42,108.90246075491822,1082.051909313201,1.0820519093132008,323.8794860839844,139.2403564453125
42,110.23725532816276,1070.924063675559,1.070924063675559,323.98260498046875,139.34352111816406
42,111.58841019795533,1070.924063675559,1.070924063675559,324.0857238769531,139.34352111816406
42,112.95612588901228,1070.924063675559,1.070924063675559,324.1888427734375,139.34352111816406
42,114.34101761591634,1065.4031293261994,1.0654031293261994,324.2919921875,139.39510345458984
42,115.74247143757474,1059.9106570472375,1.0599106570472374,324.3951110839844,139.44668579101562
42,117.16110258417908,1059.9106570472375,1.0599106570472374,324.49822998046875,139.44668579101562
42,118.59712159459106,1059.9106570472375,1.0599106570472374,324.6013488769531,139.44668579101562
42,120.05074158820294,1049.0121164265327,1.0490121164265327,324.7044677734375,139.54983520507812
42,121.52261642036176,1049.0121164265327,1.0490121164265327,324.8076171875,139.54983520507812
42,123.01209358919652,1038.222465348596,1.038222465348596,324.9107360839844,139.65301513671875
42,124.51982696664358,1038.222465348596,1.038222465348596,325.01385498046875,139.65301513671875
42,126.04604031521492,1038.222465348596,1.038222465348596,325.1169738769531,139.65301513671875
42,127.59096014003266,1027.5453626768171,1.0275453626768172,325.2200927734375,139.7561798095703
42,129.15528136418047,1027.5453626768171,1.0275453626768172,325.3232421875,139.7561798095703
42,130.7383105030604,1027.5453626768171,1.0275453626768172,325.4263610839844,139.7561798095703
42,132.3407424973876,1016.9780635637829,1.016978063563783,325.52947998046875,139.85934448242188
42,133.96281516388322,1016.9780635637829,1.016978063563783,325.6325988769531,139.85934448242188
42,135.6047692341381,1016.9780635637829,1.016978063563783,325.7357177734375,139.85934448242188
42,137.26734327837926,1006.5178998650566,1.0065178998650566,325.8388671875,139.9625244140625
42,138.94980025521468,1006.5178998650566,1.0065178998650566,325.9419860839844,139.9625244140625
42,140.65287875361028,1006.5178998650566,1.0065178998650566,326.04510498046875,139.9625244140625
42,142.3768315272216,996.1683707380408,0.9961683707380409,326.1482238769531,140.065673828125
42,144.1219144276528,996.1683707380408,0.9961683707380409,326.2513427734375,140.065673828125
42,145.88891241369,991.0320667570096,0.9910320667570096,326.3544921875,140.1172637939453
42,147.6770421514062,985.9222458679542,0.9859222458679542,326.4576110839844,140.16885375976562
42,149.48708861950294,985.9222458679542,0.9859222458679542,326.56072998046875,140.16885375976562
42,151.31932044673852,985.9222458679542,0.9859222458679542,326.6638488769531,140.16885375976562
42,153.17400955439706,975.7844917336737,0.9757844917336738,326.7669677734375,140.27200317382812
42,155.05143119664476,975.7844917336737,0.9757844917336738,326.8700866699219,140.27200317382812
42,156.9524298597883,965.7480259691665,0.9657480259691665,326.9732360839844,140.37518310546875
42,158.8761628056017,965.7480259691665,0.9657480259691665,327.07635498046875,140.37518310546875
42,160.82347454181732,965.7480259691665,0.9657480259691665,327.1794738769531,140.37518310546875
42,162.79465406871387,955.8162520262109,0.9558162520262109,327.2825927734375,140.4783477783203
42,164.78999392878515,955.8162520262109,0.9558162520262109,327.3857116699219,140.4783477783203
42,166.81039164933733,955.8162520262109,0.9558162520262109,327.4888610839844,140.4783477783203
42,168.85495156093947,945.9866166649572,0.9459866166649572,327.59197998046875,140.58151245117188
42,170.92457121366922,945.9866166649572,0.9459866166649572,327.6950988769531,140.58151245117188
42,173.01955775950657,945.9866166649572,0.9459866166649572,327.7982177734375,140.58151245117188
42,175.1402221151293,936.2580694899845,0.9362580694899845,327.9013366699219,140.68467712402344
42,177.28751818027345,936.2580694899845,0.9362580694899845,328.0044860839844,140.68467712402344
42,179.4604940297685,936.2580694899845,0.9362580694899845,328.10760498046875,140.68467712402344
42,181.66010358755253,926.6295709081612,0.9266295709081612,328.2107238769531,140.787841796875
42,183.88667329739016,926.6295709081612,0.9266295709081612,328.3138427734375,140.787841796875
42,186.14053360419925,926.6295709081612,0.9266295709081612,328.4169616699219,140.787841796875
42,188.42201900309098,917.0986898134266,0.9170986898134267,328.52008056640625,140.89102172851562
42,190.73215573299584,917.0986898134266,0.9170986898134267,328.62322998046875,140.89102172851562
42,193.06991967929065,917.0986898134266,0.9170986898134267,328.7263488769531,140.89102172851562
42,195.43633710694309,907.6686144974838,0.9076686144974838,328.8294677734375,140.99417114257812
42,197.8317592156518,907.6686144974838,0.9076686144974838,328.9325866699219,140.99417114257812
42,200.25654150969692,898.3341304996954,0.8983341304996955,329.03570556640625,141.0973358154297
42,202.71177468463534,898.3341304996954,0.8983341304996955,329.13885498046875,141.0973358154297
42,205.19637030264207,898.3341304996954,0.8983341304996955,329.2419738769531,141.0973358154297
42,207.7114190869467,893.702948956108,0.893702948956108,329.3450927734375,141.14891815185547
42,210.2572942956082,889.0956425406742,0.8890956425406743,329.4482116699219,141.20050048828125
42,212.8343737616308,889.0956425406742,0.8890956425406743,329.55133056640625,141.20050048828125
42,215.44303994903916,879.9508179884026,0.8799508179884026,329.6544494628906,141.30368041992188
42,218.08446626652528,879.9508179884026,0.8799508179884026,329.7575988769531,141.30368041992188
42,220.75748173434465,879.9508179884026,0.8799508179884026,329.8607177734375,141.30368041992188
42,223.46325979096054,870.9013844196315,0.8709013844196316,329.9638366699219,141.40684509277344
42,226.20220200053808,870.9013844196315,0.8709013844196316,330.06695556640625,141.40684509277344
42,228.9747148491297,866.4116268997147,0.8664116268997147,330.1700744628906,141.45842742919922
42,231.78204544558076,861.9450154247453,0.8619450154247453,330.2732238769531,141.510009765625
42,234.62294926255265,861.9450154247453,0.8619450154247453,330.3763427734375,141.510009765625
42,237.49867344053123,861.9450154247453,0.8619450154247453,330.4794616699219,141.510009765625
42,240.4096447653631,853.082058249099,0.853082058249099,330.58258056640625,141.6131591796875
42,243.35629525391928,853.082058249099,0.853082058249099,330.6856994628906,141.6131591796875
42,246.33995034420033,844.3076526867392,0.8443076526867392,330.7888488769531,141.71633911132812
42,249.35928734185322,844.3076526867392,0.8443076526867392,330.8919677734375,141.71633911132812
42,252.41563171850677,844.3076526867392,0.8443076526867392,330.9950866699219,141.71633911132812
42,255.50943706582748,835.6247742139853,0.8356247742139854,331.09820556640625,141.8195037841797
42,258.6411625350596,835.6247742139853,0.8356247742139854,331.2013244628906,141.8195037841797
42,261.8112729051674,835.6247742139853,0.8356247742139854,331.304443359375,141.8195037841797
42,265.02119412903164,827.0311906544455,0.8270311906544455,331.4075927734375,141.92266845703125
42,268.26950320548417,827.0311906544455,0.8270311906544455,331.5107116699219,141.92266845703125
42,271.55762612358376,827.0311906544455,0.8270311906544455,331.61383056640625,141.92266845703125
42,274.8860508732197,818.5259836972688,0.8185259836972688,331.7169494628906,142.0258331298828
42,278.2552714254708,818.5259836972688,0.8185259836972688,331.820068359375,142.0258331298828
42,281.66680329531573,810.1082444755307,0.8101082444755306,331.9232177734375,142.12899780273438
42,285.1191341048814,810.1082444755307,0.8101082444755306,332.0263366699219,142.12899780273438
42,288.6137794075973,810.1082444755307,0.8101082444755306,332.12945556640625,142.12899780273438
42,292.1512578433126,801.7758475886128,0.8017758475886129,332.2325744628906,142.232177734375
42,295.73209440873615,801.7758475886128,0.8017758475886129,332.335693359375,142.232177734375
42,299.3568205353512,801.7758475886128,0.8017758475886129,332.4388122558594,142.232177734375
42,303.0270666675447,793.5315804085967,0.7935315804085967,332.5419616699219,142.3353271484375
42,306.74120573593837,793.5315804085967,0.7935315804085967,332.64508056640625,142.3353271484375
42,310.50086822628595,789.4400838953046,0.7894400838953046,332.7481994628906,142.3869171142578
42,314.30661210960255,785.3696833839001,0.7853696833839001,332.851318359375,142.43850708007812
42,318.1590021958369,785.3696833839001,0.7853696833839001,332.9544372558594,142.43850708007812
42,322.0597713352991,785.3696833839001,0.7853696833839001,333.0575866699219,142.43850708007812
42,326.0071902646672,777.2941127311105,0.7772941127311106,333.16070556640625,142.54165649414062
42,330.00299187821633,777.2941127311105,0.7772941127311106,333.2638244628906,142.54165649414062
42,334.04776919233785,769.2992267522217,0.7692992267522217,333.366943359375,142.64483642578125
42,338.14212249190035,769.2992267522217,0.7692992267522217,333.4700622558594,142.64483642578125
42,342.2878934651094,769.2992267522217,0.7692992267522217,333.5732116699219,142.64483642578125
42,346.4832442360413,761.3877365817643,0.7613877365817644,333.67633056640625,142.7480010986328
42,350.730016539628,761.3877365817643,0.7613877365817644,333.7794494628906,142.7480010986328
42,355.0288406387879,761.3877365817643,0.7613877365817644,333.882568359375,142.7480010986328
42,359.3803545214396,753.5576083502516,0.7535576083502517,333.9856872558594,142.85116577148438
42,363.7865155496397,753.5576083502516,0.7535576083502517,334.0888366699219,142.85116577148438
42,368.2453704130568,745.8068650233579,0.7458068650233579,334.19195556640625,142.954345703125
42,372.75887652340947,745.8068650233579,0.7458068650233579,334.2950744628906,142.954345703125
42,377.32770372954496,745.8068650233579,0.7458068650233579,334.398193359375,142.954345703125
42,381.95253009050737,738.1380993971108,0.7381380993971107,334.5013122558594,143.0574951171875
42,386.6354359075164,738.1380993971108,0.7381380993971107,334.6044616699219,143.0574951171875
42,391.3743451855612,738.1380993971108,0.7381380993971107,334.70758056640625,143.0574951171875
42,396.1713382786413,730.5470709458352,0.7305470709458353,334.8106994628906,143.16065979003906
42,401.02712710787097,730.5470709458352,0.7305470709458353,334.913818359375,143.16065979003906
42,405.9424323202305,730.5470709458352,0.7305470709458353,335.0169372558594,143.16065979003906
42,410.9194648777391,723.0341087981351,0.7230341087981351,335.1200866699219,143.26382446289062
42,415.9560183950532,723.0341087981351,0.7230341087981351,335.22320556640625,143.26382446289062
42,421.0543038902875,715.5973160011616,0.7155973160011616,335.3263244628906,143.36700439453125
42,426.21507799932044,715.5973160011616,0.7155973160011616,335.429443359375,143.36700439453125
42,431.43910663195896,715.5973160011616,0.7155973160011616,335.5325622558594,143.36700439453125
42,436.7287396176424,711.9081974761182,0.7119081974761182,335.6357116699219,143.41858673095703
42,442.08163199106133,708.2380974621674,0.7082380974621674,335.73883056640625,143.4701690673828
42,447.5001336412741,708.2380974621674,0.7082380974621674,335.8419494628906,143.4701690673828
42,452.98504872739665,700.9545612885114,0.7009545612885114,335.945068359375,143.57333374023438
42,458.5371912649557,700.9545612885114,0.7009545612885114,336.0481872558594,143.57333374023438
42,464.159058672879,693.7469898685264,0.6937469898685265,336.1513366699219,143.67648315429688
42,469.8481587018778,693.7469898685264,0.6937469898685265,336.25445556640625,143.67648315429688
42,475.60698883424357,693.7469898685264,0.6937469898685265,336.3575744628906,143.67648315429688
42,481.43640373719785,693.7469898685264,0.6937469898685265,336.460693359375,143.67648315429688
42,487.33726855343843,686.6114307650254,0.6866114307650254,336.5638122558594,143.7796630859375
42,493.31223756127156,686.6114307650254,0.6866114307650254,336.6669616699219,143.7796630859375
42,499.3586619767287,679.5503037074119,0.6795503037074119,336.77008056640625,143.88282775878906
42,505.47919614545805,679.5503037074119,0.6795503037074119,336.8731994628906,143.88282775878906
42,511.6747484151297,676.0470183288214,0.6760470183288214,336.976318359375,143.93441009521484
42,517.9462382668403,672.561793435785,0.672561793435785,337.0794372558594,143.98599243164062
42,524.2964866903886,672.561793435785,0.672561793435785,337.1825866699219,143.98599243164062
42,530.7226785354053,672.561793435785,0.672561793435785,337.28570556640625,143.98599243164062
42,537.2276348632619,665.6451531575202,0.6656451531575203,337.3888244628906,144.0891571044922
42,543.8123210736704,665.6451531575202,0.6656451531575203,337.491943359375,144.0891571044922
42,550.4777143990445,658.7996437600254,0.6587996437600254,337.5950622558594,144.19232177734375
42,557.2268130115923,658.7996437600254,0.6587996437600254,337.6982116699219,144.19232177734375
42,564.0566249453012,658.7996437600254,0.6587996437600254,337.80133056640625,144.19232177734375
42,570.9701484484477,652.0235368160422,0.6520235368160422,337.9044494628906,144.29550170898438
42,577.9684095561445,652.0235368160422,0.6520235368160422,338.007568359375,144.29550170898438
42,585.0524468794009,652.0235368160422,0.6520235368160422,338.1106872558594,144.29550170898438
42,592.2254469014134,645.3190990840534,0.6453190990840534,338.2138366699219,144.39865112304688
42,599.4842297349827,645.3190990840534,0.6453190990840534,338.31695556640625,144.39865112304688
42,606.8319819441521,638.681646757226,0.6386816467572259,338.4200744628906,144.5018310546875
42,614.2697940078588,638.681646757226,0.6386816467572259,338.523193359375,144.5018310546875
42,621.7987697708118,638.681646757226,0.6386816467572259,338.6263122558594,144.5018310546875
42,629.4222958547439,632.1143971267015,0.6321143971267016,338.7294616699219,144.60498046875
42,637.1369926482046,632.1143971267015,0.6321143971267016,338.83258056640625,144.60498046875
42,644.9462468588516,632.1143971267015,0.6321143971267016,338.9356994628906,144.60498046875
42,652.8512174570733,625.6127622270297,0.6256127622270298,339.038818359375,144.70816040039062
42,660.8530776185153,625.6127622270297,0.6256127622270298,339.1419372558594,144.70816040039062
42,668.9554266738672,619.1789468184696,0.6191789468184696,339.2450866699219,144.8113250732422
42,677.1546727430285,619.1789468184696,0.6191789468184696,339.34820556640625,144.8113250732422
42,685.4544152480083,619.1789468184696,0.6191789468184696,339.4513244628906,144.8113250732422
42,693.8558859525004,612.8112969090979,0.612811296909098,339.554443359375,144.91448974609375
42,702.3603317176651,612.8112969090979,0.612811296909098,339.6575622558594,144.91448974609375
42,710.9715779430996,612.8112969090979,0.612811296909098,339.7607116699219,144.91448974609375
42,719.6858071477569,606.5091320514656,0.6065091320514656,339.86383056640625,145.0176544189453
42,728.5068448282902,606.5091320514656,0.6065091320514656,339.9669494628906,145.0176544189453
42,737.4360001137395,600.2717787958601,0.6002717787958601,340.070068359375,145.12081909179688
42,746.4745981788665,600.2717787958601,0.6002717787958601,340.1731872558594,145.12081909179688
42,755.6267046912465,600.2717787958601,0.6002717787958601,340.2763366699219,145.12081909179688
42,764.8882623992064,594.0985706183409,0.5940985706183409,340.37945556640625,145.22398376464844
42,774.2633370734744,594.0985706183409,0.5940985706183409,340.4825744628906,145.22398376464844
42,783.7533200676484,594.0985706183409,0.5940985706183409,340.585693359375,145.22398376464844
42,793.359619788854,587.988847849513,0.587988847849513,340.6888122558594,145.3271484375
42,803.0865572635423,587.988847849513,0.587988847849513,340.7919616699219,145.3271484375
42,812.9298204097573,581.9419576040374,0.5819419576040374,340.89508056640625,145.43031311035156
42,822.8937303635788,581.9419576040374,0.5819419576040374,340.9981994628906,145.43031311035156
42,832.9797658675714,581.9419576040374,0.5819419576040374,341.101318359375,145.43031311035156
42,843.1894237889348,578.9418724887186,0.5789418724887185,341.2044372558594,145.48189544677734
42,853.5272965517258,575.9572537108617,0.5759572537108617,341.3075866699219,145.53347778320312
42,863.988801238174,575.9572537108617,0.5759572537108617,341.41070556640625,145.53347778320312
42,874.5785303888505,570.0332250880883,0.5700332250880883,341.5138244628906,145.63665771484375
42,885.2980556240641,570.0332250880883,0.5700332250880883,341.616943359375,145.63665771484375
42,896.1489678271437,564.1718534550478,0.5641718534550478,341.7200622558594,145.73980712890625
42,907.1361478658507,564.1718534550478,0.5641718534550478,341.8232116699219,145.73980712890625
42,918.2547249757862,564.1718534550478,0.5641718534550478,341.92633056640625,145.73980712890625
42,929.5095801485465,558.3690439817798,0.5583690439817798,342.0294494628906,145.84298706054688
42,940.902383715706,558.3690439817798,0.5583690439817798,342.132568359375,145.84298706054688
42,952.434826481742,558.3690439817798,0.5583690439817798,342.2356872558594,145.84298706054688
42,964.1120958748681,552.6276093931966,0.5526276093931967,342.3388366699219,145.94613647460938
42,975.9290152048114,552.6276093931966,0.5526276093931967,342.44195556640625,145.94613647460938
42,987.8907720313985,546.943538648905,0.546943538648905,342.5450744628906,146.04931640625
42,999.9991415973846,546.943538648905,0.546943538648905,342.648193359375,146.04931640625
